"Id","IdString","Name","Lim","Rarity","Collection","Energy","Power","EffectDescription","EffectJSON","CombosWith"
"1","OMA001","Sea Otter","0","Cmmn","Ocean Mammals","7","58","NULL","NULL","[]"
"2","OMA002","Polar Bear","0","Epic","Ocean Mammals","7","70","When played, if you are winning the round, this card has +34 Power.","{'Effects': [{'TriggerTime': 'PLAY','Target':{'Who':'SELF','Where':'CARDS_IN_HAND','What':'NAME','CompareTo':'Polar Bear'},'Effect':{'Type':'POWER','Value':'+34'},'Duration':'END_TURN','Conditions':[{'Type':'ROUND_STATE','Value':'Win'}]}],'Combos':'[]'}","[]"
"3","OMA003","Elephant Seal","0","Cmmn","Ocean Mammals","8","71","NULL","NULL","[]"
"4","OMA004","Bottlenose Dolphin","0","Rare","Ocean Mammals","7","52","When drawn, reduce the energy cost of Ocean Mammals in your hand by 2 for the rest of the game. ","{'Effects': [{'TriggerTime': 'DRAW','Target':{'Who':'SELF','Where':'CARDS_IN_HAND','What':'COLLECTION','CompareTo':'Ocean Mammals'},'Effect':{'Type':'ENERGY','Value':'-2'},'Duration':'PERMANENT',}],'Combos':'[Ocean Mammals]'}","[Ocean Mammals]"
"5","OMA005","Beluga Whale","0","Cmmn","Ocean Mammals","2","7","When played, all Oceans and Seas cards have +10 Power this turn.","{'Effects': [{'TriggerTime': 'PLAY','Target':{'Who':'BOTH','Where':'CARDS_IN_DECK','What':'ALBUM','CompareTo':'Oceans and Seas'},'Effect':{'Type':'POWER','Value':'+10'},'Duration':'END_TURN',}],'Combos':'[Oceans and Seas]'}","[Oceans and Seas]"
"6","OMA006","Leopard Seal","0","Cmmn","Ocean Mammals","4","36","NULL","NULL","[]"
"7","OMA007","Sperm Whale","0","Rare","Ocean Mammals","1","5","When returned to your deck, if you are losing the round, gain +4 Energy.","{'Effects': [{'TriggerTime': 'RETURN','Target':{'Who':'SELF'},'Effect':{'Type':'ENERGY','Value':'+4'},'Duration':'PERMANENT',}],'Combos':'[]'}","[]"
"8","OMA008","Spotted Dolphin","0","Cmmn","Ocean Mammals","8","68","NULL","NULL","[]"
"9","OMA009","Orca","0","Lgnd","Ocean Mammals","4","74","When played, all Oceans and Seas cards have -20 Power this turn.","{'Effects': [{'TriggerTime': 'PLAY','Target':{'Who':'BOTH','Where':'CARDS_IN_DECK','What':'ALBUM','CompareTo':'Oceans and Seas'},'Effect':{'Type':'POWER','Value':'-20'},'Duration':'END_TURN',}],'Combos':'[Oceans and Seas]'}","[Oceans and Seas]"
"10","OMA010","West Indian Manatee","0","Cmmn","Ocean Mammals","4","35","NULL","NULL","[]"
"11","OMA011","Pilot Whale","0","Cmmn","Ocean Mammals","3","26","NULL","NULL","[]"
"12","OMA012","Sea Lion","0","Cmmn","Ocean Mammals","10","84","NULL","NULL","[]"
"13","OMA013","Atlantic Walrus","0","Cmmn","Ocean Mammals","3","24","NULL","NULL","[]"
"14","OMA014","Dugong","0","Cmmn","Ocean Mammals","6","54","When drawn, reduce the energy cost of Ancient Greece cards in your hand by 2 for the rest of the game.","{'Effects': [{'TriggerTime': 'DRAW','Target':{'Who':'SELF','Where':'CARDS_IN_HAND','What':'COLLECTION','CompareTo':'Ancient Greece'},'Effect':{'Type':'ENERGY','Value':'-2'},'Duration':'PERMANENT',}],'Combos':'[Ancient Greece]'}","[Ancient Greece]"
"15","OMA015","Humpback Whale","0","Fusn","Ocean Mammals","6","60","When returned to your deck, gain +3 Energy. If you won the turn, gain an extra 2 Energy.","{'Effects': [{'TriggerTime': 'RETURN','Target':{'Who':'SELF'},'Effect':{'Type':'ENERGY','Value':'+3'},'Duration':'PERMANENT',},{'TriggerTime': 'RETURN','Target':{'Who':'SELF'},'Effect':{'Type':'ENERGY','Value':'2'},'Duration':'PERMANENT','Conditions':[{'Type':'ROUND_STATE','Value':'Win'}]}],'Combos':'[]'}","[]"
"16","OMA018","Spinner Dolphin","1","Epic","Ocean Mammals","8","59","When this card returns to your deck, steal 3 Energy from your opponent.","{'Effects': [{'TriggerTime': 'RETURN','Target':{'Who':'SELF'},'Effect':{'Type':'ENERGY','Value':'3'},'Duration':'PERMANENT',},{'TriggerTime': 'RETURN','Target':{'Who':'OTHER'},'Effect':{'Type':'ENERGY','Value':'-3'},'Duration':'PERMANENT',}],'Combos':'[]'}","[]"
"17","OMA016","Vaquita","0","Rare","Ocean Mammals","5","48","When played on the first turn of a round, this card has +20 Power.","{'Effects': [{'TriggerTime': 'PLAY','Target':{'Who':'SELF','Where':'CARDS_IN_HAND','What':'NAME','CompareTo':'Vaquita'},'Effect':{'Type':'POWER','Value':'+20'},'Duration':'END_TURN','Conditions':[{'Type':'TURN_IN_ROUND','Value':'1'}]}],'Combos':'[]'}","[]"
"18","OMA017","Amazon River Dolphin","0","Rare","Ocean Mammals","2","18","When played with Flamingos, give that card +50 Power.","{'Effects': [{'TriggerTime': 'PLAY','Target':{'Who':'SELF','Where':'CARDS_IN_HAND','What':'NAME','CompareTo':'Flamingos'},'Effect':{'Type':'POWER','Value':'50'},'Duration':'END_TURN','Conditions':[{'Type':'PLAYED_WITH','Who':'SELF','Where':'CARDS_PLAYED','What':'NAME','CompareTo':'Flamingos'}]}],'Combos':'[Flamingos]'}","[Flamingos]"
"19","OMA019","Pacific Walrus","0","Lgnd","Ocean Mammals","7","40","When this returns to your deck, if you won this turn, gain +100 Power next turn.","{'Effects': [{'TriggerTime': 'RETURN','Target':{'Who':'SELF'},'Effect':{'Type':'POWER_PER_TURN','Value':'+100'},'Duration':{'Type':'TIMER','Value':'1'},'Conditions':[{'Type':'TURN_STATE','Value':'Win'}]}],'Combos':'[]'}","[]"
"20","OMA020","Harp Seal","0","Epic","Ocean Mammals","3","27","When returned to your deck, if you won the turn, gain +2 Energy next turn.","{'Effects': [{'TriggerTime': 'RETURN','Target':{'Who':'SELF'},'Effect':{'Type':'ENERGY','Value':'+2'},'Duration':{'Type':'PERMANENT'},'Conditions':[{'Type':'TURN_STATE','Value':'Win'}]}],'Combos':'[]'}","[]"
"21","OMA021","False Killer Whale","0","Epic","Ocean Mammals","5","86","When returned to your deck, if you are winning the round, you have -30 Power next turn.","{'Effects': [{'TriggerTime': 'RETURN','Target':{'Who':'SELF'},'Effect':{'Type':'POWER_PER_TURN','Value':'-30'},'Duration':{'Type':'TIMER','Value':'1'},'Conditions':[{'Type':'ROUND_STATE','Value':'Win'}]}],'Combos':'[]'}","[]"
"22","OWA001","RMS Lusitania","0","Cmmn","Riding the Waves!","4","34","NULL","NULL","[]"
"23","OWA002","Titanic","0","Lgnd","Riding the Waves!","4","6","When played, all Riding the Waves cards have +30 Power this turn.","{'Effects': [{'TriggerTime': 'PLAY','Target':{'Who':'BOTH','Where':'CARDS_IN_DECK','What':'COLLECTION','CompareTo':'Riding the Waves'},'Effect':{'Type':'POWER','Value':'+30'},'Duration':'END_TURN',}],'Combos':'[Riding the Waves]'}","[Riding the Waves]"
"24","OWA006","Fram","0","Cmmn","Riding the Waves!","4","32","When played on the first turn of a round, this card has +15 Power.","{'Effects': [{'TriggerTime': 'PLAY','Target':{'Who':'SELF','Where':'CARDS_IN_HAND','What':'NAME','CompareTo':'Fram'},'Effect':{'Type':'POWER','Value':'+15'},'Duration':'END_TURN','Conditions':[{'Type':'TURN_IN_ROUND','Value':'1'}]}],'Combos':'[]'}","[]"
"25","OWA007","The Mayflower","0","Rare","Riding the Waves!","6","67","NULL","NULL","[]"
"26","OWA009","Pioneering Spirit","0","Fusn","Riding the Waves!","7","54","When played with Offshore Oil Platform, give that card +70 Power.","{'Effects': [{'TriggerTime': 'PLAY','Target':{'Who':'SELF','Where':'CARDS_IN_HAND','What':'NAME','CompareTo':'Offshore Oil Platform'},'Effect':{'Type':'POWER','Value':'70'},'Duration':'END_TURN','Conditions':[{'Type':'PLAYED_WITH','Who':'SELF','Where':'CARDS_PLAYED','What':'NAME','CompareTo':'Offshore Oil Platform'}]}],'Combos':'[Offshore Oil Platform]'}","[Offshore Oil Platform]"
"27","OWA010","Santa María","0","Cmmn","Riding the Waves!","5","45","NULL","NULL","[]"
"28","OWA014","Leif Erikson","1","Lgnd","Riding the Waves!","3","28","When drawn, if you are losing the round, gain +4 Energy.","{'Effects': [{'TriggerTime': 'DRAW','Target':{'Who':'SELF'},'Effect':{'Type':'ENERGY','Value':'+4'},'Duration':'PERMANENT',}],'Combos':'[]'}","[]"
"29","LRE002","Caiman Lizard","0","Cmmn","Reptiles","7","63","NULL","NULL","[]"
"30","LRE005","Komodo Dragon","0","Cmmn","Reptiles","2","18","NULL","NULL","[]"
"31","LRE008","Leopard Gecko","0","Cmmn","Reptiles","4","37","NULL","NULL","[]"
"32","LRE022","Matamata Turtle","0","Cmmn","Reptiles","4","27","NULL","NULL","[]"
"33","LRE004","Veiled Chameleon","0","Cmmn","Reptiles","8","67","NULL","NULL","[]"
"34","LRE009","Softshell Turtle","0","Cmmn","Reptiles","1","8","NULL","NULL","[]"
"35","LMA001","Coati","0","Cmmn","Mammals","6","52","NULL","NULL","[]"
"36","LMA002","Tayra","0","Cmmn","Mammals","5","45","NULL","NULL","[]"
"37","LMA003","Capybara","0","Cmmn","Mammals","4","34","NULL","NULL","[]"
"38","LMA007","Tamandua","0","Cmmn","Mammals","2","16","NULL","NULL","[]"
"39","LMA008","Kinkajou","0","Cmmn","Mammals","3","28","NULL","NULL","[]"
"40","LMA009","Agouti","0","Cmmn","Mammals","5","43","NULL","NULL","[]"
"41","LMA013","Giant Anteater","0","Cmmn","Mammals","6","52","NULL","NULL","[]"
"42","LMA015","Grizzly Bear","0","Fusn","Mammals","5","30","When played, if you are winning the round, this card has +50 Power.","{'Effects': [{'TriggerTime': 'PLAY','Target':{'Who':'SELF','Where':'CARDS_IN_HAND','What':'NAME','CompareTo':'Grizzly Bear'},'Effect':{'Type':'POWER','Value':'+50'},'Duration':'END_TURN','Conditions':[{'Type':'ROUND_STATE','Value':'Win'}]}],'Combos':'[]'}","[]"
"43","LDG001","Pug","0","Cmmn","Dogs","1","8","NULL","NULL","[]"
"44","LDG002","Labrador Retriever","0","Cmmn","Dogs","3","24","NULL","NULL","[]"
"45","LDG005","Bloodhound","0","Cmmn","Dogs","7","65","NULL","NULL","[]"
"46","LDG006","Irish Water Spaniel","0","Cmmn","Dogs","2","17","NULL","NULL","[]"
"47","LDG007","Dachshund","0","Cmmn","Dogs","5","44","NULL","NULL","[]"
"48","LDG009","Poodle","0","Cmmn","Dogs","7","66","NULL","NULL","[]"
"49","LDG010","Rottweiler","0","Cmmn","Dogs","10","93","NULL","NULL","[]"
"50","LDG014","French Bulldog","0","Cmmn","Dogs","2","19","NULL","NULL","[]"
"51","SOD001","Shifting Solar Plasma","0","Cmmn","Space Oddities","8","72","NULL","NULL","[]"
"52","SOD002","Black Hole","0","Cmmn","Space Oddities","1","8","When played with Ophiuchus Galaxy Explosion, give that card +30 Power.","{'Effects': [{'TriggerTime': 'PLAY','Target':{'Who':'SELF','Where':'CARDS_IN_HAND','What':'NAME','CompareTo':'Ophiuchus Galaxy Explosion'},'Effect':{'Type':'POWER','Value':'30'},'Duration':'END_TURN','Conditions':[{'Type':'PLAYED_WITH','Who':'SELF','Where':'CARDS_PLAYED','What':'NAME','CompareTo':'Ophiuchus Galaxy Explosion'}]}],'Combos':'[Ophiuchus Galaxy Explosion]'}","[Ophiuchus Galaxy Explosion]"
"53","SOD004","Virgo Spiral Galaxy","0","Cmmn","Space Oddities","6","49","NULL","NULL","[]"
"54","SOD005","Dying Star","0","Cmmn","Space Oddities","1","10","NULL","NULL","[]"
"55","SOD006","Solar Golden Arches","0","Cmmn","Space Oddities","5","49","NULL","NULL","[]"
"56","SOD007","Runaway Star","0","Cmmn","Space Oddities","6","72","When played, all Space cards have -20 Power this turn.","{'Effects': [{'TriggerTime': 'PLAY','Target':{'Who':'BOTH','Where':'CARDS_IN_DECK','What':'ALBUM','CompareTo':'Space'},'Effect':{'Type':'POWER','Value':'-20'},'Duration':'END_TURN',}],'Combos':'[Space]'}","[Space]"
"57","SOD009","The Milky Way","0","Cmmn","Space Oddities","5","49","NULL","NULL","[]"
"58","SOD010","""Oumuamua","0","Cmmn","Space Oddities","7","64","NULL","NULL","[]"
"59","SSS001","Mercury","0","Cmmn","Solar System","1","9","NULL","NULL","[]"
"60","SSS002","Saturn","0","Cmmn","Solar System","5","43","When played with Titan, Moon of Saturn, give that card +20 Power.","{'Effects': [{'TriggerTime': 'PLAY','Target':{'Who':'SELF','Where':'CARDS_IN_HAND','What':'NAME','CompareTo':'Titan, Moon of Saturn'},'Effect':{'Type':'POWER','Value':'20'},'Duration':'END_TURN','Conditions':[{'Type':'PLAYED_WITH','Who':'SELF','Where':'CARDS_PLAYED','What':'NAME','CompareTo':'Titan, Moon of Saturn'}]}],'Combos':'[Titan, Moon of Saturn]'}","[Titan, Moon of Saturn]"
"61","SSS007","Venus","0","Cmmn","Solar System","2","17","NULL","NULL","[]"
"62","SSS008","Pluto, Dwarf Planet","0","Cmmn","Solar System","7","57","NULL","NULL","[]"
"63","SSS009","Neptune","0","Cmmn","Solar System","5","48","NULL","NULL","[]"
"64","SSS011","Titan, Moon of Saturn","0","Cmmn","Solar System","8","66","NULL","NULL","[]"
"65","SSS012","Solar Eclipse","0","Cmmn","Solar System","3","26","NULL","NULL","[]"
"66","SSS013","Ceres","0","Cmmn","Solar System","4","36","NULL","NULL","[]"
"67","SSS015","Halley""s Comet","0","Cmmn","Solar System","7","58","NULL","NULL","[]"
"68","SSS019","Olympus Mons","0","Lvl Lgnd","Solar System","4","0","When played, all your cards have +40 Power this turn.","{'Effects': [{'TriggerTime': 'PLAY','Target':{'Who':'BOTH','Where':'CARDS_IN_DECK'},'Effect':{'Type':'POWER','Value':'+40'},'Duration':'END_TURN',}],'Combos':'[]'}","[]"
"69","EJP001","Samurai","0","Cmmn","Feudal Japan","3","37","When played, if you are winning the round, this card has -10 Power.","{'Effects': [{'TriggerTime': 'PLAY','Target':{'Who':'SELF','Where':'CARDS_IN_HAND','What':'NAME','CompareTo':'Samurai'},'Effect':{'Type':'POWER','Value':'-10'},'Duration':'END_TURN','Conditions':[{'Type':'ROUND_STATE','Value':'Win'}]}],'Combos':'[]'}","[]"
"70","EJP003","Rice Terraces","0","Cmmn","Feudal Japan","2","16","NULL","NULL","[]"
"71","EJP009","Torii Gates","0","Cmmn","Feudal Japan","2","16","NULL","NULL","[]"
"72","EJP010","Buddhism","0","Cmmn","Feudal Japan","6","53","NULL","NULL","[]"
"73","EJP011","Neo-Confucianism","0","Cmmn","Feudal Japan","4","33","NULL","NULL","[]"
"74","EJP012","Meoto Iwa","0","Cmmn","Feudal Japan","1","9","NULL","NULL","[]"
"75","EAG001","Isle of Corfu","0","Cmmn","Ancient Greece","8","70","NULL","NULL","[]"
"76","EAG007","Greek Urns","0","Cmmn","Ancient Greece","4","38","NULL","NULL","[]"
"77","EAG008","Olive Trees","0","Cmmn","Ancient Greece","7","57","NULL","NULL","[]"
"78","EAG013","Sanctuary of Delphi","0","Cmmn","Ancient Greece","5","47","NULL","NULL","[]"
"79","EAG015","Zeus","0","Fusn","Ancient Greece","3","36","When played with Thunderstorms, give that card +50 Power.","{'Effects': [{'TriggerTime': 'PLAY','Target':{'Who':'SELF','Where':'CARDS_IN_HAND','What':'NAME','CompareTo':'Thunderstorms'},'Effect':{'Type':'POWER','Value':'50'},'Duration':'END_TURN','Conditions':[{'Type':'PLAYED_WITH','Who':'SELF','Where':'CARDS_PLAYED','What':'NAME','CompareTo':'Thunderstorms'}]}],'Combos':'[Thunderstorms]'}","[Thunderstorms]"
"80","EAG016","Icarus","0","Epic","Ancient Greece","4","36","When played, all Awesome Aviation cards have -30 Power this turn.","{'Effects': [{'TriggerTime': 'PLAY','Target':{'Who':'BOTH','Where':'CARDS_IN_DECK','What':'COLLECTION','CompareTo':'Awesome Aviation'},'Effect':{'Type':'POWER','Value':'-30'},'Duration':'END_TURN',}],'Combos':'[Awesome Aviation]'}","[Awesome Aviation]"
"81","PCA002","Albertosaurus","0","Cmmn","Carnivores","8","72","NULL","NULL","[]"
"82","PCA005","Tyrannosaurus Rex","0","Lvl Lgnd","Carnivores","5","54","When played, if you are winning the round, this card has +40 Power.","{'Effects': [{'TriggerTime': 'PLAY','Target':{'Who':'SELF','Where':'CARDS_IN_HAND','What':'NAME','CompareTo':'Tyrannosaurus Rex'},'Effect':{'Type':'POWER','Value':'+40'},'Duration':'END_TURN','Conditions':[{'Type':'ROUND_STATE','Value':'Win'}]}],'Combos':'[]'}","[]"
"83","PCA006","Cryolophosaurus","0","Cmmn","Carnivores","1","9","NULL","NULL","[]"
"84","PCA007","Saurophaganax","0","Cmmn","Carnivores","3","45","When played, all Paleontology cards have -10 Power this turn.","{'Effects': [{'TriggerTime': 'PLAY','Target':{'Who':'BOTH','Where':'CARDS_IN_DECK','What':'ALBUM','CompareTo':'Paleontology'},'Effect':{'Type':'POWER','Value':'-10'},'Duration':'END_TURN',}],'Combos':'[Paleontology]'}","[Paleontology]"
"85","PCA008","Dimetrodon","0","Cmmn","Carnivores","8","67","NULL","NULL","[]"
"86","PCA010","Utahraptor","0","Cmmn","Carnivores","2","18","NULL","NULL","[]"
"87","PCA011","Deinonychus","0","Cmmn","Carnivores","9","73","NULL","NULL","[]"
"88","PCA014","Tarbosaurus","0","Cmmn","Carnivores","7","60","NULL","NULL","[]"
"89","PHE001","Saltasaurus","0","Cmmn","Herbivores","5","42","NULL","NULL","[]"
"90","PHE002","Parasaurolophus","0","Cmmn","Herbivores","7","62","When played with Tupuxuara, give that card +30 Power.","{'Effects': [{'TriggerTime': 'PLAY','Target':{'Who':'SELF','Where':'CARDS_IN_HAND','What':'NAME','CompareTo':'Tupuxuara'},'Effect':{'Type':'POWER','Value':'30'},'Duration':'END_TURN','Conditions':[{'Type':'PLAYED_WITH','Who':'SELF','Where':'CARDS_PLAYED','What':'NAME','CompareTo':'Tupuxuara'}]}],'Combos':'[Tupuxuara]'}","[Tupuxuara]"
"91","PHE004","Alamosaurus","0","Cmmn","Herbivores","2","16","NULL","NULL","[]"
"92","PHE006","Argentinosaurus","0","Cmmn","Herbivores","5","47","NULL","NULL","[]"
"93","PHE008","Styracosaurus","0","Cmmn","Herbivores","4","37","NULL","NULL","[]"
"94","PHE010","Protoceratops","0","Cmmn","Herbivores","7","66","NULL","NULL","[]"
"95","SAA003","Da Vinci""s Aerial Screw","0","Cmmn","Awesome Aviation","8","74","NULL","NULL","[]"
"96","SAA006","B-2 Spirit","0","Cmmn","Awesome Aviation","2","16","NULL","NULL","[]"
"97","SAA008","Thrust","0","Cmmn","Awesome Aviation","2","16","NULL","NULL","[]"
"98","SAA009","Drag","0","Cmmn","Awesome Aviation","3","27","NULL","NULL","[]"
"99","SAA011","Spirit of St. Louis","1","Epic","Awesome Aviation","5","60","When played, all Oceans and Seas cards have -15 Power this turn.","{'Effects': [{'TriggerTime': 'PLAY','Target':{'Who':'BOTH','Where':'CARDS_IN_DECK','What':'ALBUM','CompareTo':'Oceans and Seas'},'Effect':{'Type':'POWER','Value':'-15'},'Duration':'END_TURN',}],'Combos':'[Oceans and Seas]'}","[Oceans and Seas]"
"100","STR001","Sydney Harbour Bridge","0","Cmmn","Super Structures","8","66","NULL","NULL","[]"
"101","STR002","Chrysler Building","0","Cmmn","Super Structures","6","57","NULL","NULL","[]"
"102","STR006","Torre Glòries","0","Cmmn","Super Structures","7","56","NULL","NULL","[]"
"103","STR009","Empire State Building","0","Cmmn","Super Structures","1","8","NULL","NULL","[]"
"104","STR011","Dancing House","0","Cmmn","Super Structures","6","48","NULL","NULL","[]"
"105","OSH009","Sandbar Shark","0","Cmmn","Sharks!","3","28","NULL","NULL","[]"
"106","OSH011","Gray Reef Shark","0","Cmmn","Sharks!","7","59","NULL","NULL","[]"
"107","OSH004","Sand Tiger Shark","0","Cmmn","Sharks!","1","10","NULL","NULL","[]"
"108","OSH012","Caribbean Reef Shark","0","Cmmn","Sharks!","5","49","NULL","NULL","[]"
"109","OSH007","Basking Shark","0","Cmmn","Sharks!","5","43","NULL","NULL","[]"
"110","OSH013","Carpenter Shark","0","Cmmn","Sharks!","7","64","NULL","NULL","[]"
"111","SFN002","Clouds","0","Cmmn","Forces of Nature","1","10","NULL","NULL","[]"
"112","SFN006","Avalanche","0","Rare","Forces of Nature","6","58","When played with Weight, give that card +50 Power. When played, give Alpine Skiing (even if it's in either player's deck) -20 Power for the rest of the game.","{'Effects': [{'TriggerTime': 'PLAY','Target':{'Who':'SELF','Where':'CARDS_IN_HAND','What':'NAME','CompareTo':'Weight'},'Effect':{'Type':'POWER','Value':'50'},'Duration':'END_TURN','Conditions':[{'Type':'PLAYED_WITH','Who':'SELF','Where':'CARDS_PLAYED','What':'NAME','CompareTo':'Weight'}]}],'Combos':'[Weight]'}","[Weight]"
"113","SFN009","Sunshine","0","Cmmn","Forces of Nature","6","51","NULL","NULL","[]"
"114","SFN010","Frost","0","Cmmn","Forces of Nature","6","52","NULL","NULL","[]"
"115","SFN011","Hail","0","Cmmn","Forces of Nature","1","9","NULL","NULL","[]"
"116","SFN012","Fog","0","Cmmn","Forces of Nature","8","74","NULL","NULL","[]"
"117","SFN014","Tsunami","0","Epic","Forces of Nature","8","65","When played with Tidal Energy, give that card +25 Power.","{'Effects': [{'TriggerTime': 'PLAY','Target':{'Who':'SELF','Where':'CARDS_IN_HAND','What':'NAME','CompareTo':'Tidal Energy'},'Effect':{'Type':'POWER','Value':'25'},'Duration':'END_TURN','Conditions':[{'Type':'PLAYED_WITH','Who':'SELF','Where':'CARDS_PLAYED','What':'NAME','CompareTo':'Tidal Energy'}]}],'Combos':'[Tidal Energy]'}","[Tidal Energy]"
"118","SFN013","Earthquakes","0","Cmmn","Forces of Nature","4","32","NULL","NULL","[]"
"119","LAM009","Smoky Jungle Frog","0","Cmmn","Amphibians","5","43","NULL","NULL","[]"
"120","LAM014","Mossy Frog","0","Cmmn","Amphibians","3","24","NULL","NULL","[]"
"121","LAM001","European Tree Frog","0","Cmmn","Amphibians","3","28","NULL","NULL","[]"
"122","LAM005","Tiger Salamander","0","Cmmn","Amphibians","4","36","NULL","NULL","[]"
"123","LAM002","African Bullfrog","0","Cmmn","Amphibians","7","67","NULL","NULL","[]"
"124","LAM006","Cave Salamander","0","Cmmn","Amphibians","6","54","NULL","NULL","[]"
"125","LAM011","Great Crested Newt","0","Cmmn","Amphibians","8","71","NULL","NULL","[]"
"126","LAM010","Long-Toed Salamander","0","Cmmn","Amphibians","3","26","NULL","NULL","[]"
"127","SMA003","Abacus","0","Cmmn","Mega Math","5","42","NULL","NULL","[]"
"128","SMA005","Fibonacci Spiral","0","Rare","Mega Math","3","33","When played, all cards have -10 Power this turn.","{'Effects': [{'TriggerTime': 'PLAY','Target':{'Who':'BOTH','Where':'CARDS_IN_HAND'},'Effect':{'Type':'POWER','Value':'-10'},'Duration':'END_TURN'}],'Combos':'[]'}","[]"
"129","SMA007","Algebra","0","Cmmn","Mega Math","3","26","NULL","NULL","[]"
"130","SMA008","Fermat""s Last Theorem","0","Cmmn","Mega Math","4","35","NULL","NULL","[]"
"131","SMA011","Kaprekar""s Constant","0","Cmmn","Mega Math","6","53","NULL","NULL","[]"
"132","SMA012","The Monty Hall Problem","0","Cmmn","Mega Math","6","50","NULL","NULL","[]"
"133","SMA014","Leonhard Euler","1","Lgnd","Mega Math","5","52","When returned to your deck, if you are losing the round, gain +5 Energy.","{'Effects': [{'TriggerTime': 'RETURN','Target':{'Who':'SELF'},'Effect':{'Type':'ENERGY','Value':'+5'},'Duration':'PERMANENT',}],'Combos':'[]'}","[]"
"134","STE001","Space Shuttle Discovery","0","Cmmn","Space Technology","2","20","NULL","NULL","[]"
"135","STE004","Juno","0","Cmmn","Space Technology","2","17","NULL","NULL","[]"
"136","STE006","Skylab","0","Cmmn","Space Technology","7","63","NULL","NULL","[]"
"137","STE008","Mercury-Atlas 6","0","Cmmn","Space Technology","5","46","NULL","NULL","[]"
"138","STE009","Telstar 1","0","Cmmn","Space Technology","3","28","NULL","NULL","[]"
"139","STE013","Saturn V","0","Cmmn","Space Technology","3","25","When played with Lunar Module Eagle, give that card +30 Power.","{'Effects': [{'TriggerTime': 'PLAY','Target':{'Who':'SELF','Where':'CARDS_IN_HAND','What':'NAME','CompareTo':'Lunar Module Eagle'},'Effect':{'Type':'POWER','Value':'30'},'Duration':'END_TURN','Conditions':[{'Type':'PLAYED_WITH','Who':'SELF','Where':'CARDS_PLAYED','What':'NAME','CompareTo':'Lunar Module Eagle'}]}],'Combos':'[Lunar Module Eagle]'}","[Lunar Module Eagle]"
"140","OFI001","Blue Marlin","0","Cmmn","Fabulous Fish","4","34","NULL","NULL","[]"
"141","OFI013","Oriental Flying Gurnard","0","Cmmn","Fabulous Fish","6","55","NULL","NULL","[]"
"142","OFI005","Lionfish","0","Cmmn","Fabulous Fish","4","33","NULL","NULL","[]"
"143","OFI009","Yellow Tang","0","Cmmn","Fabulous Fish","3","28","NULL","NULL","[]"
"144","OFI004","Sun Fish","0","Cmmn","Fabulous Fish","6","53","NULL","NULL","[]"
"145","OFI011","Anthias","0","Cmmn","Fabulous Fish","7","70","NULL","NULL","[]"
"146","EEG004","Egyptian Cats","0","Cmmn","Ancient Egypt","8","71","NULL","NULL","[]"
"147","EEG005","Mummies","0","Cmmn","Ancient Egypt","3","27","NULL","NULL","[]"
"148","EEG006","Abu Simbel","0","Cmmn","Ancient Egypt","6","51","NULL","NULL","[]"
"149","EEG011","Obelisks","0","Cmmn","Ancient Egypt","1","9","NULL","NULL","[]"
"150","EEG009","Karnak","0","Cmmn","Ancient Egypt","6","58","NULL","NULL","[]"
"151","EEG010","Kom Ombo Temple","0","Cmmn","Ancient Egypt","2","18","NULL","NULL","[]"
"152","LBI002","Collared Aracari","0","Cmmn","Birds","3","24","NULL","NULL","[]"
"153","LBI008","Montezuma Oropendola","0","Cmmn","Birds","2","17","NULL","NULL","[]"
"154","LBI001","Boat-Billed Heron","0","Cmmn","Birds","6","59","NULL","NULL","[]"
"155","LBI005","Knobbed Hornbill","0","Cmmn","Birds","6","56","NULL","NULL","[]"
"156","LBI014","Tunki","0","Cmmn","Birds","5","41","NULL","NULL","[]"
"157","SCO001","Boötes","0","Cmmn","Constellations","7","63","NULL","NULL","[]"
"158","SCO003","Ursa Minor","0","Cmmn","Constellations","6","54","NULL","NULL","[]"
"159","SCO006","Cepheus","0","Cmmn","Constellations","3","26","NULL","NULL","[]"
"160","SCO009","Pegasus Constellation","0","Cmmn","Constellations","2","18","NULL","NULL","[]"
"161","SCO011","Centaurus","0","Cmmn","Constellations","4","37","NULL","NULL","[]"
"162","SCO004","Grus","0","Cmmn","Constellations","4","36","NULL","NULL","[]"
"163","SCO005","Draco","0","Cmmn","Constellations","7","62","NULL","NULL","[]"
"164","SCO008","Perseus","0","Rare","Constellations","5","43","When played with Asteroids, give that card +40 Power.","{'Effects': [{'TriggerTime': 'PLAY','Target':{'Who':'SELF','Where':'CARDS_IN_HAND','What':'NAME','CompareTo':'Asteroids'},'Effect':{'Type':'POWER','Value':'40'},'Duration':'END_TURN','Conditions':[{'Type':'PLAYED_WITH','Who':'SELF','Where':'CARDS_PLAYED','What':'NAME','CompareTo':'Asteroids'}]}],'Combos':'[Asteroids]'}","[Asteroids]"
"165","SCO010","Lepus","0","Rare","Constellations","4","35","When played with Canis Major, give that card +20 Power.","{'Effects': [{'TriggerTime': 'PLAY','Target':{'Who':'SELF','Where':'CARDS_IN_HAND','What':'NAME','CompareTo':'Canis Major'},'Effect':{'Type':'POWER','Value':'20'},'Duration':'END_TURN','Conditions':[{'Type':'PLAYED_WITH','Who':'SELF','Where':'CARDS_PLAYED','What':'NAME','CompareTo':'Canis Major'}]}],'Combos':'[Canis Major]'}","[Canis Major]"
"166","SCO014","Phoenix Constellation","0","Cmmn","Constellations","7","61","NULL","NULL","[]"
"167","SCO015","Ursa Major","0","Fusn","Constellations","3","35","When played with Ursa Minor, give that card +60 Power.","{'Effects': [{'TriggerTime': 'PLAY','Target':{'Who':'SELF','Where':'CARDS_IN_HAND','What':'NAME','CompareTo':'Ursa Minor'},'Effect':{'Type':'POWER','Value':'60'},'Duration':'END_TURN','Conditions':[{'Type':'PLAYED_WITH','Who':'SELF','Where':'CARDS_PLAYED','What':'NAME','CompareTo':'Ursa Minor'}]}],'Combos':'[Ursa Minor]'}","[Ursa Minor]"
"168","SCO020","Lyra","0","Rare","Constellations","4","41","When played with Orpheus, give that card +40 Power.","{'Effects': [{'TriggerTime': 'PLAY','Target':{'Who':'SELF','Where':'CARDS_IN_HAND','What':'NAME','CompareTo':'Orpheus'},'Effect':{'Type':'POWER','Value':'40'},'Duration':'END_TURN','Conditions':[{'Type':'PLAYED_WITH','Who':'SELF','Where':'CARDS_PLAYED','What':'NAME','CompareTo':'Orpheus'}]}],'Combos':'[Orpheus]'}","[Orpheus]"
"169","OEV001","Turtle Dove","1","Epic","Oceans & Seas Specials","2","16","NULL","NULL","[]"
"170","OEV002","Geese","1","Epic","Oceans & Seas Specials","3","24","NULL","NULL","[]"
"171","OEV003","Swans","1","Epic","Oceans & Seas Specials","4","38","NULL","NULL","[]"
"172","OEV004","Horn Shark Egg","0","Epic","Oceans & Seas Specials","6","57","When played with Dinosaur Eggs, give that card +40 Power.","{'Effects': [{'TriggerTime': 'PLAY','Target':{'Who':'SELF','Where':'CARDS_IN_HAND','What':'NAME','CompareTo':'Dinosaur Eggs'},'Effect':{'Type':'POWER','Value':'40'},'Duration':'END_TURN','Conditions':[{'Type':'PLAYED_WITH','Who':'SELF','Where':'CARDS_PLAYED','What':'NAME','CompareTo':'Dinosaur Eggs'}]}],'Combos':'[Dinosaur Eggs]'}","[Dinosaur Eggs]"
"173","LEV001","Robin","1","Epic","Life on Land Specials","7","64","NULL","NULL","[]"
"174","LEV003","Reindeer","1","Epic","Life on Land Specials","6","55","NULL","NULL","[]"
"175","LEV002","French Hen","1","Epic","Life on Land Specials","10","83","NULL","NULL","[]"
"176","SEV003","Polaris","1","Epic","Space Specials","1","13","NULL","NULL","[]"
"177","SEV001","Christmas Tree Cluster","1","Epic","Space Specials","3","31","NULL","NULL","[]"
"178","SEV002","Rings of Saturn","1","Epic","Space Specials","8","69","NULL","NULL","[]"
"179","SEV004","Egg Nebula","0","Epic","Space Specials","4","38","When played with Horn Shark Egg, give that card +40 Power.","{'Effects': [{'TriggerTime': 'PLAY','Target':{'Who':'SELF','Where':'CARDS_IN_HAND','What':'NAME','CompareTo':'Horn Shark Egg'},'Effect':{'Type':'POWER','Value':'40'},'Duration':'END_TURN','Conditions':[{'Type':'PLAYED_WITH','Who':'SELF','Where':'CARDS_PLAYED','What':'NAME','CompareTo':'Horn Shark Egg'}]}],'Combos':'[Horn Shark Egg]'}","[Horn Shark Egg]"
"180","HEV003","Mistletoe","1","Epic","History Specials","6","58","NULL","NULL","[]"
"181","HEV002","Christmas Trees","1","Epic","History Specials","4","39","NULL","NULL","[]"
"182","HEV001","Santa Claus","1","Epic","History Specials","8","66","NULL","NULL","[]"
"183","OBI002","Chinstrap Penguin","0","Cmmn","Sea Birds","5","46","When played with Yellow-eyed Penguin, give that card +20 Power.","{'Effects': [{'TriggerTime': 'PLAY','Target':{'Who':'SELF','Where':'CARDS_IN_HAND','What':'NAME','CompareTo':'Yellow-eyed Penguin'},'Effect':{'Type':'POWER','Value':'20'},'Duration':'END_TURN','Conditions':[{'Type':'PLAYED_WITH','Who':'SELF','Where':'CARDS_PLAYED','What':'NAME','CompareTo':'Yellow-eyed Penguin'}]}],'Combos':'[Yellow-eyed Penguin]'}","[Yellow-eyed Penguin]"
"184","OBI010","Pacific Gull","0","Cmmn","Sea Birds","5","45","NULL","NULL","[]"
"185","OBI003","Sooty Terns","0","Cmmn","Sea Birds","4","34","NULL","NULL","[]"
"186","OBI005","Brown Pelican","0","Cmmn","Sea Birds","6","51","NULL","NULL","[]"
"187","OBI008","Macaroni Penguin","0","Cmmn","Sea Birds","2","18","When played with Yellow-Eyed Penguin, give that card +20 Power.","{'Effects': [{'TriggerTime': 'PLAY','Target':{'Who':'SELF','Where':'CARDS_IN_HAND','What':'NAME','CompareTo':'Yellow-Eyed Penguin'},'Effect':{'Type':'POWER','Value':'20'},'Duration':'END_TURN','Conditions':[{'Type':'PLAYED_WITH','Who':'SELF','Where':'CARDS_PLAYED','What':'NAME','CompareTo':'Yellow-Eyed Penguin'}]}],'Combos':'[Yellow-Eyed Penguin]'}","[Yellow-Eyed Penguin]"
"188","OBI009","Ring-billed Gull","0","Cmmn","Sea Birds","3","28","When played with Saturn, give that card +15 Power. ","{'Effects': [{'TriggerTime': 'PLAY','Target':{'Who':'SELF','Where':'CARDS_IN_HAND','What':'NAME','CompareTo':'Saturn'},'Effect':{'Type':'POWER','Value':'15'},'Duration':'END_TURN','Conditions':[{'Type':'PLAYED_WITH','Who':'SELF','Where':'CARDS_PLAYED','What':'NAME','CompareTo':'Saturn'}]}],'Combos':'[Saturn]'}","[Saturn]"
"189","OBI015","Frigatebird","0","Cmmn","Sea Birds","7","62","NULL","NULL","[]"
"190","ORE006","Banded Sea Krait","1","Rare","Ocean Reptiles","6","55","When played with Bushmaster, give that card +30 Power.","{'Effects': [{'TriggerTime': 'PLAY','Target':{'Who':'SELF','Where':'CARDS_IN_HAND','What':'NAME','CompareTo':'Bushmaster'},'Effect':{'Type':'POWER','Value':'30'},'Duration':'END_TURN','Conditions':[{'Type':'PLAYED_WITH','Who':'SELF','Where':'CARDS_PLAYED','What':'NAME','CompareTo':'Bushmaster'}]}],'Combos':'[Bushmaster]'}","[Bushmaster]"
"191","ORE010","Saltwater Crocodile","1","Cmmn","Ocean Reptiles","1","8","When played with Sodium, give that card +34 Power.","{'Effects': [{'TriggerTime': 'PLAY','Target':{'Who':'SELF','Where':'CARDS_IN_HAND','What':'NAME','CompareTo':'Sodium'},'Effect':{'Type':'POWER','Value':'34'},'Duration':'END_TURN','Conditions':[{'Type':'PLAYED_WITH','Who':'SELF','Where':'CARDS_PLAYED','What':'NAME','CompareTo':'Sodium'}]}],'Combos':'[Sodium]'}","[Sodium]"
"192","ODE003","Painted Frogfish","0","Cmmn","Deep Ocean","4","32","NULL","NULL","[]"
"193","ODE005","Longnose Hawkfish","0","Cmmn","Deep Ocean","6","55","NULL","NULL","[]"
"194","ODE011","Japanese Sea Nettle","0","Cmmn","Deep Ocean","3","26","NULL","NULL","[]"
"195","OCE003","Ecuadorian Hermit Crab","1","Cmmn","Crustaceans","7","62","NULL","NULL","[]"
"196","OCE004","Horned Ghost Crab","1","Cmmn","Crustaceans","1","9","NULL","NULL","[]"
"197","OCE005","Spiny Lobster","1","Cmmn","Crustaceans","2","19","NULL","NULL","[]"
"198","OCE011","Snapping Shrimp","1","Cmmn","Crustaceans","4","37","When played with Alligator Snapping Turtle, give that card +65 Power.","{'Effects': [{'TriggerTime': 'PLAY','Target':{'Who':'SELF','Where':'CARDS_IN_HAND','What':'NAME','CompareTo':'Alligator Snapping Turtle'},'Effect':{'Type':'POWER','Value':'65'},'Duration':'END_TURN','Conditions':[{'Type':'PLAYED_WITH','Who':'SELF','Where':'CARDS_PLAYED','What':'NAME','CompareTo':'Alligator Snapping Turtle'}]}],'Combos':'[Alligator Snapping Turtle]'}","[Alligator Snapping Turtle]"
"199","LPL001","Petunia","0","Lvl Lgnd","Plant Life","4","42","When played with Sperm Whale, give that card +70 Power.","{'Effects': [{'TriggerTime': 'PLAY','Target':{'Who':'SELF','Where':'CARDS_IN_HAND','What':'NAME','CompareTo':'Sperm Whale'},'Effect':{'Type':'POWER','Value':'70'},'Duration':'END_TURN','Conditions':[{'Type':'PLAYED_WITH','Who':'SELF','Where':'CARDS_PLAYED','What':'NAME','CompareTo':'Sperm Whale'}]}],'Combos':'[Sperm Whale]'}","[Sperm Whale]"
"200","LBU004","Jewel Beetle","0","Cmmn","Bugs","2","16","NULL","NULL","[]"
"201","LBU007","Thick-headed Fly","0","Cmmn","Bugs","4","45","NULL","NULL","[]"
"202","LBU005","Bush Cricket","0","Cmmn","Bugs","3","28","NULL","NULL","[]"
"203","LBU006","Treehopper","0","Cmmn","Bugs","6","57","NULL","NULL","[]"
"204","LBU014","Army Ant","0","Cmmn","Bugs","5","46","NULL","NULL","[]"
"205","LPR001","Spectral Tarsier","1","Cmmn","Primates","7","64","NULL","NULL","[]"
"206","LPR007","Colobus Monkey","1","Cmmn","Primates","6","52","NULL","NULL","[]"
"207","LPR008","Howler Monkey","1","Cmmn","Primates","3","28","NULL","NULL","[]"
"208","LPR014","Slow Loris","1","Cmmn","Primates","1","9","NULL","NULL","[]"
"209","LCA007","Cougar","1","Cmmn","Cool Cats","2","17","NULL","NULL","[]"
"210","LCA003","Serval","1","Cmmn","Cool Cats","7","64","NULL","NULL","[]"
"211","LCA010","Caracal","1","Cmmn","Cool Cats","1","11","NULL","NULL","[]"
"212","LCA001","Cheetah","1","Lgnd","Cool Cats","3","50","NULL","NULL","[]"
"213","LCA004","Florida Panther","1","Cmmn","Cool Cats","4","33","NULL","NULL","[]"
"214","LCA006","Snow Leopard","1","Cmmn","Cool Cats","7","70","NULL","NULL","[]"
"215","LCA014","Eurasian Lynx","1","Cmmn","Cool Cats","3","26","NULL","NULL","[]"
"216","LCA015","Rusty-spotted Cat","1","Cmmn","Cool Cats","2","17","NULL","NULL","[]"
"217","ACPH002","Plato","0","Rare","Philosophy","3","27","When played with Aristotle, give that card +40 Power.","{'Effects': [{'TriggerTime': 'PLAY','Target':{'Who':'SELF','Where':'CARDS_IN_HAND','What':'NAME','CompareTo':'Aristotle'},'Effect':{'Type':'POWER','Value':'40'},'Duration':'END_TURN','Conditions':[{'Type':'PLAYED_WITH','Who':'SELF','Where':'CARDS_PLAYED','What':'NAME','CompareTo':'Aristotle'}]}],'Combos':'[Aristotle]'}","[Aristotle]"
"218","ACPH004","Immanuel Kant","0","Rare","Philosophy","3","10","When played, if you are winning the round, this card has +30 Power.","{'Effects': [{'TriggerTime': 'PLAY','Target':{'Who':'SELF','Where':'CARDS_IN_HAND','What':'NAME','CompareTo':'Immanuel Kant'},'Effect':{'Type':'POWER','Value':'+30'},'Duration':'END_TURN','Conditions':[{'Type':'ROUND_STATE','Value':'Win'}]}],'Combos':'[]'}","[]"
"219","SST001","Kepler-186f","1","Cmmn","Exploring the Stars","4","37","NULL","NULL","[]"
"220","SST007","Gliese 581c","1","Cmmn","Exploring the Stars","5","41","NULL","NULL","[]"
"221","SST010","Ross 128b","1","Cmmn","Exploring the Stars","2","17","NULL","NULL","[]"
"222","SST012","Brown Dwarf","1","Cmmn","Exploring the Stars","4","35","NULL","NULL","[]"
"223","SST013","Helix Nebula","1","Cmmn","Exploring the Stars","6","59","NULL","NULL","[]"
"224","SST006","Kepler-16b","1","Cmmn","Exploring the Stars","4","38","NULL","NULL","[]"
"225","SST008","GJ 504 b","1","Cmmn","Exploring the Stars","5","48","NULL","NULL","[]"
"226","SST014","Crab Nebula","1","Cmmn","Exploring the Stars","6","56","NULL","NULL","[]"
"227","SST015","Pillars of Creation","1","Lgnd","Exploring the Stars","4","38","When drawn, if you are losing the round, gain +7 Energy.","{'Effects': [{'TriggerTime': 'DRAW','Target':{'Who':'SELF'},'Effect':{'Type':'ENERGY','Value':'+7'},'Duration':'PERMANENT',}],'Combos':'[]'}","[]"
"228","SFO006","King Tide","0","Cmmn","Forces of the Universe","4","32","NULL","NULL","[]"
"229","SFO001","Asteroids","0","Cmmn","Forces of the Universe","7","66","NULL","NULL","[]"
"230","SFO003","Barringer Crater","0","Cmmn","Forces of the Universe","3","28","NULL","NULL","[]"
"231","SFO007","The Sombrero Galaxy","0","Cmmn","Forces of the Universe","3","28","NULL","NULL","[]"
"232","SFO015","Dark Matter","0","Fusn","Forces of the Universe","4","65","When played, all cards have -20 Power this turn.","{'Effects': [{'TriggerTime': 'PLAY','Target':{'Who':'BOTH','Where':'CARDS_IN_HAND'},'Effect':{'Type':'POWER','Value':'-20'},'Duration':'END_TURN'}],'Combos':'[]'}","[]"
"233","SFO002","Aquila Alcohol Cloud","0","Cmmn","Forces of the Universe","8","72","NULL","NULL","[]"
"234","SFO014","The Fifth Force","0","Cmmn","Forces of the Universe","5","45","NULL","NULL","[]"
"235","SNB003","Ring Nebula","1","Rare","Nebulae","1","12","When played with Rings of Saturn, give that card +50 Power.","{'Effects': [{'TriggerTime': 'PLAY','Target':{'Who':'SELF','Where':'CARDS_IN_HAND','What':'NAME','CompareTo':'Rings of Saturn'},'Effect':{'Type':'POWER','Value':'50'},'Duration':'END_TURN','Conditions':[{'Type':'PLAYED_WITH','Who':'SELF','Where':'CARDS_PLAYED','What':'NAME','CompareTo':'Rings of Saturn'}]}],'Combos':'[Rings of Saturn]'}","[Rings of Saturn]"
"236","SNB001","Elephant""s Trunk Nebula","0","Cmmn","Nebulae","3","24","NULL","NULL","[]"
"237","SNB009","Soul Nebula","0","Cmmn","Nebulae","5","40","When played with Heart Nebula, give that card +30 Power.","{'Effects': [{'TriggerTime': 'PLAY','Target':{'Who':'SELF','Where':'CARDS_IN_HAND','What':'NAME','CompareTo':'Heart Nebula'},'Effect':{'Type':'POWER','Value':'30'},'Duration':'END_TURN','Conditions':[{'Type':'PLAYED_WITH','Who':'SELF','Where':'CARDS_PLAYED','What':'NAME','CompareTo':'Heart Nebula'}]}],'Combos':'[Heart Nebula]'}","[Heart Nebula]"
"238","SNB005","Carina Nebula","0","Cmmn","Nebulae","4","38","NULL","NULL","[]"
"239","SNB010","Crescent Nebula","0","Cmmn","Nebulae","7","67","NULL","NULL","[]"
"240","SNB006","Eagle Nebula","0","Cmmn","Nebulae","5","45","NULL","NULL","[]"
"241","ERO004","Volubilis","1","Cmmn","The Roman Empire","7","62","NULL","NULL","[]"
"242","ERO007","Hadrian""s Wall","1","Cmmn","The Roman Empire","4","35","NULL","NULL","[]"
"243","ERO011","The Forum in Rome","1","Cmmn","The Roman Empire","1","8","NULL","NULL","[]"
"244","ERO003","Legionary Helmet","1","Cmmn","The Roman Empire","4","36","NULL","NULL","[]"
"245","ERO010","Maison Carrée","1","Cmmn","The Roman Empire","9","76","NULL","NULL","[]"
"246","ERO012","Mosaics","1","Cmmn","The Roman Empire","1","8","NULL","NULL","[]"
"247","PAN004","Hallucigenia","1","Cmmn","Ancient Creatures","1","8","NULL","NULL","[]"
"248","PAN006","Paraceratherium","1","Cmmn","Ancient Creatures","7","69","NULL","NULL","[]"
"249","PAN007","Megatherium","1","Cmmn","Ancient Creatures","4","34","When played with Amazon Sloth, give that card +20 Power.","{'Effects': [{'TriggerTime': 'PLAY','Target':{'Who':'SELF','Where':'CARDS_IN_HAND','What':'NAME','CompareTo':'Amazon Sloth'},'Effect':{'Type':'POWER','Value':'20'},'Duration':'END_TURN','Conditions':[{'Type':'PLAYED_WITH','Who':'SELF','Where':'CARDS_PLAYED','What':'NAME','CompareTo':'Amazon Sloth'}]}],'Combos':'[Amazon Sloth]'}","[Amazon Sloth]"
"250","PAN009","Opabinia","1","Cmmn","Ancient Creatures","8","72","NULL","NULL","[]"
"251","PAN011","Gorgonopsids","1","Cmmn","Ancient Creatures","5","46","NULL","NULL","[]"
"252","PAN008","Dunkleosteus","1","Cmmn","Ancient Creatures","5","49","NULL","NULL","[]"
"253","PAN010","Gastornis","1","Cmmn","Ancient Creatures","3","27","NULL","NULL","[]"
"254","PAN014","Glyptodon","1","Cmmn","Ancient Creatures","2","19","NULL","NULL","[]"
"255","SEN007","Natural Gas","0","Cmmn","Energy","6","51","NULL","NULL","[]"
"256","SEN001","Solar Power","0","Cmmn","Energy","8","70","NULL","NULL","[]"
"257","SEN006","Coal","0","Cmmn","Energy","3","29","NULL","NULL","[]"
"258","SEN009","Hydrogen Fuel Cells","0","Cmmn","Energy","6","53","NULL","NULL","[]"
"259","SEN012","Waste-to-Energy","0","Cmmn","Energy","7","65","NULL","NULL","[]"
"260","SEN005","Biomass","0","Cmmn","Energy","7","66","NULL","NULL","[]"
"261","SEN015","Fusion Power","0","Fusn","Energy","8","83","When played with The Sun, give that card +70 Power.","{'Effects': [{'TriggerTime': 'PLAY','Target':{'Who':'SELF','Where':'CARDS_IN_HAND','What':'NAME','CompareTo':'The Sun'},'Effect':{'Type':'POWER','Value':'70'},'Duration':'END_TURN','Conditions':[{'Type':'PLAYED_WITH','Who':'SELF','Where':'CARDS_PLAYED','What':'NAME','CompareTo':'The Sun'}]}],'Combos':'[The Sun]'}","[The Sun]"
"262","SEN016","Alessandro Volta","0","Cmmn","Energy","3","30","When played with André-Marie Ampère, give that card +30 Power.","{'Effects': [{'TriggerTime': 'PLAY','Target':{'Who':'SELF','Where':'CARDS_IN_HAND','What':'NAME','CompareTo':'André-Marie Ampère'},'Effect':{'Type':'POWER','Value':'30'},'Duration':'END_TURN','Conditions':[{'Type':'PLAYED_WITH','Who':'SELF','Where':'CARDS_PLAYED','What':'NAME','CompareTo':'André-Marie Ampère'}]}],'Combos':'[André-Marie Ampère]'}","[André-Marie Ampère]"
"263","SPI007","Sir Isaac Newton","0","Rare","Pioneers of Science","6","53","When played with Black Hole, give that card +30 Power.","{'Effects': [{'TriggerTime': 'PLAY','Target':{'Who':'SELF','Where':'CARDS_IN_HAND','What':'NAME','CompareTo':'Black Hole'},'Effect':{'Type':'POWER','Value':'30'},'Duration':'END_TURN','Conditions':[{'Type':'PLAYED_WITH','Who':'SELF','Where':'CARDS_PLAYED','What':'NAME','CompareTo':'Black Hole'}]}],'Combos':'[Black Hole]'}","[Black Hole]"
"264","SPI008","Alan Turing","0","Cmmn","Pioneers of Science","5","47","NULL","NULL","[]"
"265","SPI012","Alexander Graham Bell","0","Cmmn","Pioneers of Science","2","18","NULL","NULL","[]"
"266","SPI002","Michael Faraday","0","Cmmn","Pioneers of Science","3","30","When played with Magnetar, give that card +50 Power.","{'Effects': [{'TriggerTime': 'PLAY','Target':{'Who':'SELF','Where':'CARDS_IN_HAND','What':'NAME','CompareTo':'Magnetar'},'Effect':{'Type':'POWER','Value':'50'},'Duration':'END_TURN','Conditions':[{'Type':'PLAYED_WITH','Who':'SELF','Where':'CARDS_PLAYED','What':'NAME','CompareTo':'Magnetar'}]}],'Combos':'[Magnetar]'}","[Magnetar]"
"267","SEL001","Aluminium","0","Cmmn","Excellent Elements","1","11","NULL","NULL","[]"
"268","SEL003","Zinc","0","Cmmn","Excellent Elements","2","18","NULL","NULL","[]"
"269","SEL004","Chlorine","0","Cmmn","Excellent Elements","7","65","NULL","NULL","[]"
"270","SEL009","Iron","1","Rare","Excellent Elements","3","40","When played with Jewel Beetle, give that card +30 Power.","{'Effects': [{'TriggerTime': 'PLAY','Target':{'Who':'SELF','Where':'CARDS_IN_HAND','What':'NAME','CompareTo':'Jewel Beetle'},'Effect':{'Type':'POWER','Value':'30'},'Duration':'END_TURN','Conditions':[{'Type':'PLAYED_WITH','Who':'SELF','Where':'CARDS_PLAYED','What':'NAME','CompareTo':'Jewel Beetle'}]}],'Combos':'[Jewel Beetle]'}","[Jewel Beetle]"
"271","SEL014","Sulphur","0","Cmmn","Excellent Elements","1","9","NULL","NULL","[]"
"272","SME001","X-Rays","1","Cmmn","Marvellous Medicine","9","73","NULL","NULL","[]"
"273","SME004","Vaccination","1","Cmmn","Marvellous Medicine","6","52","NULL","NULL","[]"
"274","SME005","Organ Transplantation","1","Cmmn","Marvellous Medicine","3","25","NULL","NULL","[]"
"275","SME011","Defibrillator","1","Cmmn","Marvellous Medicine","6","49","When returned to your deck, if you are losing the round, gain +3 Energy.","{'Effects': [{'TriggerTime': 'RETURN','Target':{'Who':'SELF'},'Effect':{'Type':'ENERGY','Value':'+3'},'Duration':'PERMANENT',}],'Combos':'[]'}","[]"
"276","ACFE001","La Noche de Los Rábanos","1","Cmmn","Festive Traditions","6","53","NULL","NULL","[]"
"277","ACFE009","Finnish Cemetery Tradition","1","Cmmn","Festive Traditions","2","18","NULL","NULL","[]"
"278","ACFE004","La Quema del Diablo","1","Cmmn","Festive Traditions","2","19","NULL","NULL","[]"
"279","ACFE005","Tio de Nadal","1","Cmmn","Festive Traditions","5","46","NULL","NULL","[]"
"280","ACFE012","St. Nicholas""s Day","1","Cmmn","Festive Traditions","2","17","NULL","NULL","[]"
"281","LVE003","Stonefish","1","Cmmn","Venomous Creatures","7","64","NULL","NULL","[]"
"282","LVE004","Sea Wasp","1","Cmmn","Venomous Creatures","6","53","NULL","NULL","[]"
"283","LVE005","Africanised Honey Bee","1","Cmmn","Venomous Creatures","8","72","NULL","NULL","[]"
"284","LVE007","Wasp","1","Cmmn","Venomous Creatures","2","19","NULL","NULL","[]"
"285","EWW001","Songyue Pagoda","1","Cmmn","Wonders of Construction","4","39","NULL","NULL","[]"
"286","EWW005","Dome of the Rock","1","Cmmn","Wonders of Construction","3","24","NULL","NULL","[]"
"287","EWW008","The Library of Celsus","1","Cmmn","Wonders of Construction","4","34","NULL","NULL","[]"
"288","EWW009","Haedong Yonggungsa Temple","1","Cmmn","Wonders of Construction","2","19","NULL","NULL","[]"
"289","EWW010","Angkor Wat","1","Cmmn","Wonders of Construction","6","54","NULL","NULL","[]"
"290","EWW006","The Colossus of Rhodes","1","Lgnd","Wonders of Construction","7","70","When played on the first turn of a round, this card has +40 Power.","{'Effects': [{'TriggerTime': 'PLAY','Target':{'Who':'SELF','Where':'CARDS_IN_HAND','What':'NAME','CompareTo':'The Colossus of Rhodes'},'Effect':{'Type':'POWER','Value':'+40'},'Duration':'END_TURN','Conditions':[{'Type':'TURN_IN_ROUND','Value':'1'}]}],'Combos':'[]'}","[]"
"291","POM001","Massospondylus","0","Cmmn","Omnivores","8","73","NULL","NULL","[]"
"292","POM002","Gallimimus","0","Rare","Omnivores","1","3","When played with French Hen, give that card +80 Power.","{'Effects': [{'TriggerTime': 'PLAY','Target':{'Who':'SELF','Where':'CARDS_IN_HAND','What':'NAME','CompareTo':'French Hen'},'Effect':{'Type':'POWER','Value':'80'},'Duration':'END_TURN','Conditions':[{'Type':'PLAYED_WITH','Who':'SELF','Where':'CARDS_PLAYED','What':'NAME','CompareTo':'French Hen'}]}],'Combos':'[French Hen]'}","[French Hen]"
"293","POM007","Pelecanimimus","0","Cmmn","Omnivores","5","43","NULL","NULL","[]"
"294","POM011","Yangchuanosaurus","0","Cmmn","Omnivores","6","52","NULL","NULL","[]"
"295","POM015","Amphicyon","0","Cmmn","Omnivores","5","40","When played with Grizzly Bear, give that card +40 Power.","{'Effects': [{'TriggerTime': 'PLAY','Target':{'Who':'SELF','Where':'CARDS_IN_HAND','What':'NAME','CompareTo':'Grizzly Bear'},'Effect':{'Type':'POWER','Value':'40'},'Duration':'END_TURN','Conditions':[{'Type':'PLAYED_WITH','Who':'SELF','Where':'CARDS_PLAYED','What':'NAME','CompareTo':'Grizzly Bear'}]}],'Combos':'[Grizzly Bear]'}","[Grizzly Bear]"
"296","POM014","Entelodont","0","Cmmn","Omnivores","3","27","When played with Peccary Hog, give that card +35 Power.","{'Effects': [{'TriggerTime': 'PLAY','Target':{'Who':'SELF','Where':'CARDS_IN_HAND','What':'NAME','CompareTo':'Peccary Hog'},'Effect':{'Type':'POWER','Value':'35'},'Duration':'END_TURN','Conditions':[{'Type':'PLAYED_WITH','Who':'SELF','Where':'CARDS_PLAYED','What':'NAME','CompareTo':'Peccary Hog'}]}],'Combos':'[Peccary Hog]'}","[Peccary Hog]"
"297","POM013","Citipati","0","Cmmn","Omnivores","4","39","NULL","NULL","[]"
"298","POM009","Ornithomimus","0","Cmmn","Omnivores","5","43","NULL","NULL","[]"
"299","ACNO001","Loki","1","Lgnd","Norse Mythology","5","35","When returned to your deck, your Opponent's cards left in hand cost 3 more Energy next turn.","{'Effects': [{'TriggerTime': 'RETURN','Target':{'Who':'OTHER','Where':'CARDS_REMAINING'},'Effect':{'Type':'ENERGY','Value':'3'},'Duration':{'Type':'TIMER','Value':'1'}}],'Combos':'[]'}","[]"
"300","ACNO002","Freya","1","Cmmn","Norse Mythology","2","25","When played, all cards have -25 Power this turn.","{'Effects': [{'TriggerTime': 'PLAY','Target':{'Who':'BOTH','Where':'CARDS_IN_HAND'},'Effect':{'Type':'POWER','Value':'-25'},'Duration':'END_TURN'}],'Combos':'[]'}","[]"
"301","ACNO003","Thor","1","Lgnd","Norse Mythology","5","48","When played, Thunderstorms cards gain +30 Power until played.","{'Effects': [{'TriggerTime': 'PLAY','Target':{'Who':'SELF','Where':'CARDS_IN_DECK','What':'NAME','CompareTo':'Thunderstorms'},'Effect':{'Type':'POWER','Value':'+30'},'Duration':'UNTIL_PLAYED'}],'Combos':'[Thunderstorms]'}","[Thunderstorms]"
"302","ACNO007","Frigga","1","Epic","Norse Mythology","7","70","When played with Odin, give that card +70 Power.","{'Effects': [{'TriggerTime': 'PLAY','Target':{'Who':'SELF','Where':'CARDS_IN_HAND','What':'NAME','CompareTo':'Odin'},'Effect':{'Type':'POWER','Value':'70'},'Duration':'END_TURN','Conditions':[{'Type':'PLAYED_WITH','Who':'SELF','Where':'CARDS_PLAYED','What':'NAME','CompareTo':'Odin'}]}],'Combos':'[Odin]'}","[Odin]"
"303","ACNO004","Odin","1","Epic","Norse Mythology","3","30","When played with Frigga, give that card +30 Power.","{'Effects': [{'TriggerTime': 'PLAY','Target':{'Who':'SELF','Where':'CARDS_IN_HAND','What':'NAME','CompareTo':'Frigga'},'Effect':{'Type':'POWER','Value':'30'},'Duration':'END_TURN','Conditions':[{'Type':'PLAYED_WITH','Who':'SELF','Where':'CARDS_PLAYED','What':'NAME','CompareTo':'Frigga'}]}],'Combos':'[Frigga]'}","[Frigga]"
"304","ACNO011","Ymir","1","Rare","Norse Mythology","9","87","When drawn, Lock a random card in your opponent's hand for this turn. If you are losing the round, also give it -20 Power until it is played.","{'Effects': [{'TriggerTime': 'DRAW','Target':{'Who':'OTHER','Where':'CARDS_IN_HAND'},'Effect':{'Type':'LOCK'},'Duration':'END_TURN',},{'TriggerTime': 'DRAW','Target':{'Who':'OTHER','Where':'CARDS_IN_HAND'},'Effect':{'Type':'POWER','Value':'-20'},'Duration':'UNTIL_PLAYED','Conditions':[{'Type':'ROUND_STATE','Value':'Loss'}]}],'Combos':'[]'}","[]"
"305","ACNO041","Skuld","1","Cmmn","Norse Mythology","6","57","When drawn, if you have played Urðarbrunnr, give Urðr and Verðandi (wherever they are) +20 Power until played.","{'Effects': [{'TriggerTime': 'DRAW','Target':{'Who':'SELF','Where':'CARDS_IN_DECK','What':'NAME','CompareTo':'Urðr'},'Effect':{'Type':'POWER','Value':'+20'},'Duration':'UNTIL_PLAYED','Conditions':[{'Type':'PLAYED_BEFORE','Who':'SELF','Where':'CARDS_IN_DECK','What':'NAME','CompareTo':'Urðarbrunnr'}]},{'TriggerTime': 'PLAY','Target':{'Who':'SELF','Where':'CARDS_IN_DECK','What':'NAME','CompareTo':'Verðandi'},'Effect':{'Type':'POWER','Value':'+20'},'Duration':'UNTIL_PLAYED','Conditions':[{'Type':'PLAYED_BEFORE','Who':'SELF','Where':'CARDS_IN_DECK','What':'NAME','CompareTo':'Urðarbrunnr'}]}],'Combos':'[Urðarbrunnr,Urðr,Verðandi]'}","[Urðarbrunnr,Urðr,Verðandi]"
"306","ACNO039","Urðr","1","Epic","Norse Mythology","4","35","When returned to your deck, if you have played Urðarbrunnr, give Verðandi and Skuld (wherever they are) +60 Power until played.","{'Effects': [{'TriggerTime': 'RETURN','Target':{'Who':'SELF','Where':'CARDS_IN_DECK','What':'NAME','CompareTo':'Verðandi'},'Effect':{'Type':'POWER','Value':'+60'},'Duration':'UNTIL_PLAYED','Conditions':[{'Type':'PLAYED_BEFORE','Who':'SELF','Where':'CARDS_IN_DECK','What':'NAME','CompareTo':'Urðarbrunnr'}]},{'TriggerTime': 'PLAY','Target':{'Who':'SELF','Where':'CARDS_IN_DECK','What':'NAME','CompareTo':'Skuld'},'Effect':{'Type':'POWER','Value':'+60'},'Duration':'UNTIL_PLAYED','Conditions':[{'Type':'PLAYED_BEFORE','Who':'SELF','Where':'CARDS_IN_DECK','What':'NAME','CompareTo':'Urðarbrunnr'}]}],'Combos':'[Urðarbrunnr,Verðandi,Skuld]'}","[Urðarbrunnr,Verðandi,Skuld]"
"307","ACNO040","Verðandi","1","Rare","Norse Mythology","5","46","When played, if you have played Urðarbrunnr, give Urðr and Skuld (wherever they are) +40 Power until played.","{'Effects': [{'TriggerTime': 'PLAY','Target':{'Who':'SELF','Where':'CARDS_IN_DECK','What':'NAME','CompareTo':'Urðr'},'Effect':{'Type':'POWER','Value':'+40'},'Duration':'UNTIL_PLAYED','Conditions':[{'Type':'PLAYED_BEFORE','Who':'SELF','Where':'CARDS_IN_DECK','What':'NAME','CompareTo':'Urðarbrunnr'}]},{'TriggerTime': 'PLAY','Target':{'Who':'SELF','Where':'CARDS_IN_DECK','What':'NAME','CompareTo':'Skuld'},'Effect':{'Type':'POWER','Value':'+40'},'Duration':'UNTIL_PLAYED','Conditions':[{'Type':'PLAYED_BEFORE','Who':'SELF','Where':'CARDS_IN_DECK','What':'NAME','CompareTo':'Urðarbrunnr'}]}],'Combos':'[Urðarbrunnr,Urðr,Skuld]'}","[Urðarbrunnr,Urðr,Skuld]"
"308","PFF001","Ornithocheirus","1","Cmmn","Fearsome Flyers","2","19","NULL","NULL","[]"
"309","PFF005","Thalassodromeus","1","Cmmn","Fearsome Flyers","4","39","NULL","NULL","[]"
"310","PFF006","Dorygnathus","1","Cmmn","Fearsome Flyers","5","41","NULL","NULL","[]"
"311","PFF007","Quetzalcoatlus","1","Rare","Fearsome Flyers","7","52","When played with Bushmaster, give that card +50 Power.","{'Effects': [{'TriggerTime': 'PLAY','Target':{'Who':'SELF','Where':'CARDS_IN_HAND','What':'NAME','CompareTo':'Bushmaster'},'Effect':{'Type':'POWER','Value':'50'},'Duration':'END_TURN','Conditions':[{'Type':'PLAYED_WITH','Who':'SELF','Where':'CARDS_PLAYED','What':'NAME','CompareTo':'Bushmaster'}]}],'Combos':'[Bushmaster]'}","[Bushmaster]"
"312","PFF003","Eudimorphodon","1","Cmmn","Fearsome Flyers","3","29","When played, all Oceans and Seas cards have -15 Power this turn.","{'Effects': [{'TriggerTime': 'PLAY','Target':{'Who':'BOTH','Where':'CARDS_IN_DECK','What':'ALBUM','CompareTo':'Oceans and Seas'},'Effect':{'Type':'POWER','Value':'-15'},'Duration':'END_TURN',}],'Combos':'[Oceans and Seas]'}","[Oceans and Seas]"
"313","PFF010","Tupuxuara","1","Cmmn","Fearsome Flyers","4","35","When played with Parasaurolophus, give that card +30 Power.","{'Effects': [{'TriggerTime': 'PLAY','Target':{'Who':'SELF','Where':'CARDS_IN_HAND','What':'NAME','CompareTo':'Parasaurolophus'},'Effect':{'Type':'POWER','Value':'30'},'Duration':'END_TURN','Conditions':[{'Type':'PLAYED_WITH','Who':'SELF','Where':'CARDS_PLAYED','What':'NAME','CompareTo':'Parasaurolophus'}]}],'Combos':'[Parasaurolophus]'}","[Parasaurolophus]"
"314","EOW006","Jesse James","0","Cmmn","Legends of the Old West","7","62","NULL","NULL","[]"
"315","EOW010","Elmer McCurdy","0","Cmmn","Legends of the Old West","3","24","NULL","NULL","[]"
"316","EOW015","Wild Bill Hickok","0","Fusn","Legends of the Old West","4","49","When played with Playing Cards, give that card +50 Power.","{'Effects': [{'TriggerTime': 'PLAY','Target':{'Who':'SELF','Where':'CARDS_IN_HAND','What':'NAME','CompareTo':'Playing Cards'},'Effect':{'Type':'POWER','Value':'50'},'Duration':'END_TURN','Conditions':[{'Type':'PLAYED_WITH','Who':'SELF','Where':'CARDS_PLAYED','What':'NAME','CompareTo':'Playing Cards'}]}],'Combos':'[Playing Cards]'}","[Playing Cards]"
"317","EOW009","Pearl Hart","0","Cmmn","Legends of the Old West","4","35","NULL","NULL","[]"
"318","LAL012","Brushtail Possum","1","Cmmn","Marsupials","2","29","NULL","NULL","[]"
"319","LAL013","Fat-tailed Dunnart","1","Cmmn","Marsupials","7","66","NULL","NULL","[]"
"320","LAL015","Tiger Quoll","1","Cmmn","Marsupials","1","8","NULL","NULL","[]"
"321","LAL010","Sugar Glider","1","Cmmn","Marsupials","3","35","When played, all cards have -10 Power this turn.","{'Effects': [{'TriggerTime': 'PLAY','Target':{'Who':'BOTH','Where':'CARDS_IN_HAND'},'Effect':{'Type':'POWER','Value':'-10'},'Duration':'END_TURN'}],'Combos':'[]'}","[]"
"322","PEV001","Dinosaur Eggs","0","Epic","Paleontology Specials","2","18","When played with Egg Nebula, give that card +40 Power.","{'Effects': [{'TriggerTime': 'PLAY','Target':{'Who':'SELF','Where':'CARDS_IN_HAND','What':'NAME','CompareTo':'Egg Nebula'},'Effect':{'Type':'POWER','Value':'40'},'Duration':'END_TURN','Conditions':[{'Type':'PLAYED_WITH','Who':'SELF','Where':'CARDS_PLAYED','What':'NAME','CompareTo':'Egg Nebula'}]}],'Combos':'[Egg Nebula]'}","[Egg Nebula]"
"323","LBB025","Forest Giant Owl Butterfly","0","Cmmn","Beautiful Butterflies","7","70","NULL","NULL","[]"
"324","LBB007","Emerald Swallowtail Butterfly","0","Cmmn","Beautiful Butterflies","5","56","When played, all cards have -10 Power this turn.","{'Effects': [{'TriggerTime': 'PLAY','Target':{'Who':'BOTH','Where':'CARDS_IN_HAND'},'Effect':{'Type':'POWER','Value':'-10'},'Duration':'END_TURN'}],'Combos':'[]'}","[]"
"325","LBB011","Zebra Longwing","0","Cmmn","Beautiful Butterflies","3","17","When played on the first turn of a round, this card has +17 Power.","{'Effects': [{'TriggerTime': 'PLAY','Target':{'Who':'SELF','Where':'CARDS_IN_HAND','What':'NAME','CompareTo':'Zebra Longwing'},'Effect':{'Type':'POWER','Value':'+17'},'Duration':'END_TURN','Conditions':[{'Type':'TURN_IN_ROUND','Value':'1'}]}],'Combos':'[]'}","[]"
"326","FLL001","Arctic Fox","0","Fusn","Life on Land Special Fusions","6","69","When played with Blizzard, give that card +80 Power.","{'Effects': [{'TriggerTime': 'PLAY','Target':{'Who':'SELF','Where':'CARDS_IN_HAND','What':'NAME','CompareTo':'Blizzard'},'Effect':{'Type':'POWER','Value':'80'},'Duration':'END_TURN','Conditions':[{'Type':'PLAYED_WITH','Who':'SELF','Where':'CARDS_PLAYED','What':'NAME','CompareTo':'Blizzard'}]}],'Combos':'[Blizzard]'}","[Blizzard]"
"327","FSE001","Crown-of-Thorns Starfish","0","Fusn","Oceans & Seas Special Fusions","6","90","When played, if you are winning the round, this card has -50 Power.","{'Effects': [{'TriggerTime': 'PLAY','Target':{'Who':'SELF','Where':'CARDS_IN_HAND','What':'NAME','CompareTo':'Crown-of-Thorns Starfish'},'Effect':{'Type':'POWER','Value':'-50'},'Duration':'END_TURN','Conditions':[{'Type':'ROUND_STATE','Value':'Win'}]}],'Combos':'[]'}","[]"
"328","FSE007","Spanish Armada","0","Fusn","Oceans & Seas Special Fusions","2","22","When drawn, give your Riding the Waves cards +26 Power this turn and next.","{'Effects':[{'TriggerTime':'DRAW','Target':{'Who':'SELF','Where':'CARDS_IN_DECK','What':'COLLECTION','CompareTo':'Riding the Waves'},'Effect':{'Type':'POWER','Value':'+26'},'Duration':{'Type':'TIMER','Value':'1'},}],'Combos':'[]'}","[]"
"329","ACGM002","Aphrodite","1","Cmmn","Greek Mythology","4","40","When played with Heart Nebula, give that card +30 Power.","{'Effects': [{'TriggerTime': 'PLAY','Target':{'Who':'SELF','Where':'CARDS_IN_HAND','What':'NAME','CompareTo':'Heart Nebula'},'Effect':{'Type':'POWER','Value':'30'},'Duration':'END_TURN','Conditions':[{'Type':'PLAYED_WITH','Who':'SELF','Where':'CARDS_PLAYED','What':'NAME','CompareTo':'Heart Nebula'}]}],'Combos':'[Heart Nebula]'}","[Heart Nebula]"
"330","SAS010","Alan B. Shepard Jr.","1","Cmmn","Amazing Astronauts","2","18","When played on the first turn of a round, this card has +18 Power.","{'Effects': [{'TriggerTime': 'PLAY','Target':{'Who':'SELF','Where':'CARDS_IN_HAND','What':'NAME','CompareTo':'Alan B. Shepard Jr.'},'Effect':{'Type':'POWER','Value':'+18'},'Duration':'END_TURN','Conditions':[{'Type':'TURN_IN_ROUND','Value':'1'}]}],'Combos':'[]'}","[]"
"331","ACSP024","Rowing","0","Epic","Good Sports","3","28","When played, give your Raging Rivers cards +27 Power this turn and next.","{'Effects':[{'TriggerTime':'PLAY','Target':{'Who':'SELF','Where':'CARDS_IN_DECK','What':'COLLECTION','CompareTo':'Raging Rivers'},'Effect':{'Type':'POWER','Value':'+27'},'Duration':{'Type':'TIMER','Value':'1'},}],'Combos':'[]'}","[]"
"332","SMW013","Katyusha Rocket Launcher","1","Cmmn","Machines of War","2","19","When played, give your Radical Rockets cards +27 Power this turn and next.","{'Effects':[{'TriggerTime':'PLAY','Target':{'Who':'SELF','Where':'CARDS_IN_DECK','What':'COLLECTION','CompareTo':'Radical Rockets'},'Effect':{'Type':'POWER','Value':'+27'},'Duration':{'Type':'TIMER','Value':'1'},}],'Combos':'[]'}","[]"
"333","OFF016","Bluefin Tuna","1","Cmmn","Feisty Fish","1","8","NULL","NULL","[]"
"334","OFF017","Sailfish","1","Cmmn","Feisty Fish","5","48","NULL","NULL","[]"
"335","EJF006","Kitsune","1","Cmmn","Japanese Folklore","1","9","When drawn, give your Feudal Japan cards +16 Power this turn and next.","{'Effects':[{'TriggerTime':'DRAW','Target':{'Who':'SELF','Where':'CARDS_IN_DECK','What':'COLLECTION','CompareTo':'Feudal Japan'},'Effect':{'Type':'POWER','Value':'+16'},'Duration':{'Type':'TIMER','Value':'1'},}],'Combos':'[]'}","[]"
"336","EJF019","Tamamo-no-Mae","1","Lgnd","Japanese Folklore","7","64","When played, if your deck contains Kitsune, give your Japanese Folklore cards (wherever they are) +22 Power until played.","{'Effects':[{'TriggerTime':'PLAY','Target':{'Who':'SELF','Where':'CARDS_IN_DECK','What':'NAME','CompareTo':'Japanese Folklore'},'Effect':{'Type':'POWER','Value':'+22'},'Duration':'UNTIL_PLAYED','Conditions':[{'Type':'DECK_CONTAINS','Who':'SELF','Where':'CARDS_IN_DECK','What':'COLLECTION','CompareTo':'Kitsune','Value':'1'}]}],'Combos':'[Kitsune,Japanese Folklore]'}","[Kitsune,Japanese Folklore]"
"337","EHC007","Goodtimes Virus","1","Rare","Hoaxes and Cons","5","44","When played, if it is the last turn of the round, give your History of the Internet cards, wherever they are, +14 Power until played.","{'Effects':[{'TriggerTime':'PLAY','Target':{'Who':'SELF','Where':'CARDS_IN_DECK','What':'COLLECTION','CompareTo':'History of the Internet'},'Effect':{'Type':'POWER','Value':'+14'},'Duration':'UNTIL_PLAYED','Conditions':[{'Type':'TURN_IN_ROUND','Value':'3'}]}],'Combos':'[History of the Internet]'}","[History of the Internet]"
"338","SLP001","Flower Moon","1","Rare","Moon In Motion","4","29","When played, give your Plant Life cards +20 Power this turn and next.","{'Effects':[{'TriggerTime':'PLAY','Target':{'Who':'SELF','Where':'CARDS_IN_DECK','What':'COLLECTION','CompareTo':'Plant Life'},'Effect':{'Type':'POWER','Value':'+20'},'Duration':{'Type':'TIMER','Value':'1'},}],'Combos':'[]'}","[]"
"339","SLP002","Strawberry Moon","1","Rare","Moon In Motion","4","29","When played, your Curious Cuisine cards gain +20 Power this turn and next.","{'Effects':[{'TriggerTime':'PLAY','Target':{'Who':'SELF','Where':'CARDS_IN_DECK','What':'COLLECTION','CompareTo':'Curious Cuisine'},'Effect':{'Type':'POWER','Value':'+20'},'Duration':{'Type':'TIMER','Value':'1'},}],'Combos':'[]'}","[]"
"340","SCD001","Humorism","1","Lgnd","Debunked!","7","45","When drawn, give a random card in your hand +50 Power this turn.nWhen played, give this card +20 Power permanently.nWhen returned to your deck, reduce the Energy cost of your Opponent's remaining cards by 2 for 2 turns.nWhile in your hand, at the start of each turn, give your cards +5 Power this turn.","{'Effects':[{'TriggerTime':'DRAW','Target':{'Who':'SELF','Where':'CARDS_IN_HAND'},'Effect':{'Type':'POWER','Value':'50'},'Duration':'END_TURN',},{'TriggerTime':'PLAY','Target':{'Who':'SELF','Where':'CARDS_IN_HAND', 'What':'NAME','CompareTo':'Humorism'},'Effect':{'Type':'POWER','Value':'20'},'Duration':'PERMANENT',},{'TriggerTime':'RETURN','Target':{'Who':'OTHER','Where':'CARDS_REMAINING'},'Effect':{'Type':'ENERGY','Value':'-2'},'Duration':{'Type':'TIMER','Value':'2'},},{'TriggerTime':'START','Target':{'Who':'SELF','Where':'CARDS_IN_HAND'},'Effect':{'Type':'POWER','Value':'5'},'Duration':'END_TURN',}],'Combos':'[]'}","[]"
"341","SCD002","The Geocentric Model","1","Epic","Debunked!","7","35","When drawn, for each Solar System card in your deck, give the Earth card +8 Power.","{'Effects':[{'TriggerTime':'DRAW','Target':{'Who':'SELF','Where':'CARDS_IN_DECK','What':'NAME','CompareTo':'Earth'},'Effect':{'Type':'POWER_FOR_EACH','Value':'+8','CountEach':{'Who':'SELF','Where':'CARDS_IN_DECK','What':'COLLECTION','CompareTo':'Solar System'}},'Duration':'PERMANENT',}],'Combos':'[Solar System,Earth]'}","[Solar System,Earth]"
"342","SHN003","Lolcat","1","Epic","History of the Internet","8","74","When played, if your deck contains 9 or more Cute Cats, give them, wherever they are, +14 Power until played.","{'Effects':[{'TriggerTime':'PLAY','Target':{'Who':'SELF','Where':'CARDS_IN_DECK','What':'COLLECTION','CompareTo':'Cute Cats'},'Effect':{'Type':'POWER','Value':'+14'},'Duration':'UNTIL_PLAYED','Conditions':[{'Type':'DECK_CONTAINS','Who':'SELF','Where':'CARDS_IN_DECK','What':'COLLECTION','CompareTo':'Cute Cats','Value':'>=9'}]}],'Combos':'[Cute Cats]'}","[Cute Cats]"
"343","SHN001","One Red Paperclip","0","Rare","History of the Internet","3","25","When played, steal 2 Energy from your Opponent.","{'Effects':[{'TriggerTime':'PLAY','Target':{'Who':'SELF'},'Effect':{'Type':'ENERGY','Value':'2'},'Duration':'PERMANENT',},{'TriggerTime':'PLAY','Target':{'Who':'OTHER'},'Effect':{'Type':'ENERGY','Value':'-2'},'Duration':'PERMANENT',}],'Combos':'[]'}","[]"
"344","SHN004","Doge","1","Lgnd","History of the Internet","4","21","When played, if your deck contains Shiba Inu, give your Dogs cards (wherever they are) +19 Power until played.","{'Effects':[{'TriggerTime':'PLAY','Target':{'Who':'SELF','Where':'CARDS_IN_DECK','What':'NAME','CompareTo':'Dogs'},'Effect':{'Type':'POWER','Value':'+19'},'Duration':'UNTIL_PLAYED','Conditions':[{'Type':'DECK_CONTAINS','Who':'SELF','Where':'CARDS_IN_DECK','What':'COLLECTION','CompareTo':'Shiba Inu','Value':'1'}]}],'Combos':'[Shiba Inu,Dogs]'}","[Shiba Inu,Dogs]"
"345","SHN002","info.cern.ch","1","Rare","History of the Internet","8","91","When returned to your deck, if it is the first turn of the round, give your Web Surfers cards, wherever they are, +18 Power until played.","{'Effects':[{'TriggerTime':'RETURN','Target':{'Who':'SELF','Where':'CARDS_IN_DECK','What':'COLLECTION','CompareTo':'Web Surfers'},'Effect':{'Type':'POWER','Value':'+18'},'Duration':'UNTIL_PLAYED','Conditions':[{'Type':'TURN_IN_ROUND','Value':'1'}]}],'Combos':'[Web Surfers]'}","[Web Surfers]"
"346","ACAM006","Walking the United Kingdom","0","Cmmn","Angela Maxwells Walking the World","2","11","When drawn, if you are losing the round, give your Angela Maxwells Walking the World (wherever they are) cards +15 Power this turn.","{'Effects':[{'TriggerTime':'DRAW','Target':{'Who':'SELF','Where':'CARDS_IN_DECK','What':'COLLECTION','CompareTo':'Angela Maxwells Walking the World'},'Effect':{'Type':'POWER','Value':'+15'},'Duration':'END_TURN','Conditions':[{'Type':'ROUND_STATE','Value':'Loss'}]}],'Combos':'[Angela Maxwells Walking the World]'}","[Angela Maxwells Walking the World]"
"347","ACAM002","Walking Vietnam","0","Rare","Angela Maxwells Walking the World","4","29","When returned to your deck, if you lost the turn, reduce the Energy cost of your Angela Maxwells Walking the World cards (wherever they are) by 1 until played.","{'Effects':[{'TriggerTime':'RETURN','Target':{'Who':'SELF','Where':'CARDS_IN_DECK','What':'COLLECTION','CompareTo':'Angela Maxwells Walking the World'},'Effect':{'Type':'ENERGY','Value':'-1'},'Duration':'UNTIL_PLAYED','Conditions':[{'Type':'TURN_STATE','Value':'Loss'}]}],'Combos':'[Angela Maxwells Walking the World]'}","[Angela Maxwells Walking the World]"
"348","ACAM008","Walking America","0","Epic","Angela Maxwells Walking the World","7","57","When played, if you are losing the round, give your Angela Maxwells Walking the World (wherever they are) cards +16 Power for 3 turns.","{'Effects':[{'TriggerTime':'PLAY','Target':{'Who':'SELF','Where':'CARDS_IN_DECK','What':'COLLECTION','CompareTo':'Angela Maxwells Walking the World'},'Effect':{'Type':'POWER','Value':'+16'},'Duration':{'Type':'TIMER','Value':'3'},'Conditions':[{'Type':'ROUND_STATE','Value':'Loss'}]}],'Combos':'[Angela Maxwells Walking the World]'}","[Angela Maxwells Walking the World]"
"349","ACAM005","Walking Italy","0","Epic","Angela Maxwells Walking the World","6","45","When played, if you are losing the round, give your Angela Maxwells Walking the World (wherever they are) cards +25 Power for 3 turns.","{'Effects':[{'TriggerTime':'PLAY','Target':{'Who':'SELF','Where':'CARDS_IN_DECK','What':'COLLECTION','CompareTo':'Angela Maxwells Walking the World'},'Effect':{'Type':'POWER','Value':'+25'},'Duration':{'Type':'TIMER','Value':'3'},'Conditions':[{'Type':'ROUND_STATE','Value':'Loss'}]}],'Combos':'[Angela Maxwells Walking the World]'}","[Angela Maxwells Walking the World]"
"350","ACAM003","Walking Mongolia","0","Rare","Angela Maxwells Walking the World","6","52","When returned to your deck, if you lost the turn, reduce the Energy cost of your Angela Maxwells Walking the World (wherever they are) cards by 2 for 3 turns.","{'Effects':[{'TriggerTime':'RETURN','Target':{'Who':'SELF','Where':'CARDS_IN_DECK','What':'COLLECTION','CompareTo':'Angela Maxwells Walking the World'},'Effect':{'Type':'ENERGY','Value':'-2'},'Duration':{'Type':'TIMER','Value':'3'},'Conditions':[{'Type':'TURN_STATE','Value':'Loss'}]}],'Combos':'[Angela Maxwells Walking the World]'}","[Angela Maxwells Walking the World]"
"351","ACAM001","Walking Australia","0","Lgnd","Angela Maxwells Walking the World","5","48","While in your hand, at the start of each turn, if you are losing the round, give your Angela Maxwells Walking the World cards (wherever they are) +7 Power for 4 turns.","{'Effects':[{'TriggerTime':'START','Target':{'Who':'SELF','Where':'CARDS_IN_DECK','What':'COLLECTION','CompareTo':'Angela Maxwells Walking the World'},'Effect':{'Type':'POWER','Value':'+7'},'Duration':{'Type':'TIMER','Value':'4'},'Conditions':[{'Type':'ROUND_STATE','Value':'Loss'}]}],'Combos':'[Angela Maxwells Walking the World]'}","[Angela Maxwells Walking the World]"
"352","ACAM007","Walking New Zealand","0","Lgnd","Angela Maxwells Walking the World","3","27","When played, if you have lost two or more rounds, give your Angela Maxwells Walking the World (wherever they are) cards +14 Power permanently.","{'Effects':[{'TriggerTime':'PLAY','Target':{'Who':'SELF','Where':'CARDS_IN_DECK','What':'COLLECTION','CompareTo':'Angela Maxwells Walking the World'},'Effect':{'Type':'POWER','Value':'+14'},'Duration':'PERMANENT','Conditions':[{'Type':'ROUNDS_LOST','Value':'>+14'}]}],'Combos':'[Angela Maxwells Walking the World]'}","[Angela Maxwells Walking the World]"
"353","ACAM004","Walking Turkey","0","Cmmn","Angela Maxwells Walking the World","1","5","When drawn, if you have lost at least 1 round, give your Angela Maxwells Walking the World cards (wherever they are) +15 Power this turn.","{'Effects':[{'TriggerTime':'DRAW','Target':{'Who':'SELF','Where':'CARDS_IN_DECK','What':'COLLECTION','CompareTo':'Angela Maxwells Walking the World'},'Effect':{'Type':'POWER','Value':'+15'},'Duration':'END_TURN','Conditions':[{'Type':'ROUNDS_LOST','Value':'>1'}]}],'Combos':'[Angela Maxwells Walking the World]'}","[Angela Maxwells Walking the World]"
