ACFE039,ACGM029,ACHA006,ACNO004,ACNO019,EWO017,EWW036,LDG008,LMA004,LVE011,OCP002,OSH001,POM023,SBB012,SHN001,SME007,SOD019,STE019
ACAL026,ACFE039,ACHA006,ACNO004,ACNO019,EMM034,EWW036,LBU010,LDG008,LVE011,OCP002,OSH001,PCA038,POM023,SBB012,SMA036,SOD019,STE019
ACFE035,ACFE039,ACHA006,ACNO004,ACNO019,ECF017,ECF018,EMM034,EWW036,LDG008,OCP002,POM008,POM023,SBB012,SME007,SOD016,SOD019,STE019
ACFE039,ACNO004,ACNO019,EAG002,ECF018,EWW036,LDG008,LMA004,LRE008,LVE011,OCP002,OSH001,POM023,SBB012,SMA036,SME007,SOD019,STE019
ACFE039,ACHA006,ACNO004,ECF017,ECF018,EWW036,LAM020,LDG008,LVE011,OCP002,PFF006,PHE024,POM023,SBB012,SME007,SOD016,SOD019,STE019
ACFE039,ACHA006,ACNO004,ACNO019,ECF017,ECF018,EMM034,EWW036,LAL016,LDG008,OCP002,PCA027,POM023,SBB012,SMA036,SME007,SOD019,STE019
ACFE039,ACHA006,ACNO004,ACNO019,EAG009,ECF018,EMM034,EWO017,LDG008,OSH001,POM023,SBB012,SMA008,SMA036,SME007,SMT005,SOD019,STE019
ACNO004,ACNO019,ECF017,EES003,EMM034,EPP004,ESY007,EWW036,LVE011,OCP002,POM023,SBB012,SMA036,SME007,SMW008,SOD019,SRR017,STE019
ACFE015,ACFE039,ACHA006,ACNO004,ACNO019,ECF017,ECF018,EWW036,LDG021,LDG025,LVE011,OCP002,OSH001,SBB012,SME007,SNV017,SOD019,STE019
ACFE039,ACHA006,ACNO004,ECF017,ECF018,EMM034,LAM020,LDG008,LVE011,OCP002,PHE024,POM023,SBB012,SME007,SOD016,SOD019,SST009,STE019
ACFE039,ACHA006,ACNO004,ACNO019,ECF017,EMM034,EWW036,LDG008,OCP002,PCA027,POM023,SBB012,SMA036,SME007,SOD016,SOD019,SOD029,STE019
ACFE039,ACGD011,ACHA006,ACNO004,ACNO019,ECF017,ECF018,EMM034,EWW036,LDG008,OCP002,PCA027,POM023,SBB012,SMA036,SOD016,SOD019,STE019
ACEM001,ACFE039,ACHA006,ACNO004,ECF018,EMM034,EWO017,EWW036,LBU022,LDG008,OCP002,OSH001,POM023,SBB012,SMA008,SME007,SOD019,STE019
ACFE039,ACHA006,ACNO004,ACNO019,ECF017,ECF018,EMM034,EWW036,LDG008,OCP002,PCA027,POM023,SBB012,SME007,SME016,SOD016,SOD019,STE019
ACFE039,ACHA006,ACNO004,ACNO019,ECF017,EMM034,EPP017,EWW036,LBB002,OCP002,ODE026,OSH001,POM023,SBB012,SGM012,SMA036,SME007,STE019
ACNO004,ACNO019,EAG002,ECF018,EWO017,EWW036,LDG008,LMA004,LVE011,OCP002,OSH001,PHE010,POM023,SBB012,SMA036,SME007,SOD019,STE019
ACFE039,ACHA006,ACNO004,ACNO019,ECF018,EMM034,EWO017,EWW036,LDG008,OCP002,OCP007,OSH001,PCA006,POM023,SMA008,SMA036,SOD019,STE019
ACAL026,ACFE039,ACHA006,ACNO004,ACNO019,EMM034,EWW036,LDG008,LVE011,OCP002,OSH001,POM023,SBB012,SMA036,SME007,SOD019,STE019,STE023
ACNO004,ACNO019,EES003,EMM034,EPP004,ESY007,EWW036,LVE011,OCP002,OSH001,POM023,SBB012,SIW004,SMA036,SME007,SOD019,SRR017,STE019
ACFE039,ACHA006,ACNO004,ECF017,ECF018,EMM034,EWW036,LAM020,LDG008,LVE011,OCP002,PHE024,POM023,SBB012,SMA012,SME007,SOD016,SOD019
ACFE039,ACHA006,ACNO004,ACNO019,ECF017,EMM034,EWW036,LDG008,OCP002,OFF017,POM023,SBB001,SBB012,SMA036,SME007,SOD016,SOD019,STE019
ACFE030,ACFE039,ACHA006,ACNO004,ECF018,EWO017,EWW036,LBU022,LDG008,OCP002,OSH001,POM023,SBB012,SMA008,SMA036,SME007,SOD019,STE019
ACAM004,ACFE039,ACNO004,EMM034,EWW036,LBU003,LDG008,LRE009,LVE011,MYSE002,OCP002,OSH001,SBB012,SMA036,SME007,SNV037,SST016,STE019
ACFE039,ACHA006,ACNO004,ACNO019,ECF017,ECF018,EMM034,EWW036,LDG008,LVE011,OCP002,OSH001,POM023,SBB012,SMA036,SOD019,STE013,STE019
ACFE039,ACHA006,ACNO004,ECF018,EMM034,EWW036,LDG008,LVE011,OBI017,OCP002,OFI020,PIC016,PMO021,POM023,SBB012,SMA036,SOD019,STE019
ACFE039,ACNO004,ACNO019,ECF018,EWO017,EWW036,LDG008,LMA004,LVE010,LVE011,OCP002,OSH001,POM023,SBB012,SMA036,SME007,SOD019,STE019
ACFE039,ACHA006,ACNO004,ACNO019,ECF017,ECF018,EHH002,EMM034,EWW036,LVE011,OCP002,POM023,SBB012,SMA036,SME005,SME007,SOD016,SOD019
ACFE039,ACHA006,ACNO004,ACNO019,ECF017,ECF018,EMM034,EWW036,LDG008,OCP002,POM023,SBB012,SMA036,SME007,SOD016,SOD019,STE019,STR010
ACFE039,ACHA006,ACNO004,ACNO019,ECF017,EHH002,EMM034,EWW036,EWW039,LDG008,LVE011,OCP002,POM023,SBB012,SMA036,SME007,SOD016,SOD019
ACEV020,ACFE039,ACHA006,ACNO004,ECF017,ECF018,EHH002,EMM034,EWW036,LDG008,LVE011,OCP002,POM023,SBB012,SMA036,SME007,SOD016,SOD019
ACFE039,ACHA006,ACNO004,ACNO019,ECF018,EWW036,LDG008,LMA004,LRE002,LVE011,OCP002,OSH001,PMO011,POM023,SBB012,SMA036,SME007,STE019
ACFE039,ACHA006,ACNO004,ACNO019,ECF017,ECF018,EHH002,EJP016,EMM034,EWW036,LDG008,OCP002,POM023,SBB012,SMA036,SME007,SOD016,SOD019
ACFE039,ACHA006,ACNO004,ACNO019,ECF018,EEE013,EMM019,EWW036,LDG008,OCP002,OCP008,OSH001,PCA036,SBB001,SBB012,SMA036,SOD019,STE019
ACAL026,ACFE039,ACHA006,ACNO004,ACNO019,ACSP029,EMM034,EWW036,LDG008,LVE011,OCP002,OSH001,PCA038,POM023,SBB012,SMA036,SOD019,STE019
ACFE035,ACFE039,ACHA006,ACNO004,ACNO019,ECF017,ECF018,EMM034,EWW036,OCP002,PHE024,POM023,SBB012,SME007,SOD016,SOD019,SST022,STE019
ACFE039,ACHA006,ACNO004,ACNO019,ECF017,ECF018,EMM034,EWW036,LBU024,LDG008,LVE011,POM023,SBB012,SMA036,SME007,SOD016,SOD019,STE019
ACFE035,ACFE039,ACHA006,ACNO004,ACNO019,ECF017,EMM034,EWW036,LDG008,OCP002,PHE024,POM023,SBB012,SIW011,SME007,SOD016,SOD019,STE019
ACFE039,ACHA006,ACNO004,ACNO019,ECF017,ECF018,EHH002,EMM034,EWW036,LDG008,LVE011,OCP002,PFF007,POM023,SMA036,SME007,SOD016,SOD019
ACHA006,ACNO004,ECF017,ECF018,EMM034,EWW036,LDG008,LVE011,OCP002,POM023,SBB012,SFN002,SME007,SNV016,SOD016,SOD019,STE019,STR001
ACFE039,ACHA006,ACNO004,ACNO019,ECF018,EMM034,EWW036,LDG008,LVE011,OCP002,OSH001,POM023,SBB012,SFO021,SMA036,SOD019,SOD033,STE019
ACHA006,ACNO004,ACNO019,ECF018,EMM034,EWO017,EWW036,LDG008,OCP002,OCP007,OFI009,OSH001,POM023,SBB012,SMA008,SMA036,SOD019,STE019
ACHA006,ACNO004,ACNO019,ECF017,EMM034,EWW036,LDG008,LVE011,OCP002,POM023,SBB001,SBB012,SMA036,SME007,SME010,SOD016,SOD019,STE019
ACFE039,ACHA006,ACNO004,ECF018,EJF009,EMM034,EWW036,LBU022,LDG008,OCP002,OSH001,POM023,SBB012,SMA008,SMA036,SME007,SOD019,STE019
ACAM004,ACFE039,ACNO004,EMM034,EWW036,LBU003,LDG008,LRE009,LTT005,LVE011,OCP002,OSH001,SBB012,SMA036,SME007,SNV037,SST016,STE019
ACFE039,ACHA006,ACNO004,ACNO019,ACTA007,ECF018,EMM034,EWW036,LDG008,OCP002,PCA027,POM023,SBB012,SMA036,SME007,SOD016,SOD019,STE019
ACHA006,ACNO004,ECF017,ECF018,EMM034,EWW036,LDG008,LVE011,OCP002,OWA008,SBB012,SMA036,SME007,SNV016,SOD016,SOD019,STE019,STR001
ACHA006,ACNO004,ACNO019,ECF017,ECF018,EMM034,EWW036,LAM023,LDG008,LVE011,OCP002,POM023,SBB012,SMA036,SME007,SOD016,SOD019,STE019
ACFE039,ACHA006,ACNO004,ACNO019,ACWS001,ECF017,ECF018,EMM034,EWW036,LDG008,LVE011,OCP002,POM023,SBB012,SMA036,SME007,SOD019,STE019
ACNO004,ACNO019,ECF017,EES003,EMM034,EPP004,ESY007,EWW036,LVE011,OCP002,OSH001,POM023,SBB012,SME007,SNB019,SOD019,SRR017,STE019
ACFE039,ACHA006,ACNO004,ACNO019,ECF017,EMM034,EWW036,LDG008,LVE011,OCP002,POM023,SBB001,SBB012,SMA036,SME007,SOD016,SOD019,STE019
