ACAZ001,ACPH013,ACPP013,EJP016,EMM035,FPA002,HEV007,LHY003,LTT018,MYHI002,OFI030,PMO016,SAS003,SBB011,SEV002,SFN010,SIW008,SMT006
ACAL011,ACAM001,ACGM025,ACPH013,ACPP008,ACWS022,EMM019,ERO024,EWW033,LTT018,LUN018,LVE033,MYHI002,OBI016,OFI030,SEV002,SFN010,SMT006
ACAM008,ACEV007,ACFF005,ECF003,EJP027,EMM007,FHI001,LAM001,LAM019,LBI009,LUN024,OBI007,OMW001,OSH012,SBB007,SNV016,SPI013,SST034
ACAL035,EPP018,EWW031,LBB004,LBB030,LBI009,LBI032,LUN013,LVE031,MYSC004,OFF016,OSH003,SAS011,SIW004,SMT004,SMT011,SNB020,SNV002
ACAM008,ACEV007,ACGM045,ECF003,EJP027,EMM007,LAM001,LAM019,LBI009,LUN024,OBI007,OMW001,OSH012,SBB007,SMO001,SNV016,SPI013,SST034
ACSP012,EAG010,EEE012,EMM035,EWW012,LHY003,LPL027,LPR012,LVE019,MYHI002,OFI030,PHE019,PMO017,SAS003,SDD009,SFN010,SNB021,SNV010
ACEM004,ACMU005,ACPH009,EMM027,EPP024,ERO023,ESS001,LBU012,LMA041,LVE033,OBI016,OCP025,OMA034,OWA015,PIC016,SEN013,SFN012,SZO013
ACAZ001,ACPH013,EAF004,EJP016,EMM035,EWW033,EWW039,HEV007,LBU022,LHY003,LUN018,MYHI002,ODE005,OFI030,PMO016,SAS003,SFN010,SMT006
ACGM037,ACMU005,ACNO007,EMM027,ERO023,LBB014,LBB020,LBU012,LCA008,LCC016,LVE019,OBI016,ODE026,SAS005,SGM022,SMA010,SNV017,SZO013
ACFF006,ACMU005,ACNO007,EEE009,EMM027,EOW010,ERO023,HEV007,LBB014,LBB020,LBU012,OBI016,OFI029,PIC016,SGM022,SMA010,STE021,SZO013
ACAL011,ACAM001,ACPH013,ACPP008,EWW033,LBI031,LHY003,LMA012,LTT018,LUN018,MYHI002,OBI016,OFI030,PHE019,SAS012,SFN010,SMT006,STE015
ACFF006,ACGM037,ACMU005,ACNO007,EMM027,EOW010,ERO023,LBB014,LBB020,LBU012,LCC016,OBI016,OFI029,PIC013,SFN014,SGM022,SMA010,SZO013
ACAM001,ACAM004,ACGM025,ACPP008,EWW033,LAL034,LHY003,LMA043,LTT018,LUN018,MYHI002,OBI016,OFI030,PAN029,PHE019,SEV002,SFN010,SNB025
ACAL011,ACGM025,ACPH013,ACPP008,EEE017,EMM035,EWW033,LMC031,LPR010,LRE029,LTT018,LUN018,MYHI002,OBI016,OCE016,SAS003,SFN010,SMT006
ACAM008,ACEV007,ACTA009,ECF003,EJP027,EMM007,FHI001,LAM001,LAM019,LBI009,LUN024,OMW001,OSH012,SBB007,SMO001,SNV016,SPI013,SST034
ACAL011,ACAM001,ACPH013,ACPP008,EWW033,LBI042,LBU003,LHY003,LTT018,LUN018,MYHI002,OFI030,PHE019,SAS012,SFN010,SST034,STE015,SWA010
ACFF006,ACMU005,ACNO007,EEE009,EOW010,ERO023,HEV007,LBB014,LBB020,LBI006,LBU012,LCC016,OBI016,OFI029,PIC016,SGM022,SMA010,SZO013
ACAL011,ACEM019,ACGM025,ACPH013,ACPP008,EWW033,HEV005,LPR010,MYHI002,OBI016,OFI030,ORE002,PCA034,PHE019,PMO022,SEV002,SFN010,SNV021
ACAL011,ACAM001,ACPH013,ACPP008,ELT003,EWW033,LBI031,LHY003,LTT018,LUN018,MYHI002,OBI016,OCP017,OFI030,PHE019,SAS012,SMT006,STE015
ACSP016,ACWS002,EPP018,EWO002,EWW031,LBI009,LBI032,LVE031,OFF016,OSH003,PHE004,SAA019,SAS011,SIW004,SMT004,SMT011,SNB020,SNV002
ACAL011,ACAM001,ACPH013,ACPP008,LBI042,LHY003,LPR010,LRE015,LTT018,LUN018,MYHI002,OFI030,PHE019,SAS012,SEV002,SFN010,STE015,SWA010
ACSP016,ACTA014,EPP018,EWW031,LBI009,LBI032,LBU011,LUN013,LVE031,MYSC004,OFF016,OSH003,SAS011,SFO022,SIW004,SMT004,SNB020,SNV002
ACAL011,ACSP012,EAG010,EEE012,EMM035,EWW012,LHY003,LPL027,LPR012,MYHI002,OCP025,OFI030,PHE019,PMO017,SAS003,SFN010,SNB021,SZO013
ACAL035,ACMO005,ACWS002,EPP018,EWW031,LBI009,LBI032,LVE031,MYSC004,OFF016,OFI029,OSH003,PHE004,SAS011,SIW004,SMT011,SNB020,SNV002
EOW003,LBI034,LBU043,LUN022,OCE004,OCE026,OMA034,PFF013,SAS015,SBB013,SDD005,SEL023,SIW007,SNB013,SNV005,SRR002,STR011,SZO006
EOW003,EWW028,LBI034,LBU043,LUN022,OCE004,OCE026,OFF008,OMA034,PFF013,SAS015,SBB013,SDD005,SEL023,SIW007,SNB013,SRR002,STR011
ACAL011,ACAM001,ACAM004,ACGM025,ACPP008,EWW033,LAL034,LHY003,LMA043,LTT018,LUN018,MYHI002,OBI016,OFI030,PAN029,PHE019,SBB018,SEV002
ACAM001,ACGM025,ACPH013,ACPP008,ACPP017,EWW033,LHY003,LMA043,LRE005,LTT018,LUN018,MYHI002,OBI016,OMW012,PHE019,SAS012,SDD006,SEV002
ACAL011,ACAM001,ECF020,EHC007,EWW033,LHY003,LTT018,LUN001,MYHI002,OBI016,OFI030,PHE019,POM018,SAS012,SEV002,SFN010,SMT006,STE015
ACCU013,ACEM004,ACMU005,ACSP025,EMM027,ERO023,LBU012,LBU040,LVE033,OBI016,OCP025,OMA034,ORR010,OWA015,PAN031,PIC016,SBB015,SEN013
ACAL035,ACMY001,ACSP016,ACSP021,ACWS002,EPP018,LBI009,LBI032,LVE031,MYSC004,OFF016,OSH003,PHE004,SAS011,SIW004,SMT004,SNB020,SNV002
ACAL011,ACGM025,ACPH013,ACPP008,EMM035,EWW033,HEV005,LBU032,LPR010,MYHI002,OBI016,OFI030,ORE002,PHE019,PMO022,SEV002,SFN010,SNV021
ACAL035,ACCU005,ACMO005,ACWS002,EPP018,EWW031,LBI009,LBI032,LVE031,MYSC004,OFF016,OSH003,PHE004,SAS011,SIW004,SMT004,SNB020,SNV002
ACFF006,ACMU005,ACNO007,EEE009,EMM027,EOW010,HEV007,LBB014,LBB020,LBU012,LCC016,OBI016,OFI029,PIC003,PIC016,SGM022,SMA010,SZO013
ACAL011,ACSP012,EAG010,EEE012,EMM035,LHY003,LMC008,LPL027,LPR012,LRE029,MYHI002,OFI030,PHE019,SAS003,SDD009,SFN010,SGM030,SNB021
ACAL011,ACAM001,ACGM025,ACPH013,ACPP008,ACPP017,EWW033,LHY003,LTT018,MYHI002,OBI016,OFI030,OMW012,PHE019,SAS012,SEV002,SIW005,SWA014
ACAL011,ACAM001,EHC007,EWW033,LHY003,LTT018,LUN001,LUN006,LUN018,MYHI002,OBI016,OFI030,PHE019,POM018,SAS012,SEV002,SMT006,STE015
ACAM001,ACPH013,ACPP008,EEG003,EWW033,LBI042,LHY003,LPR010,LTT018,LUN018,MYHI002,OFI030,PHE019,SAS012,SBB018,SEV002,STE015,SWA010
ACAM008,ACEV007,EJP027,EMM007,FHI001,LAM019,LBI009,LBI025,LBI031,LUN024,OBI007,OMW001,OSH012,SBB007,SMO001,SNV016,SPI013,SST034
ACAL011,ACAM001,ACGM025,ACPH013,ACPP008,ESS009,EWW033,HEV005,LAL021,LPR010,MYHI002,OBI016,OFI030,PHE019,PMO022,SEV002,SFN010,SNV021
ACMU005,ACNO002,EOW010,ERO023,LBB014,LBB020,LBU012,LCA008,LCC016,OBI016,OFI029,OSH002,OWA024,PIC016,SGD004,SNV017,SWA025,SZO013
ACFF006,ACMU005,ACNO007,EEE009,EMM027,EOW010,ERO023,HEV007,LBB014,LBB020,LBU012,LCC016,OBI016,PAN027,PIC016,SGM022,SMA010,SZO013
ACPP003,ACSP016,ACTA014,EPP018,EWW031,LBI009,LBI032,LUN013,LVE031,MYSC004,OFF016,OSH003,SAS011,SIW004,SMT004,SMT011,SNB020,SNV002
ACAL011,ACAM001,ACAM004,ACGM025,EWW033,LAL034,LHY003,LMA043,LTT018,LUN018,MYHI002,OBI016,OFI030,PAN012,PAN029,PHE019,SEV002,SFN010
ACAM008,ACEV007,ACWS017,ECF003,EJP027,EMM007,FHI001,LAM001,LAM019,LBI009,LUN024,OMW001,OSH012,SBB007,SMO001,SNV016,SPI013,SST034
ACAL011,ACAM001,ACPH013,ACPP008,ESY007,EWW033,LBI042,LHY003,LPR010,LUN018,MYHI002,OFI030,PHE019,SAS012,SBB018,SEV002,STE015,SWA010
ACAL011,ACAM001,ACGM025,ACPH013,ACPP008,ACWS022,EMM019,ETT006,EWW033,LTT018,LUN018,LVE033,MYHI002,OBI016,OFI030,SEV002,SFN010,STE003
ACAL011,ACAM001,ACGD003,EHC007,EWW033,LHY003,LTT018,LUN001,LUN018,MYHI002,OBI016,OFI030,POM018,SAS012,SEV002,SFN010,SMT006,STE015
ACAL035,ACNO034,ACSP016,ACTA014,EPP018,EWO021,EWW031,LBI009,LBI032,LUN013,LVE031,MYSC004,OFF016,OSH003,SAS011,SMT004,SMT011,SNB020
ACAL011,ACAM001,ACGM025,ACPH013,ACPP008,ACPP017,EWW033,LHY003,LMA043,LRE005,LTT018,LUN018,MYHI002,OBI016,OMW012,PHE019,SAS012,SEV002
