ACCU009,ACEM022,ACPH002,ACPP033,ACPP035,CEV001,ECF008,EES008,EES009,LPR012,LVE032,OCE009,OCP002,SAA019,SBB012,SMA025,SNV009,STE019
ACAL017,ACEM018,ACPH004,ECF018,EES008,EJP027,EMM025,ESS005,LBI046,LPR012,LUN028,OCP002,PFF012,SBB012,SMA025,SMW008,SOD016,STE019
ACAL001,ACAL017,ACEM018,ACMY004,ECF018,EDO009,EJP027,LAM018,LBB027,LBI046,LPR012,OCE009,OCP002,PFF012,SBB012,SMA025,SOD016,STE019
ACAL001,ACEM018,ACOO004,ACPH004,ECF018,EES008,EJP027,LBI046,LPR012,OCE009,OCP002,OCP028,PFF012,SBB012,SMA025,SMW008,SOD016,STE019
ACEM018,ACMY004,ACPH004,ACPP030,EES008,EJP027,EMM027,LBI046,LPR012,LPR025,OCE009,OCP002,ODE018,SMA025,SMW008,SOD016,STE019,SUM001
ACEM002,ECF018,EES008,EJP027,EPP011,EPP014,ESY009,LCA010,LPR012,OCP002,OFI034,PFF012,SBB012,SFR004,SMA025,SOD016,STE019,SWA017
ACAL001,ACEM018,ACMY004,ACPH004,ECF018,EES008,LPL017,LPR012,LUN028,OCE007,OCE009,OCP002,PFF012,SBB012,SMA025,SMO006,SOD016,STE019
ACAL026,ACEM018,ACPH004,EES008,EJP027,EMM025,ESS005,LBI046,LPR012,LUN028,OCE009,OCP002,PFF012,SBB012,SMA025,SMW008,SOD016,STE019
ACCU009,ACPH002,ACPP035,EES008,EJF021,LPR012,LTT012,LVE032,OCE009,OCP002,SAA019,SBB012,SIW017,SMA025,SNV009,SOD016,SST008,STE019
ACAL001,ACEM018,ACPH004,EAF004,ECF018,EJP027,EMM025,LBI046,LPR012,LUN028,OCP002,PCA020,PFF012,SBB012,SMA025,SMW008,SOD016,STE019
ACAL001,ACEM018,ACFE039,ACMY004,ACPH004,ECF018,EES008,EJP027,LAM018,LRE023,OCE009,OCP002,PFF012,PLB001,SBB012,SMA025,SOD016,STE019
ACAL001,ECF018,EES008,EJP027,EMM025,EOW014,LBI046,LPR012,LUN028,OCE009,OCP002,PFF012,SBB012,SFO007,SMA025,SOD016,SPI012,STE019
ACCU015,ACEM018,ACPP013,EAG020,ECF018,EES008,EJP006,EJP027,EOW018,EWO005,LPR012,OCE009,OCP002,PFF012,SBB012,SMA025,SNV008,SOD016
ACAL001,ACEM018,ACMY004,ACPH004,ECF018,LAM018,LBB009,LBB027,LBI046,LMC010,LPR012,OCE009,OCP002,PFF012,SBB012,SMA025,SOD016,STE019
ACAL001,ACEM018,ACPH004,ECF018,EES008,EJP027,EMM025,LPR012,LPR023,LUN028,OCE009,OCP002,PFF012,SBB012,SMA025,SOD016,SPI017,STE019
ACAL017,ACEM018,ACMY004,ECF018,EES008,EJP027,LAM018,LBB027,LBI046,LPR012,OCE009,OCP002,PFF012,SBB012,SFR007,SMA025,SOD016,STE019
ACCU015,ACEM018,ACTA003,ECF018,EES008,EJP006,EJP027,EWO005,LBI046,LPR012,OCE009,OCP002,PFF012,SBB012,SGM025,SMA025,SNV008,STE019
ACAL001,ACAL017,ACMY004,ECF018,EES008,EJP027,LAM018,LBB027,LBI046,LPR012,OCE009,OCP002,PFF012,SBB012,SMA025,SOD016,SST006,STE019
ACFE010,ECF018,EES008,EJP027,EWW013,LBI046,LPR012,LRE013,MYSP001,OCE009,OCP002,PHE024,SBB012,SMA025,SME022,SNV009,SPL002,STE019
ACEM018,ACMY004,ACPH004,ECF018,EES008,EJP027,LBI046,LCA030,LHY005,LPR012,OCE009,OCP002,PFF012,SBB012,SMA025,SMW008,SOD016,STE019
ACCU015,ACEM018,ACPP013,ECF018,EES008,EJP006,EJP027,LPR012,OBI018,OCE009,OCP002,PFF012,POM003,SBB012,SMA025,SNV025,SOD016,STE019
ACAL038,ACEM018,ACMY004,ECF018,EES008,EJP027,LBI046,LPR012,LUN028,OCE009,OCP002,SBB012,SCO010,SMA025,SNB012,SOD016,SOD017,STE019
ACEM018,ECF018,EES008,EPP014,ESY009,FSE006,LPR012,OCP002,OMW007,PFF012,SBB012,SMA025,SNV009,SOD016,SST010,STE019,STR003,SWA028
ACAL001,ACEM018,ACMY004,ACPH004,ECF018,EES008,EPP021,LBI046,LPR012,LPR018,LUN028,OCE009,OCP002,PFF012,SBB012,SIW003,SMA025,SOD016
ACAL001,ACEM018,ACMY004,ACPH004,ECF018,EES008,EWW032,LAM018,LBB027,LBI046,LMC010,LPR012,OCE009,OCP002,PFF012,SBB012,SMA025,STE019
ACCU009,ACCU010,ACPH002,ACPP035,CEV001,EES008,EES020,FSP008,LPR012,LVE032,OCE009,OCP002,SAA019,SBB012,SIW017,SMA025,SNV009,SOD016
ACAL001,ACEM018,ACPH004,EES008,EJP027,EMM025,ESS010,LBI046,LPR012,LUN028,OCE009,OCP002,PFF012,SBB012,SFO007,SMA025,SOD016,STE019
ACAL001,ACEM018,ACPH004,ECF018,EJP027,LBI046,LPR012,LUN028,OCE009,OCP002,PCA017,PCA020,PFF012,SBB012,SMA025,SMW008,SOD016,STE019
ACAL001,ACEM018,ACPH004,ECF018,EES008,EJP027,EMM025,ESY005,LBI046,LPR012,OCE009,OCP002,PFF012,SBB012,SMA025,SMW008,SOD016,SZO013
ACAL001,ACEM018,ACMY004,ACPH004,ACWS006,ECF018,EES008,LPL017,LPR012,LPR018,LUN028,OCE007,OCP002,PFF012,SBB012,SMA025,SOD016,STE019
ACCU009,ACCU028,ACPH002,ACPP033,ACPP035,CEV001,EES008,EES009,LPR012,LVE032,OCE009,PIC017,SAA019,SBB012,SMA025,SNV009,SOD016,STE019
ACAL001,ACEM018,ACFU001,ACPH004,ECF018,EES008,EJP027,LAM018,LBI046,LPR012,OCE009,OCP002,PCA009,PFF012,SBB012,SMA025,SNV029,SOD016
ACAM003,ACEM018,ACPP001,ECF018,EJP027,EPP014,LCA010,LPR012,LRE007,OBI003,OCP002,OFI034,PFF012,SBB012,SMA025,SNV009,SOD016,STE019
ACEM018,ECF018,EES008,EHC001,EJP006,EJP027,ERO018,LPR012,LUN039,OCE009,OCP002,OMW008,PFF012,SBB012,SGM019,SMA025,SOD016,STE019
ACEM018,ECF018,EES008,EJP027,EPP014,ESY009,FSE006,LAL016,LPR012,OCP002,OMW007,PFF012,SMA025,SNV009,SOD016,STE019,STR003,SWA028
ACAL038,ACEM018,ACMY004,ECF018,EES008,LBI046,LPR012,LUN028,OCE009,OCP002,PFF012,SBB012,SMA025,SNB012,SOD016,SOD017,STE019,SZO008
ACEM018,ECF018,EES008,EHC001,EJP006,EJP027,ERO018,LUN039,OCE009,OCP002,PFF012,PHE008,SBB012,SFO015,SGM019,SMA025,SOD016,STE019
ACAL038,ACEM018,ACNO023,ACPH004,ECF018,EES008,EJP027,LBI046,LPR012,LUN028,OCE009,OCP002,PFF012,SBB012,SNB010,SOD016,SOD017,STE019
ACAL001,ACPH004,ECF018,EES008,EMM025,LBI046,LPR012,LUN028,OCE009,OCP002,PFF012,SAS021,SBB012,SGD016,SMA025,SMW008,SOD016,STE019
ACCU015,ACEM018,ECF018,EES008,EJP006,EJP027,EOW018,EWO005,LCR010,LPR012,OCE009,OCP002,PFF012,SBB012,SMA025,SNV008,SOD016,STE019
ACCU009,ACGM034,ACPH002,ACPP035,ACWS023,CEV001,EES009,LAL034,LMC022,LPR012,LVE032,OCE009,OCP002,SBB012,SMA025,SNV009,SST008,STE019
ACCO001,ACCU009,ACGM023,ACPH002,ACPP035,EES008,EES009,EJF021,LPR012,LVE032,OCE009,OCP002,SBB012,SMA025,SNV009,SOD016,SST008,STE019
ACAL038,ACEM018,ACMY004,ECF018,EES008,EJP027,FSC005,LBI046,LPR012,LUN028,OCE009,OCP002,PFF012,SBB012,SNB012,SOD016,SOD017,STE019
ACEM024,ACOO009,ECF018,EES008,EES010,EHH014,EJP027,LPR012,OCP002,PFF012,SBB005,SBB012,SEL020,SMA025,SNV009,SOD016,SRR002,STE019
ACEM018,ACEV015,ECF018,EES008,EPP014,ESY009,FSE006,LPR012,OCP002,OMW007,PFF012,SBB012,SMA025,SNV009,SOD016,STE019,STR003,SWA028
ACCU019,ACEM018,ACPP003,ECF018,EEE007,EES008,EJP027,LPR012,OCP002,PFF012,SBB012,SFO008,SFO014,SMA025,SNV009,SOD016,SRR002,STE019
ACAL038,ACEM018,ACMY004,ECF018,EES008,EJP026,EJP027,LBI046,LPR012,LUN028,OCE009,OCP002,PFF012,SBB012,SMA025,SNB012,SOD017,STE019
ACEM018,ECF018,EES008,EPP014,EPP022,ESY009,LMA007,LPR012,OCP002,OMW007,PFF012,SBB012,SEV001,SMA025,SNV009,SOD016,STE019,STR010
ACAL001,ACEM018,ACPH004,ECF018,EES008,EJP027,EMM025,ESY005,LBI046,LPR012,OCE009,OCP002,PFF012,SBB012,SCO007,SMA025,SMW008,STE019
ACCU015,ACEM018,ACPP013,ECF018,EES008,EJP006,EOW018,EWO005,LPR012,OCE009,OCP002,PFF012,PMO004,SBB012,SMA025,SNV008,SOD016,STE019
ACCU015,ACPP013,ECF018,EES008,EJP006,EJP027,EOW018,EWO005,LBB020,LPR012,OCE009,OCP002,PFF012,SBB012,SMA025,SNV008,SOD016,STE019
ACAL001,ACAL017,ACEM018,ACEM022,ACMY004,ECF018,EES008,EJP027,LAM018,LBB027,LBI046,LPR012,OCE009,OCP002,SBB012,SMA025,SOD016,STE019
ACAL001,ACEM018,ACPH004,ECF018,EES008,EMM025,LBI046,LPR012,OCE009,OCP002,OCP028,ODE014,PFF012,SBB012,SMA025,SMW008,SOD016,STE019
ACEM018,ACEM024,ACOO008,ACOO009,ECF018,EES008,EES010,EJP027,LPR012,LUN015,OCP002,PFF012,SBB012,SFO008,SMA025,SNV009,SOD016,STE019
ACAL001,ACAL004,ACCU022,ACEM018,ACMY004,ACPH004,ECF018,EES008,LBI046,LPR012,LPR018,OCE007,OCP002,PFF012,SBB012,SMA025,SOD016,STE019
ACCU015,ACNO030,ACPP013,ECF018,EES008,EJP006,EJP027,LPR012,OCE009,OCP002,PFF012,POM003,SBB012,SMA025,SNV025,SOD016,STE019,SWA019
ACAL022,ACAL038,ACEM018,ACMY004,ECF018,EES008,EJP027,LBI046,LPR012,LUN028,OCP002,PFF012,SBB012,SMA025,SNB012,SOD016,SOD017,STE019
ACEM018,ACEM024,ACOO009,ECF018,EES008,EES010,EHH014,EJP027,LAM022,LBB008,LPR012,OCP002,PFF012,SBB012,SFO008,SNV009,SOD016,STE019
ACCU009,ACCU010,ACPH002,ACPP035,CEV001,EES008,FSP008,LMC024,LPR012,LVE032,OCE009,OCP002,SAA019,SIW017,SMA025,SNV009,SOD016,STE019
ACAL001,ACEM018,ACFU001,ACMY004,ACPH004,ACTA019,ECF018,EJP027,LAM018,LPR012,LUN028,OCE009,OCP002,PFF012,SBB012,SMA025,SOD016,SST009
ACAL001,ACEM018,ACPH004,ACPP030,EAG030,EES008,LBI046,LPR012,OCE009,OCP002,OFF001,PFF012,SBB012,SEN005,SMA025,SMT002,SOD016,STE019
ACEM018,ACEM024,ACOO008,ACOO009,ECF018,ECF023,EES008,EES010,LPR012,LUN026,PFF012,SBB012,SFO008,SMA025,SNV009,SOD016,SRR002,STE019
ACAL001,ACEM018,ACPH004,ECF018,EES008,LAM018,LBB027,LBI046,LMC010,LPR012,OCE009,OCP002,PFF012,SBB012,SIW005,SMA025,SOD016,STE019
ACEM018,ECF018,EES008,EPP014,EPP022,ESY009,LPR012,OCP002,OMW007,SBB012,SEV001,SMA025,SNV009,SOD016,SOD021,STE019,STR010,SWA028
ACAL001,ACEM018,ACPH004,ECF018,EJP027,EMM025,LBI046,LPR012,OCE009,OCP002,OCP028,PFF012,SBB012,SDD005,SMA025,SMW008,SOD016,STE019
ACAL001,ACEM018,ACPH004,ECF018,EES008,EJP027,EMM025,ESY005,LBI046,LPR012,OBI027,OCE009,OCP002,PFF012,SBB012,SMA025,SMW008,SOD016
ACCU015,ACEM018,ACPP013,ECF018,EES008,EJP006,EJP027,EOW018,EWO005,LPR012,OCE009,OCP002,PFF012,SBB012,SNB017,SNV008,SOD016,STE019
ACAL001,ACAL003,ACEM018,ACPH004,ECF018,EES008,EJP027,EMM025,ESY005,LBI046,LPR012,OCP002,PFF012,SBB012,SMA025,SMW008,SOD016,STE019
ACCU009,ACCU028,ACPH002,ACPP033,ACPP035,CEV001,EES008,EES009,LPR012,LVE032,OCP002,OMA005,SAA019,SBB012,SMA025,SNV009,SOD016,STE019
ACAL038,ACEM018,ACMY004,ECF018,EES008,EJP027,LBI046,LPR012,LUN028,OCE009,OCP002,ODE011,PFF012,SBB012,SMA025,SNB012,SOD017,STE019
ACCU015,ACEM018,ACPP013,EES008,EJP006,EJP027,EOW018,EWO005,LPR012,OCE009,OCP002,PFF012,SBB012,SMA025,SNV008,SOD016,SSS019,STE019
ACEM018,ACPP034,ECF018,EES008,EES019,EJP027,EPP014,ESY009,EWW011,LPL012,LPR012,PFF012,SBB012,SMA025,SNV009,SOD016,SWA017,SWA028
ACAL001,ACEM018,ACFE039,ACMY004,ACPH004,ACPP028,ECF018,EES008,EJP027,LBI046,LRE023,OCE009,OCP002,PFF012,SBB012,SMA025,SOD016,STE019
ACEM018,ACPP006,ACSP020,ECF018,EES008,LBI046,LMC006,LPR012,LVE032,MYSP003,OCP002,ODE006,SAA019,SBB012,SMA016,SMA025,SOD016,STE019
ACPP006,ECF018,EES008,EJP027,EPP011,EPP014,ESY009,LCA010,LPR012,OBI003,OCP002,PFF012,SBB012,SNV009,SOD016,STE019,STE025,SWA017
ACAL001,ACAL017,ACMY004,ACPH004,ACWS020,ECF018,LBI046,LPR012,LPR018,LUN028,OCE009,OCP002,PFF012,SBB012,SFO016,SMA025,SOD016,STE019
ACAL001,ACEM018,ACPH004,ACPP030,EAG030,EES008,EPP007,LBI046,LPR012,OCE009,OCP002,OFF001,PFF012,SBB012,SEN005,SMA025,SOD016,STE019
ACAL038,ACEM018,ACMY004,ACPH004,ECF018,EES008,ERO036,LBI046,LPR012,LUN028,OCE009,ORR001,PFF012,SBB012,SMA025,SOD016,SOD017,STE019
ACCU009,ACPH002,ACPP023,ACPP033,ACPP035,CEV001,ECF008,EES008,EES009,LPR012,LVE032,OCE009,OCP002,SAA019,SBB012,SNV009,SOD016,STE019
ACAL001,ACEM018,ECF018,EES008,EJP027,EMM025,LBI046,LMA021,LPR012,OCE009,OCP002,OCP028,PFF012,SBB012,SMA025,SMW008,SOD016,STE019
ACAL001,ACFU001,ACPH004,ECF018,EES008,EJP027,LAM018,LBI046,LPR012,LUN028,OCE009,OCP002,ORE017,PCA009,PFF012,SBB012,SMA025,SOD016
ACAL001,ACEM018,ACMY004,ACPH004,ECF018,EES008,EPP021,LBI046,LPR012,LPR018,LUN028,OCE009,OCP002,PFF012,SBB012,SNV006,SOD016,STE019
ACCU009,ACPP035,ACWS023,CEV001,EES008,EES009,LAL034,LDG023,LPR012,LRE011,LVE032,OCE009,OCP002,SBB012,SNV009,SOD016,SST008,STE019
ACEM018,ACFF006,ACPP003,ECF018,EES008,EJP027,LPR012,LRE029,PFF012,SBB012,SFO008,SFO014,SFO017,SGD007,SMA025,SNV009,SOD016,STE019
ACCU015,ACEM018,ACHA001,ACPP013,EAF004,ECF018,EES008,EJP027,EWO005,LPR012,OCE009,OCP002,PFF012,SBB012,SMA025,SNV025,STE019,SWA019
ACAL001,ACEM018,ACPH004,ECF018,EJP027,EMM025,LBI046,LPR012,LUN028,OCE009,OCP002,PCA020,PFF012,SBB012,SGD006,SMA025,SMW008,SOD016
ACTO002,ECF018,EES008,EWW013,FSP006,LBI046,LDG020,LPR012,LRE013,MYSP001,OCE009,OCP002,PHE024,SBB012,SMA025,SNV009,SOD016,STE019
ECF018,EES008,EJP027,EWW013,LBI046,LPR012,LRE013,MYSP001,OBI006,OCE009,PHE024,SBB012,SMA025,SME022,SNV009,SOD016,SPL002,STE019
ACAL001,ACAL038,ACEM018,ACMY004,ACPH004,ECF018,EES008,EJP027,LBI046,LPR008,LPR012,OCE009,PFF012,SBB012,SMA025,SOD016,SPL007,STE019
ACEM024,ACOO009,ECF018,EES008,EES010,EHH014,EJP027,LAM022,LPR012,OCP002,PFF012,SBB012,SFO008,SGM026,SMA025,SNV009,SOD016,STE019
ACEM018,ACOO009,ECF018,EES008,EJP027,LPR012,OCP002,OFI020,PFF012,SBB012,SCD001,SFO008,SFO029,SMA025,SNV009,SOD016,SRR002,STE019
ACEM018,ACPH004,ECF018,EES008,EJP027,EMM025,ESS005,LBI046,LPR012,LUN028,OCE009,OCP002,PFF012,SMA025,SMW008,SOD016,SSC003,STE019
ACEM018,ACMY004,ACPH004,ECF018,EES008,EJP027,LBI046,LHY005,LMC030,LPR012,OCE009,OCP002,PFF012,SBB012,SMA025,SMW008,SPI018,STE019
ACEM018,ACMY004,ACOO006,ACPH004,ECF018,EJP027,LBI046,LBU007,LDG007,LPR012,OCE009,OCP002,PFF012,SBB012,SMA025,SMW008,SOD016,STE019
ACEM018,EES008,EPP014,ESY009,LAL029,LPR012,LVE030,OCP002,OFI034,OMA029,PFF012,SBB012,SMA025,SNV009,SOD016,STE019,STR032,SWA017
ACEM018,ACTA003,ECF018,EES008,EJP006,EJP027,EWO005,LBI046,LBU015,LPR012,OCE009,OCP002,PFF012,SBB012,SMA025,SNV008,SOD016,STE019
ACCU009,ACCU028,ACPH002,ACPP033,CEV001,EES008,EES009,LAL013,LPR012,LVE032,OCE009,OCP002,SAA019,SBB012,SMA025,SNV009,SOD016,STE019
ACCU015,ACEM018,ACPP013,EES008,EJP006,EJP027,LPR012,OCE009,OCP002,PFF012,POM003,SBB012,SMA025,SNV025,SOD016,SRR006,STE019,SWA019
ACAL017,ACEM018,ACMY004,ECF018,EES008,EJP027,LAM018,LBB027,LBI046,LPR012,OCE009,OCP002,PFF012,SBB012,SCO015,SMA025,SOD016,STE019
ACEM018,ACPH004,ECF018,EJP027,EMM025,LBI046,LPR012,LUN028,MYLO002,OCE009,OCP002,PCA020,PFF012,SBB012,SMA025,SMW008,SOD016,STE019
ACEM018,ECF018,EES008,EHC001,EJP006,EJP027,ERO018,LPR012,LUN039,OCE009,OCP002,PHE008,SBB012,SGM019,SMA025,SME022,SOD016,STE019
ACCU009,ACPH002,ACPH014,ACPP020,ACPP033,CEV001,EES008,EES009,LPR012,OCE009,OCP002,SAA019,SBB012,SMA025,SNV009,SOD016,SST008,STE019
ACEM018,EES008,EJP027,EPP014,EPP022,ESY009,LPR012,OCP002,OMW007,PFF012,PFF027,SAS010,SEV001,SMA025,SNV009,SOD016,STE019,SWA028
ACAL001,ACPH004,ACPY005,ECF018,EES008,EMM025,LBI046,LPR012,LTT024,LUN028,OCE009,OCP002,PFF002,PFF012,SBB012,SMW008,SOD016,STE019
ACEM018,ACGM050,ACRH005,ECF018,EJF008,LAM028,LMA011,LPR012,LVE021,LVE032,OCE009,OCP002,OEV002,SMA025,SNV009,SOD016,SSS002,STE019
ACEM018,ACOO009,ECF018,EES008,EJP027,LPR012,OCP002,ORE004,PFF012,SCD001,SFO008,SFO014,SFO029,SMA025,SNV009,SOD016,SRR002,STE019
ACEM018,ECF018,EES008,EJP027,EPP005,EPP014,FSE006,OBI003,OCP002,OMW007,PFF012,SBB012,SGM030,SMA025,SNV009,SOD016,STE019,SWA028
ACCU009,ACPH002,ACPP033,CEV001,ECF008,EES008,EES009,FSE003,LPR012,LVE032,OCE009,OCP002,SAA019,SBB012,SMA025,SNV009,SOD016,STE019
ACEM018,ACMY004,ACPH004,ECF018,EES008,EJP027,LBI046,LDG024,LHY005,LPR012,OCE009,OCP002,PFF012,SBB012,SMA025,SMW008,SOD016,STE019
ACEM018,ACFF006,ACPP003,EBT006,ECF018,EES008,EJP027,LPR012,OCP002,PFF012,SBB012,SFO014,SFO017,SIW012,SMA025,SNV009,SRR002,STE019
ACCU015,ACEM018,ACPP013,ACTA013,ECF018,EES008,EJP006,EJP027,LPR012,OCE009,OCP002,PFF012,POM003,SBB012,SMA025,SOD016,STE019,SWA019
ACAL001,ACPH004,ECF018,EES008,LBI046,LPR012,LPR018,LUN028,OCE007,OCE009,OCP002,PCA015,PFF012,SBB012,SMA025,SNV038,SOD016,STE019
ACAL038,ACEM018,ECF018,EES008,EJP027,LBI046,LPR012,LPR024,LUN028,OCE009,OCP002,PFF012,SBB012,SMA025,SNB012,SOD016,SOD017,STE019
ACCU009,ACPH002,ACPP033,ACPP035,CEV001,EES008,EES009,LAM008,LPR012,LVE032,OCE009,OCP002,PAN003,SAA019,SBB012,SMA025,SNV009,SOD016
ACAL001,ACPH004,ECF018,EES008,EJP027,EMM025,LBB014,LBI046,LPR012,OCE009,OCP002,OCP028,PFF012,SBB012,SMA025,SMW008,SOD016,STE019
ACEM018,ACEM024,ACOO008,ACOO009,ECF018,EES008,EES010,EJP027,OCP002,PFF012,SBB012,SFO008,SFO009,SMA025,SNV009,SOD016,SRR002,STE019
ACAL001,ACEM018,ACPH004,ECF018,EJP027,EMM025,LBI046,LPR012,LUN028,OCE009,OCP002,PFF012,PIC016,SBB012,SMA025,SOD016,SPI017,STE019
ACEM018,ACEM024,ACOO009,ECF018,EES008,EES010,FSP003,LPR012,LPR017,OCP002,PFF012,SBB012,SFO008,SMA025,SNV009,SOD005,SOD016,STE019
ACEM018,ACFE035,EEG001,EEG023,EES008,EJP027,EWO018,LCA023,LPR012,OCE009,OCP002,OFF016,SBB012,SMA025,SMO016,SNV009,SOD016,STE019
ACEM018,ACMY004,ACPH004,ECF018,EWW015,LBI046,LPR012,LPR018,LUN028,OCE007,OCE009,OCP002,PFF012,SBB012,SGM033,SMA025,SOD016,STE019
ACEM018,ECF018,EES008,ERO032,LBI046,LPR012,LVE032,MYSP003,OCP002,ODE006,OWA004,SAA019,SBB012,SDD025,SMA025,SNV009,SOD016,STE019
ACCU009,ACPH002,ACPP035,EES008,EJF021,LPR012,LVE032,OCE009,OCP002,ORE007,PFF014,SAA019,SBB012,SIW017,SNV009,SOD016,SST008,STE019
ACAL038,ACEM018,ACMY004,ACPH004,ECF018,EES008,EJP027,ERO036,LBI046,LTT011,LUN028,OCE009,PFF012,SBB012,SMA025,SOD016,SOD017,STE019
ACEM018,ACOO010,ACPH004,ECF018,EES008,LAM018,LBI046,LBU010,LPR012,LPR018,LUN028,OCE009,OCP002,PCA016,PFF012,SBB012,SMA025,SOD016
ACAL014,ACCU009,ACPH002,ACPP035,EES008,EJF021,LPR012,OCE009,OCP002,ORE007,SAA019,SBB012,SIW017,SMA025,SNV009,SOD016,SST008,STE019
ACAL038,ACMY004,ACPH004,ACPH014,ECF018,EES008,EJP027,LBI046,LPR012,LUN028,OCE009,OCE026,OCP002,PFF012,SBB012,SMA025,SOD016,STE019
ACAL001,ACEM018,ACPH004,EBT001,ECF018,EES008,EJP027,LBI046,OCE009,OCP002,OMW001,PFF012,SBB012,SMA025,SMW008,SNV038,SOD016,STE019
ACCU009,ACPH002,ACPP033,ACPP035,CEV001,ECF008,EES008,EES009,LVE032,OCE009,OCP002,SAA019,SBB012,SMA025,SMO001,SNV009,SOD016,STE019
ACAL001,ACEM018,ACPH004,ECF018,EES008,EJP027,EMM025,LBI046,LPR012,LUN028,OCE009,OCP002,OSH018,PFF012,SBB012,SMA025,SOD016,SPI017
ACAL001,ACAL017,ACEM018,ACFU001,ACPH004,ECF018,EES008,EJP027,LBI046,LPR012,LUN028,OCE009,OCP002,PCA009,PFF012,SBB012,SMA025,SOD016
ACAL001,ACEM018,ACFU001,ACPH004,ECF018,EES008,EJP027,LAM018,LBI046,LPR012,LRE015,LUN028,OCE009,OCP002,PFF012,SBB012,SMA025,SOD016
ECF018,EES008,EJP027,EPP011,EPP014,ESY009,LCA010,LPR012,OBI003,OCP002,OFI034,PFF012,SBB012,SFR004,SMA025,SME013,STE019,SWA017
ACCU009,ACPH002,ACPP033,ACPP035,CEV001,EES008,EES009,FSP007,LPR012,LVE032,OCE009,OCP002,SAA019,SBB012,SMA025,SNV009,SOD016,STE019
ACEM018,ACEM024,ACOO009,ECF018,EES008,EES010,EJP027,FSP003,LPR012,OCP002,PFF012,SBB012,SFO008,SFO024,SMA025,SOD005,SOD016,STE019
ACEM018,ACEM024,ACOO009,ECF018,EES008,EES010,EHH014,EJP027,LPR012,LUN041,OCP002,PFF012,SBB012,SFO008,SMA025,SNV009,SOD016,STE019
ACAL001,ACEM018,ACMY004,ACPH004,ACPH014,ACWS023,EES008,EJP027,LAM018,LBI046,LPR012,LUN028,OCE009,PFF012,SBB012,SOD016,STE019,SWA013
ACCU015,ACEM018,ACTA003,ECF018,EES008,EJP006,EJP027,EWO005,LBI046,LPR012,OCP002,PFF012,SBB012,SHN004,SMA025,SNV008,SOD016,STE019
ACEM018,ACPH004,ECF018,EES008,EJP027,EMM025,ESS005,LPR012,LUN028,OCE009,OCP002,PFF012,SBB012,SFO002,SMA025,SMW008,SOD016,STE019
ACEM018,ECF018,EES008,EJP027,EPP014,FSE006,LPR012,OBI003,OCP002,OMW007,PFF012,SGM030,SMA025,SNV009,SOD016,SOD020,STE019,SWA028
ACEM018,ECF018,EES008,ERO032,FPA002,LBI046,LPR012,LVE032,MYSP003,OCP002,ODE006,OWA004,SAA019,SBB012,SMA025,SNV009,SOD016,STE019
ACCU015,ACEM018,ACTA003,ECF018,EES008,EJP006,EWO005,LBI046,LPR012,OCE009,OCP002,PFF012,SBB012,SMA025,SNV008,SOD016,SSS033,STE019
ACAL001,ACEM018,ACGD005,ACMY004,ACPH004,ECF018,EES008,EPP021,LBI046,LPR012,LPR018,LUN028,OCE009,OCP002,PFF012,SBB012,SMA025,STE019
ACCU009,ACPH002,ACPP035,EES008,EJF021,LPR012,LVE032,OBI026,OCE009,OCP002,ORE007,SAA019,SBB012,SIW017,SNV009,SOD016,SST008,STE019
ACEM018,ACMY004,ACPH004,ECF018,EEG015,EES008,EJP027,LBI046,LDG007,LHY005,LPR012,OCE009,OCP002,OFI010,PFF012,SBB012,SMW008,SOD016
ACCU019,ACPP003,ECF018,EES008,EJP027,LPR012,OCP002,ODE001,PFF012,SBB012,SFO008,SFO014,SFO017,SMA025,SNV009,SOD016,SRR002,STE019
ACEM018,ACMY004,ECF018,EES008,LBI046,LPR012,LPR018,LUN028,OCE006,OCE007,OCE009,OCP002,PFF012,SBB012,SGM033,SMA025,SOD016,STE019
ACEM018,ACEM024,ACOO008,ECF018,EES008,EES010,LPL034,LPR012,LUN026,OCP002,PFF012,SBB012,SFO008,SMA025,SNV009,SOD016,SRR002,STE019
ACEM003,ACEM018,ACOO009,ECF018,EES008,EJP027,LPR012,PFF012,SBB012,SCD001,SFO008,SFO014,SFO029,SMA025,SNV009,SOD016,SRR002,STE019
ECF018,EES008,EJP027,EPP011,EPP014,ESY009,LCA010,LPR012,OBI003,OFI034,PFF012,SBB012,SDD007,SFR004,SMA025,SOD016,STE019,SWA017
ACEM018,ECF018,EES008,LBI046,LPR012,LVE032,MYSP003,OCP002,ODE006,OWA004,SAA019,SBB012,SIW005,SMA016,SMA025,SNV009,SOD016,STE019
ACCU009,ACPH014,ACPP033,ACPP035,CEV001,EES008,EES009,LPR012,OCE009,OCP002,SAA019,SBB012,SBB017,SMA025,SNV009,SOD016,SST008,STE019
ACAL001,ACEM018,ACMY004,ACPH004,ACTA019,ECF018,EES008,LAM018,LBB027,LMC010,LPR012,OCE009,OCP002,PFF012,SBB012,SMA025,SOD016,STE019
ACCU009,ACFE009,ACPP033,ACPP035,CEV001,ECF008,EES008,EES009,LPR012,LVE032,OCE009,OCP002,SAA019,SBB012,SMA025,SNV009,SOD016,STE019
ACAL001,ACEM018,ACPH004,EBT001,ECF018,EES008,EJP027,LBI046,LPR012,LUN018,OCE009,OCP002,PFF012,SMA025,SMW008,SNV038,SOD016,STE019
ACCU009,ACCU028,ACPH002,ACPP033,ACPP035,CEV001,EES008,EES009,LMC032,LPR012,OCE009,OCP002,SAA019,SBB012,SMA025,SNV009,SOD016,STE019
ACAL001,ACMY004,ACPH004,ACPP031,ECF018,EES008,LBI046,LPR012,OCE002,OCE009,OCP002,PFF012,SBB012,SFO019,SMA015,SMA025,SMW008,SOD016
ACAZ005,ACEM018,ACEM024,ECF018,EES008,EHH014,EJP027,LPR012,OCP002,PFF012,SBB012,SCO001,SFO008,SMA025,SNV009,SOD016,SRR002,STE019
ACEM018,ACSP002,ECF018,EES008,ERO032,LBB031,LBI046,LPR012,LVE032,MYSP003,OCP002,ODE006,SAA019,SBB012,SMA025,SNV009,SOD016,STE019
ACCU009,ACPH002,ACPP035,CEV001,EAG025,EES008,EES009,ESY001,LCR008,LPR012,LVE032,OCE009,OCP002,SAA019,SBB012,SOD016,SRR021,STE019
ACAL038,ACEM018,ACNO023,ACPH004,EES008,EJP027,LBI046,LPR012,LUN028,OCE009,OCP002,PFF012,SBB012,SMA025,SOD016,SOD017,SSS032,STE019
ACAL001,ACEM018,ACMY004,ACPH004,ACPH014,ACWS023,EES008,EJP027,LAM018,LBI046,LUN028,OCE009,OMA017,PFF012,SBB012,SMA025,SOD016,STE019
ACEM018,ACPH004,ECF018,EJP027,EMM025,ESS005,LBI046,LMC010,LPR012,LUN028,OCE009,OCP002,PFF012,SBB012,SMA025,SMW008,SOD016,STE019
ACCU009,ACGM034,ACPH002,ACPP035,ACWS023,CEV001,EES009,LAL034,LPR012,LVE032,OCE009,OCP002,OCP021,SBB012,SMA025,SNV009,SOD016,SST008
ACEM018,ACOO009,ECF018,EES008,EES010,EHH014,EJP027,LPR012,MYSE003,OCP002,PFF012,SBB012,SFO008,SMA025,SNV009,SOD016,SRR002,STE019
ACAL001,ACEM018,ACFU001,ACPH004,ECF018,EES008,EJP027,LAM018,LBI046,LMA016,LPR012,LUN028,OCE009,OCP002,PCA009,SBB012,SMA025,SOD016
ACEM018,ACPH004,ACPP030,EAM002,EES008,EJP027,LHY002,LPR012,OCE009,OCP002,OSH014,PFF012,SBB012,SMA025,SMW008,SOD016,STE019,SUM001
ACAM003,ACEM018,ACPP001,ECF018,EJP027,EPP014,LCA010,LPR012,LVE005,OBI003,OCP002,OFI034,SBB012,SMA025,SNV009,SOD016,STE019,SWA017
ACEM018,ACEM024,ACOO009,ECF018,EES008,EES010,ERO042,FSP003,LPR012,OCP002,PFF012,SBB012,SFO008,SMA025,SNV009,SOD005,SOD016,STE019
ACCU009,ACCU028,ACPH002,ACPP033,ACPP035,CEV001,EES008,EES009,LBB021,LPR012,LVE032,OCE009,OCP002,SAA019,SBB012,SMA025,SOD016,STE019
ACAL001,ACEM018,ACMY004,ACPH004,ACPH014,ACWS023,EEG005,EJP027,LAM018,LBI046,LPR012,LUN028,OCE009,PFF012,SBB012,SMA025,SOD016,STE019
ACEM018,ACMY004,ACPH004,ECF018,EES008,EES009,EJP027,LBI046,LHY005,LPR012,OCE009,OCP002,SBB012,SMA025,SMW008,SOD016,SPI018,STE019
ACAL001,ACEM018,ACFE039,ACMY004,ACPH004,ECF018,EJP027,LAM018,LBI035,LBI046,LRE023,OCE009,OCP002,PFF012,SBB012,SMA025,SOD016,STE019
ACCU015,ACEM018,ACPP013,ACTO002,ECF018,EES008,EJP006,EJP027,EOW018,EWO005,LPR012,OCE009,OCP002,PFF012,SBB012,SMA025,SNV008,SOD016
ACAL001,ACEM018,ACMY004,ACPH004,ECF018,EES008,EJP027,EOW004,LAM018,LBI046,LUN028,OCE009,OCP002,PFF012,SBB012,SFO014,SMA025,SOD016
ACAL001,ACEM018,ACMY004,ACPH004,ECF018,EES008,LAM018,LAM023,LBB027,LMC010,LPR012,OCE009,OCP002,PFF012,SBB012,SMA025,SOD016,STE019
ACEM018,ACEM024,ACOO009,ECF018,EES008,EES010,EHH014,EJP027,LPR012,OCP002,PMO014,SBB012,SFO008,SMA025,SNV009,SOD016,SRR002,STE019
ACEM018,ACPP003,ECF018,EES008,EJP027,LPR012,OCP002,PFF012,SBB012,SFO008,SFO014,SFO017,SHN004,SMA025,SNV009,SOD016,SRR002,STE019
ACAL001,ACPH004,ECF018,EES008,EJP027,EMM025,LBI046,LPR012,LRE019,OCE009,OCP002,PFF012,SBB012,SFO007,SMA025,SOD016,SPI012,STE019
ACEM018,ACOO009,ECF018,EES008,EES010,EHH014,EJP027,LPR012,OCP002,OMW002,PFF012,SBB005,SBB012,SMA025,SNV009,SOD016,SRR002,STE019
ACAL001,ACEM018,ACPH004,ACPP012,ECF018,EJP027,EMM025,LBI046,LPR012,OCE009,OCP002,PCA020,PFF012,SBB012,SMA025,SMW008,SOD016,STE019
ACAL003,ACTA018,ECF018,EES008,EJP027,ERO024,EWW030,LBB002,LBI046,LPR012,OFF008,PFF012,SBB012,SMA025,SNB005,SNV009,SOD016,STE019
ACEM018,ECF018,EES008,EHC001,EJP006,EJP027,ERO018,EWW032,LPR012,LUN039,OCE009,OCP002,PFF012,PHE008,SGM019,SMA025,SOD016,STE019
ACAL001,ACEM018,ACPH004,ECF018,EJP027,EMM025,ESY005,LBI020,LBI046,LPR012,OCE009,OCP002,PFF012,SBB012,SMA025,SMW008,SOD016,STE019
ACEM018,ECF018,EES008,ERO027,LBI046,LCA023,LPR012,OCE009,OCE019,OCP002,POM002,POM018,SBB012,SMA025,SOD007,SOD016,SSS013,STE019
ACCU019,ACEM018,ACMO002,ACPP003,ECF018,EES008,EJP027,LPR012,OCP002,PFF012,SBB012,SFO008,SFO014,SFO017,SMA025,SNV009,SOD016,SRR002
ACAL001,ACEM018,ACMY004,ACPH004,ECF018,EES008,EOW012,LPL017,LPR012,LPR018,LUN028,OCE007,OCE009,PFF012,SBB012,SMA025,SOD016,STE019
ACAL001,ACEM018,ACMY004,ACPH004,ECF018,EES008,EPP021,LBI046,LPR012,LPR018,LUN028,OCE009,OCP002,PAN021,PFF012,SBB012,SOD016,STE019
ACEM018,ECF018,EES008,EJP027,LAM004,LPR012,OCP002,PFF012,SBB012,SCD001,SFO008,SFO014,SFO029,SMA025,SNV009,SOD016,SRR002,STE019
ACAL001,ACAL038,ACMY004,ECF018,EES008,EJP027,LAM008,LBI046,LPR012,OCE009,OCP002,PFF012,SBB012,SMA025,SMO023,SOD016,SPL007,STE019
ACCU009,ACPP035,ACWS023,CEV001,EES008,EES009,EPP018,LPR012,LRE011,LVE032,OCE009,OCP002,SBB012,SMA025,SNV009,SOD016,SST008,STE019
ACEM018,ECF018,EES008,EPP014,ESY009,FSE006,LPR012,OCP002,OMW007,PFF012,SBB012,SMA025,SNV009,SOD016,STE019,STR003,SWA015,SWA028
ACCU009,ACCU028,ACGM018,ACPH002,ACPP033,CEV001,EES008,EES009,LPR012,LVE032,OCE009,OCP002,SAA019,SBB012,SMA025,SNV009,SOD016,STE019
ACEM018,ACMY004,ACPH004,ECF018,EES008,EJP027,LBI046,LHY005,LPR012,OCE009,OCP002,PFF012,SBB012,SGM004,SMA025,SOD016,SPI018,STE019
ACCU009,ACPH002,ACPP035,EES008,EJF021,LPR012,LVE032,OCE009,ORE007,OWA003,SAA019,SBB012,SIW017,SMA025,SNV009,SOD016,SST008,STE019
ECF018,EES008,EHH011,EJP027,EPP011,EPP014,ESY009,LCA010,LPR012,OBI003,OCP002,PFF012,SBB012,SMA025,SNV009,SOD016,STE025,SWA017
ACEM018,ECF018,EES008,EHC003,EJP027,EMM025,ESS005,LBI046,LPR012,LUN028,OCE009,OCP002,PFF012,SBB012,SMA025,SMW008,SOD016,STE019
ACCU009,ACPH002,ACPP033,ACPP035,CEV001,ECF008,EES008,EES009,EWW038,LPR012,LVE032,OCE009,OCP002,SAA019,SBB012,SNV009,SOD016,STE019
ACAL001,ACPH004,ECF018,EES008,EJP027,EMM025,LPR012,LUN028,OCE009,OCP002,PFF012,SBB012,SFO007,SMA025,SOD016,SPI012,SRR006,STE019
ACAL038,ACEM018,ACNO023,ACPH004,ECF018,EES008,EJP027,LBI046,LPR012,LUN028,OCE009,PFF012,SBB012,SMA025,SOD016,SOD017,SSC002,STE019
ACAL001,ACEM018,ACPH004,EBT001,ECF018,EES008,EJP027,LBI046,LPR012,OCE009,OCP002,PFF012,SBB012,SMA025,SMW008,SNV038,SOD016,STE019
