ACHA006,ACPY004,EES008,EJP021,EJP027,EMM022,FSP003,LPR012,OCE009,ORE013,OSH001,PHE009,SMA025,SMA029,SOD016,SOD019,SST009,STE019
ACNO029,ACPP031,EES008,EJP021,EMM022,ERO001,EWW036,LDG008,LPR012,OCE009,OMA029,ORF003,OSH001,PMO009,SBB002,SMA025,SOD016,STE019
EES008,EJP021,EJP027,ERO001,EWW036,LBB006,LDG008,LDG014,LDG024,LPR012,OCE009,OFI022,OMA030,SMA025,SNB019,SNV018,SOD016,STE019
ACHA001,ACIM002,EES008,EHC003,EHH008,EJP021,EJP027,EMM022,LAM028,LDG008,LPR012,LVE032,OMA032,OSH003,PFF012,SMA025,SMA033,STE019
EES008,EJP021,EJP027,ERO001,EWO009,LBB006,LDG008,LDG014,LDG024,LPR012,OCE009,OSH001,SMA025,SNB019,SNV017,SNV018,SOD016,STE019
ACFE022,ACGM043,ACHA006,ACPY004,EES008,EJP021,EJP027,EMM022,FSP003,LPR012,OSH001,PHE009,SMA025,SMA029,SOD016,SOD019,SST009,STE019
ACCU002,ACGM017,EES008,EJP021,EMM022,ESS007,LCA023,LDG008,LMA039,LVE032,OSH001,OSH011,SDD025,SEL020,SMA025,SMW014,SOD016,STE019
ACAM006,EES008,EMM022,ESS007,EWW036,LCC009,LPR012,LVE032,OCE009,OMW015,PFF012,SDD025,SIW010,SMA001,SMA007,SMA025,SOD016,SZO005
ACIM002,EES008,EJP021,EJP027,EMM022,LAM028,LDG008,LPR012,LVE032,OCP029,ODE015,OSH003,SMA025,SMA033,SNV008,SOD016,SPL003,STE019
ACMO004,EES008,EJP021,EMM022,ERO020,LCA023,LDG008,LPR020,LVE032,OCE009,ORR008,OSH001,OSH003,PFF012,SFR006,SMA025,SOD016,STE019
ACGM019,ACGM035,ACMU006,ACPY002,EES008,EMM022,EWW036,LBB004,LDG008,LPR012,ODE009,PAN019,PFF012,SMA025,SNV017,SOD016,SPL005,STE019
ACMU009,ECF014,EES008,EJP021,EMM022,ESY008,LDG008,LMC032,LPL013,LPR012,LTT022,OCE009,SAS020,SIW010,SMA025,SMO011,SOD016,STE019
ACGD003,ACGM031,ACGM045,EES008,EJP021,LDG008,LDG024,LPR012,LPR020,LVE032,OCE009,PHE022,SMA025,SMW008,SOD016,SST009,STE019,SWA017
ACCU028,ACNO025,EES008,EJP021,EMM022,ESS007,EWW036,LDG021,LPR012,LPR028,LTT006,LVE032,OCE009,SIW010,SMA025,SOD016,SST029,STE019
ACCU002,ACRR006,ACSP026,EES008,EJP021,EMM022,ESS007,LAM021,LVE032,OCE009,OSH001,OSH011,PFF012,SDD025,SEL020,SMA025,SOD016,STE019
ACPP008,EES008,EHH008,EJP016,EJP021,LCC015,LDG008,LPR012,LVE032,OCE009,PFF012,SGD001,SMA025,SMA033,SOD016,SSS012,STE019,SWA014
ACGD012,ACPH011,EAG007,EES008,EWW036,LDG008,LPR012,LVE032,OBI006,OCE009,PFF012,SEL020,SFN011,SFN013,SIW010,SMA025,SNB001,STE019
ACAL039,EES008,EJP021,EMM022,LDG008,LDG024,LPR012,LPR020,LVE032,OCE009,PHE022,SEL020,SFO016,SMA025,SMA029,SOD016,SST009,STE019
ACFF004,EES008,EJP027,ERO001,EWW036,LAM020,LBB006,LDG014,LDG024,LPR012,OCE009,OSH001,SMA025,SNB019,SNV018,SOD016,SPP001,STE019
ACCU012,ACOO014,ACPH011,EES008,EMM013,EWW036,LBU010,LDG008,LPR012,LVE032,OCE009,OFI030,PFF012,SEL020,SMA025,SMW015,SOD016,STE019
EES008,EJP021,EJP027,EMM022,EOW025,ERO001,ERO003,LPR012,LVE032,OCE009,OCP010,OEV002,SMA025,SMW014,SOD019,SST009,STE004,STE019
ACEV005,ACHA001,EES008,EJP021,EJP027,EMM022,LAM028,LCA003,LDG003,LDG008,LPR012,LVE032,OSH003,PFF012,SMA025,SMA033,SOD016,STE019
ACAL015,ACGM031,ACGM045,EES008,EJP021,EMM022,LDG008,LDG024,LPR020,LVE032,OCE009,PHE022,SMA025,SMW008,SOD016,SST009,STE019,SWA017
ACGM045,EES008,EJP021,EMM022,LDG008,LPR012,LPR020,LVE032,OCE009,PHE022,SEL020,SFO016,SMA025,SMA029,SNV017,SOD016,SST009,STE019
ACGM045,EES008,EJP021,EMM022,LBB003,LDG008,LDG024,LPR012,LPR020,LVE032,OCE009,SMA025,SMA029,SOD016,SST009,STE019,STR024,SWA017
ACAZ003,ACFF004,EES008,EJP021,EJP027,ERO001,EWW036,LBB006,LDG008,LDG014,LDG024,OCE009,OSH001,SEL003,SMA025,SNV018,SOD016,STE019
ACFF004,EES008,EJP021,EJP027,ERO001,LBB006,LDG008,LPR012,LVE007,OCE009,OFI010,OSH001,SEL005,SMA025,SMA029,SMT005,SOD016,STE019
ACGD002,ACPY002,ECF012,ECF014,EES008,EJF008,EJP021,LDG008,LMA031,LMC032,LPR012,LVE032,SAS020,SIW010,SMA025,SMO011,SOD016,STE019
ECF017,EES008,EJP021,EJP027,ERO001,LAL022,LDG008,LPR012,LPR028,OCE009,ORR006,OSH001,SCO023,SMA025,SNV017,SOD016,SOD019,STE019
ACGD002,ECF012,ECF014,EES008,EJF008,EJP021,LDG008,LMA031,LMC032,LPR012,LVE032,OCE009,SAS020,SFO018,SIW010,SMA025,SOD016,STE019
EDO006,EES008,EJP021,EJP027,EMM022,ERO001,ERO035,LDG008,LPR012,LVE032,MYHI002,OCE009,OEV002,SMA025,SMA035,SMW014,SOD019,STE019
ACGM028,ACWS001,EES008,EJP021,EMM022,EPP002,ESS007,EWW036,LCA023,LDG008,LVE032,MYSE001,OSH001,OSH003,PFF012,SDD025,SMA025,STE019
ACGM017,EAG001,EES008,EHH018,EJP021,EJP027,EWW036,LDG008,LPR012,OCE009,OSH001,SMA025,SMA029,SMT003,SNV018,SOD016,SOD019,STE004
ACGM045,EES008,EJP021,EMM022,LDG008,LDG024,LPR020,LVE032,OCE009,ORR007,SMA025,SMA036,SOD016,SPP004,SSS019,SSS028,SST009,STE019
ACGM019,ACMU006,EES008,EMM022,EWW036,LBB004,LDG008,LPR012,LVE032,ODE009,OFI039,PAN019,PFF012,SMA025,SNV017,SOD016,SPL005,STE019
ACPP031,EES008,EJP002,EJP021,EMM022,ERO001,EWW036,LDG008,LPR012,OCE009,OMA029,OSH001,SBB002,SMA025,SNV027,SOD013,SOD016,STE019
ACGD002,ECF014,EJP021,EMM022,EWW036,LCC004,LDG008,LMC032,LPR012,LVE032,OCE009,OFF017,SAS020,SIW010,SMA025,SMO011,SSS023,STE019
ACGM025,ACPP025,EES008,EJP021,EJP027,EWW036,LDG008,LPR012,OCE009,OSH001,PFF015,SMA025,SMA029,SMO009,SNV017,SNV018,SOD016,STE019
ACGM031,ACGM045,EES008,EJP021,LDG008,LDG024,LPR012,LPR020,LVE032,OCE009,PHE022,PHE031,SMA025,SMW008,SOD016,SST009,STE019,SWA017
ACGM017,ACGM025,ECF017,EES008,EJP021,EJP027,EWW036,LPR012,OCE009,OSH001,PHE005,SMA025,SMA029,SNV017,SNV018,SOD016,STE019,STE023
EEE004,EES008,EJP021,EJP027,LBI042,LDG008,LPR012,LPR020,LVE032,OCE009,OMA027,PHE022,SMA025,SMA029,SOD016,SSS019,SST009,STE020
ACCU012,EES008,EJP016,EJP021,EMM022,LCC004,LDG008,LPR012,LVE010,LVE032,OCE009,PFF012,SAA011,SDD025,SMA025,SOD016,SSS012,STE019
ACCU012,ACOO014,EES008,ESS007,LBU010,LDG008,LPR012,LVE032,OCE009,OFI030,OSH016,PFF012,SEL020,SIW010,SMA025,SMW015,SNV036,SOD016
EES008,EJP021,LAL030,LDG008,LDG024,LPR012,LVE032,OCE009,PHE022,SFN010,SFO015,SMA025,SMA029,SOD012,SOD016,SSS019,SST009,STE019
ACCU009,ECF012,ECF014,EES008,EJP021,EMM022,EWW036,LAL029,LDG008,LPL013,LRE017,LVE032,OCE009,SAS020,SIW010,SMA025,SMO011,STE019
ACMO004,EES008,EJP021,EMM022,EWW036,LBU033,LCA023,LDG008,LVE032,OCE009,OSH001,OSH003,PFF006,PFF012,SMA025,SOD016,SRR019,STE019
EJP021,EMM022,ESS007,EWW036,LAM023,LDG008,LPL019,LVE032,MYSE001,OCE009,OFI021,OSH001,OSH003,PFF017,SDD025,SMA025,SOD016,STE019
ACPP008,EES008,EHH008,EJP016,EJP021,EMM022,LCC015,LDG008,LPR012,LVE032,OCE009,ORR019,PFF012,SGD001,SOD016,SSS012,STE019,SWA014
ACNO029,ACPP031,EES008,EJP002,EJP021,EMM022,ERO001,EWW036,LDG008,LPR012,OCE009,OMA029,ORF003,ORR013,SBB002,SMA025,SOD016,STE019
EES008,EMM022,ESS007,EWW036,LCC009,LPR012,LVE032,OCE009,OMW015,PFF012,SDD025,SEL020,SIW010,SMA001,SMA025,SOD016,STE019,SZO005
EEE015,EES008,EJP021,EJP027,ERO001,LDG008,LPR012,LPR028,OCE009,ORR006,OSH001,SCO023,SMA025,SNV017,SNV018,SOD016,SOD019,STE019
ACEV015,ACGM045,EES008,EJP021,EJP027,LBI046,LDG008,LPR012,LVE032,OCE009,ORE004,PHE022,SMA025,SMA029,SOD016,SOD019,SSS019,STE019
ACGM045,EES008,EJP021,EJP027,EMM022,LDG004,LDG024,LPR012,LVE032,OCE009,OMA012,PHE022,SMA025,SNB001,SOD016,SSS019,SST009,STE019
ACGM045,EJF004,EJP027,EMM022,LDG024,LMA033,LPR012,LPR020,LVE032,OCE009,PHE022,SFO009,SMA025,SOD016,SSS019,SST009,STE019,SWA021
ACMU009,ECF012,ECF014,EES008,EJP021,EMM022,LDG008,LMC032,LPL013,LPR012,LVE032,OCE009,SAS020,SCO021,SIW010,SMA025,SRR017,STE019
ACGM017,ECF017,EES008,EJP021,EJP027,EWW036,LAM021,LBB006,LCA012,LDG008,LPR012,OSH001,SMA025,SNV017,SOD016,SOD019,STE004,STE019
ACMO004,ACPH009,EES008,EMM022,EWW036,LBU033,LCA023,LDG008,LVE032,OCE009,ORR008,OSH001,OSH003,PFF006,PFF012,SMA025,SOD016,STE019
EES008,EJP021,EJP027,ERO001,EWW036,LBB006,LDG008,LMC020,LPR012,LVE007,OCE009,OFI010,OSH001,SEL005,SMA025,SMA029,SOD016,STE019
ACCU028,ACNO028,EES008,EJP021,EMM022,EWW036,LDG021,LPR012,LTT006,LUN036,LVE032,OCE009,PFF012,SIW010,SMA025,SMO011,SOD016,STE019
ACHA014,EES008,EMM022,ESS007,LAM021,LDG008,LVE032,OCE009,OSH001,OSH011,PFF012,SDD025,SEL020,SMA025,SOD016,SPI026,STE019,STR020
ACCU012,EES008,EJP021,EMM022,LDG008,LPR012,OCE009,OCE020,OCP023,OFI030,PFF012,SEL020,SIW017,SMA025,SOD016,SRR011,SST012,STE019
EEG011,EES008,EJP021,EMM022,ESS007,EWW036,LDG008,LPR012,LVE006,LVE032,OCE009,OFI001,PAN019,PCA034,SIW002,SMA025,SMO011,STE019
ACGM045,ACMU008,EES008,EJP021,EJP027,EMM022,LDG004,LDG008,LDG024,LPR012,LVE032,OCE009,SMA025,SNB001,SOD016,SSS019,SST009,STE019
ACGM045,EEE003,EJP021,EJP027,EMM022,EWO009,LDG008,LMA032,LPR012,LVE032,PHE022,SGM033,SMA025,SMA029,SOD016,SOD019,SSS019,STE019
EDO006,EES008,EJP021,EJP027,EMM022,ERO001,ERO035,LDG008,LPR012,MYHI002,OCE009,OEV002,SMA025,SMW014,SOD016,SOD019,STE019,STR018
ACGM045,EES008,EJP021,EJP027,EMM022,EWO009,LDG008,LMA032,LPR012,LVE032,PHE022,SMA025,SMA029,SMO003,SOD016,SOD019,SSS019,STE019
ACPY004,EES008,EJP021,EJP027,EMM022,LDG008,LPR012,LTT001,LUN012,OCE009,OSH001,SFO007,SIW002,SMA025,SMA029,SOD016,SOD019,STE019
ACGM045,ECF012,EES008,EJP021,EJP027,EMM022,LDG008,LDG024,LPR012,LVE032,OWA010,PFF024,PHE022,SMA025,SOD016,SSS019,SST009,STE019
ACGM043,ACHA006,ACPY004,EES008,EJP021,EJP027,EMM022,FSP003,LPR012,OSH001,PHE009,SEL023,SMA025,SMA029,SOD016,SOD019,SST009,STE019
ACGM017,ECF017,EES008,EJP021,EJP027,LDG008,LPR012,LTT015,OCE009,OFI010,OSH001,SCO013,SMA025,SNV017,SNV018,SOD016,SOD019,STE019
ACPH011,EAG007,EES008,EWW036,LDG008,LPR012,LVE032,OBI006,OCE009,PFF012,SEL020,SFN011,SFN013,SMA025,SNB001,SOD016,STE019,STE023
ACSP007,EES008,EJP021,EMM022,ESS002,EWO009,LDG008,LPR012,LRE002,LVE032,OCE009,PHE022,SAA008,SGM029,SMA025,SOD016,SOD019,STE019
ACEV005,ACFE010,ACHA001,EES008,EHH008,EJP021,EJP027,EMM022,LAM028,LCA003,LDG008,LPR012,LVE032,OSH003,PFF012,SMA025,SMA033,SOD016
ACTO001,EAM002,EES008,EJP021,EMM022,ERO001,LDG008,LPR012,LVE032,OCE009,PHE022,SFN010,SMA025,SME021,SNV006,SOD016,SST009,STE019
ACCU012,ECF014,EES008,EES010,EMM022,ESS007,EWW036,LDG008,LPR012,LVE032,OCE009,PAN019,SAS001,SIW002,SIW010,SMA025,SME003,STE019
ACGM043,ACHA006,ACPY004,EES008,EJP021,EJP027,EMM022,FSP003,LPR012,OCE009,OSH001,PHE009,SFO006,SMA025,SMA029,SOD016,SOD019,STE019
EDO007,EJP021,EMM022,ESS007,EWW036,LDG008,LPL019,LVE032,MYSE001,OFI021,OSH001,OSH003,PFF012,PFF017,SDD025,SMA025,SOD016,STE019
ACFF004,EES008,EJP004,EJP021,EJP027,ERO001,EWW036,LBB006,LDG008,LPR012,LVE007,OCE009,OFI010,OSH001,SEL005,SMA029,SOD016,STE019
ACHA001,EES008,EJP021,EJP027,EMM022,LAM028,LCA003,LDG008,LPR012,LVE032,OSH003,PCA022,PFF012,SMA025,SMA033,SMW010,SNV008,SOD016
ACGM045,EEG026,EES008,EJP021,EMM022,EPP002,LDG008,LDG024,LPR012,LPR020,LVE032,OCE009,PHE022,SMA025,SMA029,SMW008,SOD016,SST009
EES008,EJP021,ESS007,EWW036,LBU011,LMC022,LPL019,LVE032,MYSE001,OCE009,OFI021,OSH001,OSH003,PFF012,SDD025,SMA025,SOD016,STE019
ACFE001,ACGM019,ACGM035,ACMU006,EES008,EMM022,EWW036,LBB004,LPR012,LVE032,ODE009,PAN019,PFF012,SMA025,SNV017,SOD016,SPL005,STE019
ACIM002,ACNO019,EES008,EJP021,EJP027,EMM022,LAM028,LDG008,LPR012,LVE032,OCP029,ODE015,OSH003,SMA025,SMA033,SNV008,SOD016,STE019
ACGM045,EES008,EJP021,EMM022,LDG008,LDG024,LPR020,LVE032,OCE009,ORE020,ORR007,PHE022,SMA036,SOD016,SPP004,SSS019,SST009,STE019
ACPH005,ACSP007,EES008,EJP021,EMM022,ESS002,EWO009,LDG008,LRE002,LVE032,OCE009,PHE022,SDD023,SGM029,SMA025,SOD016,SOD019,STE019
ACMU009,ECF012,ECF014,EES008,EJP021,LDG008,LMC032,LPL013,LPR012,LVE032,OCE009,ORE013,SAS020,SIW010,SMA025,SMO011,SOD016,STE019
ACPH014,EES008,EJP021,EWW036,LCA001,LMA008,LPL002,LVE032,ORE019,OSH001,PFF012,SMA025,SMA036,SNV017,SOD016,SRR004,SRR016,STE019
ACCU012,ECF014,EES008,EES010,EMM022,EOW023,ESS007,LDG008,LPR012,LVE032,OCE009,PAN019,SIW002,SIW010,SMA025,SME003,SOD016,STE019
ECF012,ECF014,EES008,EJP021,EWW036,FHI002,LAL029,LDG008,LPL013,LPR012,LRE017,LVE032,OCE009,SAS020,SIW010,SMA025,SMO011,STE019
EES008,EJP021,EJP027,EMM022,LAM028,LCA010,LDG008,LPR012,LVE032,OCP029,ODE015,OSH003,PFF012,SMA025,SMA033,SNV008,SOD016,STE019
ACNO029,ACPP031,EES008,EJP002,EJP021,EMM022,ERO001,LDG008,LPR012,OCE009,OMA029,ORF003,OSH001,PAN004,SBB002,SMA025,SOD016,STE019
ACAL015,EES008,EJP021,EJP027,EMM022,LBB026,LMA021,LPR012,LVE032,OSH001,PFF012,SEL020,SMA025,SNV012,SOD016,SPI004,STE019,SZO005
ACMU009,ECF012,ECF014,EES008,EJP021,EMM022,LAM009,LDG008,LMC032,LPR012,LVE032,OCE009,SAS020,SIW010,SMA025,SMO011,SOD016,STE019
ACMU003,EES008,EJP021,EJP027,LDG024,LPR012,LVE032,OCE009,PHE022,SFN010,SFO015,SMA025,SMA029,SOD012,SOD016,SSS019,SST009,STE019
ACHA001,ACIM002,EES008,EJP021,EJP027,EMM022,LAM028,LBI045,LDG008,LPR012,LVE032,OMA032,OSH003,PFF012,SMA025,SMA033,SOD016,STE019
EES008,EJP021,EJP027,EMM022,ERO001,ERO011,ERO035,LPR012,LVE032,MYHI002,OCE009,OEV002,SFR005,SMA025,SMW014,SOD016,SOD019,STE019
ACHA001,EES008,EJP021,EJP027,EMM022,LDG008,LPR012,LVE032,OSH003,PCA022,PFF012,SMA025,SMA033,SMW010,SNV008,SOD016,STE019,SWA007
ACMU009,ECF012,ECF014,EES008,EJP021,EMM022,LDG008,LMC032,LPR012,LVE032,OBI001,OCE009,SGD016,SIW010,SMA025,SMO011,SOD016,STE019
ACCU026,ACGD002,ECF012,ECF014,EES008,EJP021,EMM022,EWO005,EWW036,LDG008,LMC032,LPR012,LVE032,OCE009,SAS020,SMO011,SPP005,STE019
ACCU012,ACOO014,EES008,ESS007,EWW036,LBU010,LDG008,LVE032,OCE009,PFF012,SEL020,SIW010,SMA025,SMA035,SMW015,SOD016,STE019,SZO009
ACPP008,EES008,EHH008,EJP016,EJP021,EMM022,LDG008,LPR012,LVE032,OCE009,PFF012,PMO022,SGD001,SMA025,SOD016,SSS012,STE019,SWA014
ACGD002,ECF014,EES008,EJF008,EJP021,ESY002,LDG008,LMA031,LMC032,LPR012,LVE032,OCE009,SAS020,SIW010,SMA025,SMO011,SOD016,STE019
ACGM045,ECF012,EJP021,EJP027,EMM022,LDG008,LDG024,LMC022,LPR012,LVE032,OCE009,PHE022,PIC004,SMA025,SNB001,SSS019,SST009,STE019
ACNO029,ACPP031,EES008,EJP021,EMM022,ERO001,EWW036,LCR004,LDG008,LPR012,OCE009,OMA029,ORF003,OSH001,SBB002,SMA025,SOD016,STE019
ACMO004,EES008,EJP021,EMM022,LCA023,LDG008,LPR020,LVE032,OCE009,ORR008,OSH001,PFF012,SDD025,SFR006,SMA025,SNV014,SOD016,STE019
ACHA014,EJP021,EMM022,ESS007,EWO019,LAM021,LDG008,LVE032,OCE009,OSH001,OSH011,PFF012,SDD025,SEL020,SMA025,SOD016,SPI026,STE019
ACCU012,ECF014,EES008,EES010,EMM022,ESS007,EWW036,LBI012,LDG008,LPR012,LVE032,OCE009,SIW002,SIW010,SMA025,SME003,SOD016,STE019
ACFF006,ACGM045,ECF012,EES008,EJP021,EJP027,EMM022,LDG008,LDG024,LPR012,LVE032,OCE009,PFF024,PHE022,SMA025,SSS019,SST009,STE019
EEE004,EES008,EJP021,EJP027,LPR012,LPR020,LVE032,OBI011,OCE009,OMA027,PHE022,SMA025,SMA029,SOD016,SSS019,SST009,STE019,STE020
ACPY004,EES008,EJP021,EMM022,LDG008,LPR012,LTT001,OCE009,OSH001,SFO007,SIW002,SMA025,SMA029,SOD016,SOD019,SST009,STE019,SWA017
ACAL014,ACGM017,ECF017,EES008,EJP027,EWW036,LDG008,LPR012,OCE009,OSH001,SBB009,SMA025,SMA029,SNV017,SNV018,SNV037,SOD019,STE019
ACPP008,EES008,EHH008,EJP016,EMM022,LCC015,LDG008,LPR012,LVE032,OCE009,PFF012,SGD001,SMA025,SOD016,SSS012,STE019,SWA002,SWA014
ACCU012,ACOO014,EES008,EWW036,LBU010,LDG008,LVE032,OCE009,OFI030,PFF012,SEL020,SIW010,SMA025,SMA035,SMO004,SMW015,SOD016,STE019
ACAL015,EES008,EJP021,EJP027,LBB026,LPR012,LVE032,OCE008,OSH001,PFF012,SEL020,SMA025,SNV001,SNV012,SOD016,SPI004,STE019,SZO005
ACGM040,ACGM043,ACHA006,EES008,EJF006,EJP021,EJP027,EMM022,LPR012,OCE009,OSH001,PHE009,SGM025,SMA025,SMA029,SOD016,SST009,STE019
ACMU009,ECF014,EES008,EJP021,EMM022,LDG008,LMC032,LPR012,LVE032,OCE009,OSH023,SAS020,SGD016,SIW010,SMA025,SMO011,SOD016,STE019
ACGM035,EES008,EJP021,EMM022,EOW018,HEV006,LPR012,LVE032,MYLO001,OSH001,PFF012,SEL020,SMA025,SNV005,SNV012,SOD016,STE019,SZO005
ACGM043,ACHA006,EES008,EJF006,EJP021,EJP027,EMM022,LPR012,OCE009,OFI027,OSH001,PHE009,SGM025,SMA025,SMA029,SOD016,SST009,STE019
ACCU012,EES008,EJP016,EJP021,LCC015,LDG008,LPR012,LVE032,OCE009,OFI039,PCA010,PFF012,SGD001,SMA025,SOD016,SSS012,STE019,SWA014
ACFE021,EES008,EJP027,EMM022,ERO001,ERO003,LDG008,LPR012,LVE032,OCE009,OCP010,OEV002,SIW003,SMA025,SMW014,SOD016,SST009,STE019
ACGM045,EES008,EJP021,EJP027,LBI046,LDG008,LPR012,LVE032,OCE009,ODE014,ORE004,PHE022,SMA025,SMA029,SOD016,SOD019,SSS019,STE019
ACGM045,ACGM057,ACMO005,EJP021,EJP027,EMM022,LDG008,LDG024,LPR012,LVE032,OCE009,SMA025,SMA029,SMO008,SOD016,SSS019,SST009,STE019
EES008,EJP016,EJP021,EMM022,LCC015,LDG008,LPR012,LRE027,LVE032,OCE009,PCA010,PFF012,SGD001,SMA025,SOD016,SSS012,STE019,SWA014
EJP021,EMM022,ESS007,EWW036,LDG008,LPL019,LVE032,MYSE001,OCE009,OFI021,OSH001,PFF012,PFF017,SDD025,SFR005,SMA025,SOD016,STE019
ACGM045,EJP021,EJP027,EMM022,LDG004,LDG008,LDG024,LPR012,LVE032,OCE009,OSH021,PHE022,SMA025,SNB001,SOD016,SSS019,SST009,STE019
ACPH014,EES008,EJP021,EWW036,LCA001,LMA008,LPL002,LPR012,ORE019,OSH001,PFF012,SFO025,SMA025,SMA036,SNV017,SOD016,SRR004,STE019
ACCU012,EES008,EJP021,EMM022,ESS007,EWW036,LAM020,LDG021,LPR012,LVE032,OCE009,OFI039,PFF012,SIW010,SMA025,SMO011,SOD016,SSC006
ACGM045,ECF012,EES008,EJP021,EMM022,LDG008,LDG024,LPR012,LVE032,OCE009,PHE022,SEL020,SFO016,SMA025,SMA029,SOD016,SST009,STE019
EES008,EJP021,EJP027,LBI037,LDG008,LDG024,LPR012,LPR020,LVE032,OCE009,PHE022,SMA025,SMA029,SMW010,SOD016,SSS019,SST009,STE020
EES008,EJP021,EMM022,ESS013,EWW036,LBU033,LCA023,LDG008,LVE032,OCE009,ORR008,OSH001,OSH003,PFF006,PFF012,SMA025,SOD016,STE019
ACAL026,ACGM045,ACPY002,EES008,EJP021,EJP027,EMM022,LBU003,LDG008,LDG024,LPR012,LVE032,OCE009,SMA025,SMA029,SOD016,SST009,SWA017
ACGM017,ACGM025,EES008,EJP021,EJP027,EWW036,LDG008,LPR012,OCE009,OSH001,PFF015,PHE021,SMA025,SMA029,SMO009,SNV017,SNV018,STE019
ACGM045,EEE020,EES008,EJP021,EMM022,LDG008,LDG024,LPR020,LVE032,OCE009,PHE022,SEL020,SFO016,SMA025,SMA029,SOD016,SST009,STE019
EES008,EJP021,EMM022,LDG008,LPL027,LPR012,OCE009,OCE020,OCP023,OFI030,PFF012,SEL020,SIW010,SMA025,SOD016,SRR011,SST012,STE019
ACGM017,ACGM025,ECF012,ECF017,ECF023,EES008,EJP021,EJP027,EWW036,LDG008,LPR012,OCE009,SMA025,SMA029,SNV017,SNV018,SOD006,SOD016
ACGM045,EES008,EJP021,EMM022,LDG004,LDG008,LDG024,LPR012,LVE032,OCE009,OFI028,PHE022,SMA025,SNB001,SOD016,SSS019,SST009,STE019
EES008,EJP021,EJP027,ERO001,LDG008,LDG024,LPR012,LVE032,OCE009,PHE022,SFN010,SFO015,SMA025,SMA029,SOD016,SRR002,SSS019,STE019
ACCU012,EES008,EJP016,EJP021,EMM022,LCC015,LDG008,LPR012,LVE032,OCE009,PCA010,PFF012,SAA001,SMA025,SOD016,SSS012,STE019,SWA014
ECF012,ECF014,EES008,EJP021,EMM022,EWW036,LAL029,LPL013,LPR012,LRE017,LVE032,OCE009,OSH009,SAS020,SIW010,SMA025,SMO011,STE019
ACCU026,ACGD002,ECF014,EES008,EJP021,EMM022,EWW036,LDG008,LMC032,LPR012,LVE032,OFI022,PAN004,SAS020,SMA025,SMO011,SOD016,STE019
ACGM028,ACWS001,EES008,EMM022,ESS007,EWW036,LCA023,LDG008,LVE032,MYSE001,OSH001,OSH003,PFF012,SDD025,SFO012,SMA025,SOD016,STE019
ACWS001,EES008,EJP021,EMM022,ESS007,EWW036,LCA023,LDG008,LVE032,OSH001,OSH003,PCA016,PFF012,SDD008,SDD025,SMA025,SOD016,STE019
ACGM028,EES008,EJP021,EMM022,ESS007,EWW036,LCA023,LDG008,LVE032,MYSE001,OSH001,OSH003,PFF012,SDD025,SMA025,SOD016,SSS019,STE019
EES008,EJP021,ERO012,EWW036,LCA001,LMA008,LPL002,LPR012,LVE032,ORE019,OSH001,PFF012,SMA025,SMA036,SNV017,SOD016,SRR004,STE019
ACCU014,ACGM043,ACHA006,EES008,EJF006,EJP021,EJP027,LPR012,OCE009,OSH001,PHE009,SGM025,SMA025,SMA029,SOD016,SOD019,SST009,STE019
EEG011,EES008,EJP021,EMM022,ESS007,LDG008,LPR012,LVE006,LVE032,OCE009,OFI001,PAN019,SCO011,SIW002,SMA025,SMO011,SOD016,STE019
ACFF004,EES008,EJP021,EJP027,ERO001,EWW036,LDG008,LDG014,LDG024,LPR012,OCE009,OSH001,SEL003,SHN002,SMA025,SNV018,SOD016,STE019
ACCU026,ACGD002,ECF014,EES008,EJP021,EMM022,EWW036,LDG008,LMC032,LPR012,OCE009,OFI022,ORF002,SAS020,SMA025,SMO011,SOD016,STE019
ACNO038,EES008,EJP027,EMM022,ERO001,LBI036,LDG008,LDG019,LPR012,LVE032,MYHI002,OCE009,SMA025,SMW008,SMW014,SOD016,STE019,SZO006
ACFE005,EES008,EJP021,ESS007,EWW036,LDG008,LMC022,LPL019,LVE032,OCE009,OFI021,OSH001,OSH003,PFF012,SDD025,SMA025,SOD016,STE019
ACGM045,EES008,EJP021,EJP027,ESS008,FPA002,LBI046,LDG008,LDG024,LPR012,LVE032,OCE009,ORE004,SMA025,SMA029,SOD019,SSS019,STE019
ACCU002,ACGM017,EES008,EJP003,EJP021,ESS007,LCA023,LDG008,OCE009,OSH001,OSH011,PFF012,POM009,SDD025,SEL020,SMA025,SOD016,STE019
ACGM017,ACGM025,EES008,EJP021,EMM029,EWW036,LDG008,LPR012,OCE009,OSH001,PFF015,SMA025,SMA029,SMO009,SNV017,SNV018,SOD016,STE019
ACPH014,EES008,EJP021,EWW036,LCA001,LMA008,LPL002,LPR012,LVE032,ORE019,OSH001,PFF012,PHE028,SMA025,SNV017,SOD016,SRR004,STE019
EES008,EJP021,EJP027,EMM022,ERO001,ERO035,LAL017,LDG008,LPR012,LVE032,MYHI002,OCE009,OEV002,SMA025,SMW014,SOD016,SOD019,STE019
ACAL003,ACFF005,ACPY002,ACPY004,EES008,EJP021,EJP027,EMM022,LDG008,LPR012,OSH001,PHE009,SGM025,SMA025,SMA029,SOD016,SST009,STE019
ACAL015,EES008,EJP021,EJP027,EMM022,LPR012,LVE032,OSH001,OSH012,PFF012,SEL020,SMA025,SNV001,SNV012,SOD016,SPI004,STE019,SZO005
ECF017,EES008,EJP021,EJP027,EWW036,LDG008,LPR012,OCE009,ODE015,OSH001,SAA019,SMA025,SMA029,SNV017,SOD016,SOD019,STE004,STE019
ACGM043,ACHA006,EES008,EJF006,EJP021,EJP027,EMM022,LPR012,OCE009,OSH001,PHE009,SGM025,SMA025,SMA029,SOD016,SSC001,SST009,STE019
EES008,EJP021,EJP027,ERO001,EWW036,LBB006,LBI033,LDG008,LDG014,LDG024,LPR012,OCE009,OMA030,OSH001,SMA025,SNV018,SOD016,STE019
ACGM045,EES008,EJP021,EMM022,LDG008,LDG024,LPR020,LVE032,OCE009,PHE022,SEL020,SFO016,SMA025,SMA029,SMW005,SOD016,SST009,STE019
ACMU009,ECF014,EES008,EJP021,EMM022,LDG008,LMC032,LPL013,LPR012,LVE032,OCE009,SAS020,SCO021,SIW010,SMA025,SOD016,STE011,STE019
EAG007,EES008,EJP015,EWW036,LDG008,LPR012,LVE032,OBI006,OCE009,PFF012,SEL020,SFN011,SFN013,SIW010,SMA025,SNB001,SOD016,STE019
EAG013,EES008,EES011,EJP021,EJP027,EMM022,ERO001,LBI036,LDG008,LPR012,OCE009,SMA025,SMW008,SMW014,SOD016,SST009,STE019,SZO006
ACGD002,ECF012,ECF014,EES008,EJP021,ERO026,EWW036,LDG008,LMA031,LMC032,LPR012,LVE032,OCE009,SAS020,SMA025,SMO011,SOD016,STE019
ACGM017,ECF017,EES008,EJP021,EJP027,LBB027,LDG008,LPR012,LTT015,OCE009,OFI010,OSH001,SMA025,SNV017,SOD016,SOD019,STE004,STE019
EJP021,EMM022,ESS007,EWW036,LDG008,LPL019,LTT009,LVE032,MYSE001,OCE009,OFI021,OSH001,OSH003,PFF012,PFF017,SDD025,SOD016,STE019
ACGD002,EAG022,ECF014,EES008,EJP021,EWW036,LDG008,LMA031,LMC032,LPR012,LVE032,OCE009,SAS020,SCO021,SMA025,SMO011,SOD016,STE019
ACMO004,EJF006,EJP021,EMM022,LCA023,LDG008,LPR020,LVE032,OCE009,ORR008,OSH001,OSH003,PFF012,SDD025,SFR006,SMA025,SOD016,STE019
ACGM017,ACGM025,ECF012,ECF017,EES008,EJP021,EWW036,LDG008,LPR012,OCE009,SIW005,SMA025,SMA029,SNV017,SNV018,SOD006,SOD016,STE019
ACGM045,EES008,EJP021,EJP027,ESS008,LBI046,LDG008,LDG024,LPR012,LVE032,OCE009,ORE004,PHE012,SMA025,SMA029,SOD016,SSS019,STE019
ACCU012,EES008,EJP021,EMM022,HEV003,LBU004,LCC019,LDG008,LMC032,LPR012,LVE032,OCE009,PAN019,SAS020,SIW010,SMA025,SMW015,SOD016
ACGD002,ECF012,ECF014,EES008,EJP021,LDG008,LMA031,LMC032,LPR012,LVE032,OBI015,OCE009,SAS020,SCO021,SMA025,SMO011,SOD016,STE019
ACEM027,EES008,EJP021,EMM022,ESS007,EWW036,LPL019,LVE032,OCE009,OFI021,OSH001,OSH003,PFF012,SDD025,SMA025,SMO003,SOD016,STE019
ACAM004,ACGM017,ECF017,EES008,EJP021,EJP027,LPR012,LTT015,OCE009,OFI010,OSH001,SMA025,SNV017,SNV018,SOD016,SOD019,STE004,STE019
ACGM017,ACGM025,EES008,EJP021,EJP027,EWW036,LDG008,LPR012,OCE009,OCE024,OSH001,PFF015,SMA025,SMA029,SMO009,SNV018,SOD016,STE019
ACPH014,EJP021,EWW036,LAM005,LCA001,LMA008,LPL002,LVE032,ORE019,OSH001,OSH007,PFF012,SMA025,SMA036,SNV017,SOD016,SSS007,STE019
ACGM045,ACSP023,ECF012,EES008,EJP021,EMM022,LDG008,LPR012,LVE032,OCE009,PHE022,SMA025,SNB001,SOD007,SOD016,SSS019,SST009,STE019
ACWS001,EAG007,EES008,EJP021,EMM022,ESS007,LBI003,LCA023,LDG008,LPL019,MYSE001,OSH001,OSH003,PFF012,SDD025,SMA025,SOD016,STE019
ACPP031,EES008,EJP002,EMM022,ERO001,EWW036,LDG008,LPR012,OCE009,ODE032,OMA029,OSH001,OSH003,SBB002,SMA025,SNV027,SOD016,STE019
EES008,EHH008,EJP021,EJP027,EMM022,ERO035,LMA015,LPR012,LVE032,MYHI002,OCE009,SGM024,SMA025,SMW008,SOD016,SST009,STE019,SZO006
ECF014,EJP021,EMM022,EWW036,LCC004,LDG008,LMC032,LPR012,LVE032,OCE009,OFF017,ORF004,SAS020,SIW010,SMA025,SMO011,SOD016,STE019
ACCU026,ECF012,ECF014,EES008,EJP021,EMM022,ERO001,ESS008,EWW036,LDG008,LMC032,LPR012,OCE009,SAS020,SMA025,SMO011,SOD016,STE019
ACGM045,ECF012,EES008,EJP021,EJP027,EMM022,LDG008,LDG024,LMC022,LPR012,LVE032,OCE009,ODE019,PHE022,SMA025,SNB001,SST009,STE019
EEG011,EES008,EJP021,EMM022,ESS007,EWW036,LDG008,LPR012,LVE006,LVE032,OCE009,PAN019,SIW002,SMA025,SMO011,SOD016,SST032,STE019
ACPY004,EJP021,EJP027,EMM022,LDG008,LPR012,LTT001,OCE009,OSH001,SFO007,SIW002,SMA025,SMA029,SOD016,SOD019,SST009,SST039,STE019
ACPH005,EES008,EJP021,EMM022,EWW036,LAL022,LAM022,LMA015,LPR012,LTT026,LVE032,ORE004,OSH001,PAN014,SEL020,SMA025,SNV042,STE019
ACGM017,ECF017,EES008,EJP027,LAM021,LDG008,LPR012,LRE009,OCE009,OSH001,SEL023,SMA025,SMA029,SNV017,SOD016,SOD019,STE004,STE019
ACCU012,ACOO014,EES008,ESS007,EWW036,LBU010,LDG008,LVE032,OCE009,OFI030,PFF012,SEL020,SIW008,SIW010,SMA025,SMW015,SOD016,STE019
ACPH011,ACWS001,EES008,EJP021,EMM022,ESS007,EWW036,LCA023,LDG008,LPL019,LVE032,OSH001,OSH003,PCA016,PFF012,SDD025,SMA025,SOD016
ACMO004,EES008,EJP021,EMM022,EWW036,FSP008,LCA023,LDG008,LMA018,LVE032,OCE009,ORR008,OSH003,PFF012,SFR006,SMA025,SOD016,STE019
EES008,EJP002,EJP021,EMM022,ERO001,EWW036,LAM020,LDG008,LPR012,OCE009,OMA029,ORF003,OSH001,PAN010,SBB002,SMA025,SOD016,STE019
EEG011,EES008,EJP021,EMM022,EWW036,LDG008,LPR012,LVE006,LVE032,OCE009,OFI001,PAN019,SIW002,SMA025,SMO011,SOD016,STE019,SWA026
ACEV005,ACIM002,EES008,EHH008,EJP021,EJP027,EMM022,HEV008,LAL002,LAM028,LPR012,LVE032,OSH003,PFF012,SMA025,SMA033,SOD016,STE019
EES008,EJP027,ERO001,LDG008,LDG024,LPR012,LRE009,LVE032,OCE009,ODE012,PHE022,SFN010,SFO015,SMA025,SMA029,SOD016,SSS019,STE019
ACAL002,EAM002,EES008,EJP027,EWW001,LDG008,LPR012,LVE030,LVE032,OCE009,PAN006,PHE022,SFN010,SMA025,SOD016,SSS019,SST009,STE019
ACAM003,EEE004,EJP021,EJP027,LDG008,LPR012,LPR020,LVE032,MYHI003,OCE009,PHE022,SMA025,SMA029,SOD016,SSS019,SST009,STE019,STE020
EAG013,EES008,EJP027,EMM022,ERO001,LAM005,LBI036,LDG008,LPR012,MYHI002,OCE009,SMA025,SMW008,SMW014,SOD016,SST009,STE019,SZO006
ACWS001,EES008,EJP021,EMM022,ESS007,EWW036,LCA023,LDG008,LPL019,LVE030,OSH001,OSH003,PCA016,PFF012,SDD025,SMA025,SOD016,STE019
ACGD002,ECF014,EJP021,EMM022,EWW036,FSP007,LCC004,LDG008,LMC032,LPR012,LVE032,OCE009,OFF017,SAS020,SIW010,SMO011,SOD016,STE019
ECF017,EES008,EJP021,EJP027,ERO001,LDG008,LPR012,LPR028,OCE009,ORR006,OSH001,PCA012,SCO023,SMA025,SNV017,SOD016,SOD019,STE019
ACGM045,EES008,EJP021,EMM022,LAM021,LCC017,LDG008,LDG024,LPR012,LPR020,OCE009,OSH024,PHE022,SMA025,SOD016,SST009,STE019,SWA017
ACGM017,EES008,EJP021,EWW036,LCA001,LMA008,LPL002,LPR012,LVE032,ORE019,OSH001,PFF012,SMA025,SMA036,SNV017,SOD016,SRR004,STE019
ACGM045,EES008,EJP021,EJP027,ESS008,LBI046,LDG008,LDG024,LPR012,LVE032,OCE009,ORE004,SIW010,SMA025,SOD016,SOD019,SSS019,STE019
ACGM043,ACHA006,EES008,EJF006,EJP021,EJP027,LPR012,OCE009,OSH001,PHE009,SGD003,SGM025,SMA025,SMA029,SOD016,SOD019,SST009,STE019
ACAL026,ACGM045,EES008,EJP021,EJP027,EMM022,LBU003,LDG008,LPR012,LPR020,LRE021,LVE032,OCE009,SMA025,SMA029,SOD016,SST009,SWA017
ACMU009,ECF012,EES008,EJP021,EMM022,LDG008,LMC032,LPL013,LPR012,LVE032,OCE009,SAS020,SCO021,SIW002,SIW010,SMA025,SOD016,STE019
ACFF004,EES008,EJP027,ERO001,EWW036,LBB006,LDG008,LPR012,LVE007,OCE009,OFI010,OSH001,SEL005,SHN002,SMA025,SMA029,SOD016,STE019
ACCU023,ACGM035,ACPP031,EJP021,EJP027,LCA004,LPR012,LVE032,OSH001,PFF012,SDD016,SEL020,SIW003,SMA025,SOD016,SPI004,STE019,SZO005
ACGM017,ACGM025,EES008,EJP021,EJP027,EWW036,LDG008,LPR012,OSH001,PFF015,SMA025,SMA029,SME023,SMO009,SNV017,SNV018,SOD016,STE019
ACGM043,ACHA006,ACPY004,EES008,EJP021,EJP027,EMM022,FSP003,LPR012,MYHI003,OSH001,PHE009,SMA025,SMA029,SOD016,SOD019,SST009,STE019
EES008,EJP021,EMM022,ERO001,ERO003,LDG008,LPR012,LVE025,LVE032,OCE009,OCP010,OEV002,SIW003,SMA025,SMW014,SOD016,SST009,STE019
ACNO022,ECF017,EES008,EJP021,EJP027,EWW036,LAM021,LDG008,LPR012,OCE009,OSH001,SAA019,SMA025,SMA029,SNV017,SOD016,SOD019,STE004
ACGM045,EES008,EJP027,EMM022,LAM006,LDG024,LMA033,LPR012,LPR020,LVE032,OCE009,PHE022,SFO009,SMA025,SOD016,SSS019,STE019,SWA021
EDO006,EES008,EJP021,EJP027,EMM022,ERO001,ERO035,LDG008,LPR012,LVE032,MYHI002,OCE009,OEV002,SMW014,SOD016,SOD019,SST003,STE019
ACGM017,ECF017,EES008,EJP021,EJP027,EWW036,LAM021,LCA012,LDG008,LMA045,LPR012,OCE009,OSH001,SNV017,SOD016,SOD019,STE004,STE019
ACMO004,EES008,EJP021,EMM022,EWW036,LBU033,LCA023,LDG008,LVE032,OCE009,OSH001,OSH003,PFF006,PFF012,SMA025,SOD016,STE019,SWA013
ACGM028,ACWS001,EES008,EJP021,EMM022,ESS007,EWW036,LAM023,LCA023,LDG008,LVE032,MYSE001,OSH001,OSH003,PFF012,SDD025,SOD016,STE019
ACGM045,EEE003,EES008,EJP021,EJP027,EMM022,EWO009,LDG008,LMA032,LPR012,LVE026,LVE032,PHE022,SMA025,SMA029,SOD019,SSS019,STE019
ACPH014,EES008,EJP021,EWW036,LCA001,LMA039,LPL002,LPR012,LVE032,ORE019,OSH001,PFF012,SMA025,SMA036,SNV017,SOD016,SRR004,STE019
ACGM045,EES008,EJP021,EMM022,EPP002,ERO005,LDG024,LPR012,LPR020,LVE032,OCE009,PHE022,SMA025,SMA029,SMW008,SOD016,SST009,STE019
ACHA001,EES008,EJP021,EJP027,EMM022,LAM028,LDG008,LPR012,LVE032,OSH003,PCA022,PFF012,SMA033,SMW010,SNV008,SOD016,STE019,STE025
ACAM008,ACCU012,EJP016,EJP021,EMM022,LCC015,LDG008,LPR012,LVE032,OCE009,PCA010,PFF012,SGD001,SMA025,SOD016,SSS012,STE019,SWA014
ACAL014,EES008,EJF019,EJP016,EJP021,EMM022,LCC015,LDG008,LPR012,LVE032,OCE009,ODE014,PFF012,SAS003,SDD025,SGD001,SOD016,STE019
ACCU026,ACEV005,ACGD002,ECF012,ECF014,EES008,EJP021,EMM022,ESS008,EWW036,LDG008,LMC032,LPR012,OCE009,SAS020,SMO011,SOD016,STE019
ACCU002,ACGM017,EES008,EJP003,EJP021,ERO018,ESS007,LCA023,LDG008,LVE032,OCE009,OSH001,OSH011,PFF012,SEL020,SMA025,SOD016,STE019
EEG011,EES008,EMM022,EMM023,ESS007,EWW036,LDG008,LPR012,LVE006,LVE032,OCE009,OFI001,PAN019,SIW002,SMA025,SMO011,SOD016,STE019
ECF012,EES008,EJP021,EMM022,EWW036,FPA006,LAM021,LPR012,LRE027,LVE032,OCE009,PAN019,SAS020,SEL003,SIW010,SMA025,SOD016,STE019
ACGM045,EDO003,EES008,EJP021,EJP027,LBI046,LDG008,LDG024,LPR012,LVE032,OCE009,ORE004,SMA025,SMA029,SOD016,SOD019,SSS019,STE019
ACCU026,ACGD002,ECF012,ECF014,EES008,EJP021,EMM022,ESS008,EWW036,LDG008,LPR012,OCE009,OCE019,SAS020,SMA025,SMO011,SOD016,STE019
ACGM045,ECF012,EES008,EJP021,EMM022,LDG024,LPR012,LVE032,OCE009,PHE022,SGD001,SMA025,SNB001,SOD007,SOD016,SSS019,SST009,STE019
ACCU012,ACOO014,EES008,EMM013,EWW036,LBU010,LDG008,LPR012,LVE032,OCE009,OFI030,PFF012,SEL020,SFO019,SMA025,SMW015,SOD016,STE019
EEG011,EES008,EJP021,EMM022,EWW036,LDG008,LPR012,LVE006,LVE032,OCE009,OFI001,PAN019,POM018,SIW002,SMA025,SMO011,SOD016,STE019
ACMU009,ECF012,ECF014,EES008,EJP021,LDG008,LMC032,LPL013,LPR012,LVE032,OCE009,SAS020,SCO021,SIW010,SMA025,SNB015,SOD016,STE019
ACPP035,ECF012,EES008,EJP021,EMM022,EWW036,FPA006,LAM001,LPR012,LRE027,LVE032,OCE009,OMA022,PAN019,PIC011,SMA025,SOD016,STE019
ACGM017,ACGM025,EES008,EJP021,EWW036,LDG008,LPR012,OCE009,OSH001,PFF015,SCO005,SMA025,SMA029,SMO009,SNV017,SNV018,SOD016,STE019
ACCU026,ACGD002,ECF012,ECF014,EJP021,EMM022,EWW036,LDG008,LMC032,LUN013,LVE032,OCE009,SAS020,SIW002,SMA025,SMO011,SOD016,STE019
ACAL015,ECF001,EES008,EJP021,EJP027,EMM022,LBB026,LPR012,LVE032,OSH001,SEL020,SMA025,SNV001,SNV012,SOD016,SPI004,STE019,SZO005
ACHA001,ACIM002,EES008,EHH008,EJP027,EMM022,LAM028,LDG008,LPR012,LVE032,OMA032,ORF002,OSH003,PFF012,SMA025,SMA033,SOD016,STE019
ACPH014,EES008,EJP021,EWW036,LBI041,LCA001,LMA008,LPL002,LVE032,ORE019,OSH001,PFF012,SMA025,SMA036,SNV017,SOD016,SSS007,STE019
ACGM045,EES008,EJP021,EJP027,EMM022,LDG004,LDG024,LPR012,LVE032,OCE009,PHE022,SMA025,SNB001,SOD016,SSS019,SST009,SST039,STE019
ACGM045,EES008,EJP027,EMM022,LDG024,LMA033,LPR012,LPR020,LVE032,OCE009,PHE022,SFO009,SMA025,SMA029,SSS019,SST009,STE019,SWA021
ACGD002,ECF012,ECF014,EES008,EJP021,EWW036,LDG008,LMA031,LMC032,LPR012,LVE032,OCE009,OFF017,SAS020,SCO021,SMO011,SOD016,STE019
ACGM045,EES008,EJP021,EMM022,LDG008,LDG024,LPR012,LPR020,LVE032,OCE009,SEL020,SFO016,SMA025,SMA029,SOD016,SSS023,SST009,STE019
ACPP031,EES008,EJP002,EMM022,ERO001,EWW036,LDG008,LPR012,OCE009,OMA029,OSH001,OSH003,SBB002,SMA025,SNV027,SOD013,SOD016,STE019
ACCU012,EES008,ESS007,EWW036,LBU010,LDG008,LPR012,LVE032,OCE009,OFI030,ORR010,PFF012,SBB011,SEL020,SIW010,SMA025,SMW015,STE019
ACGM045,EES008,EJP021,EJP027,LDG004,LDG007,LDG008,LDG024,LPR012,LVE032,OCE009,PHE022,SMA025,SNB001,SOD016,SSS019,SST009,STE019
ACFF004,EES008,EJP021,ERO001,EWW036,LBB006,LDG008,LPR012,LVE007,OCE009,OFI010,OSH001,SEL005,SFO020,SMA025,SMA029,SOD016,STE019
ACAL003,EES008,EJP021,EMM022,ESS007,LDG008,LPL019,LVE032,MYSE001,OCE009,OFI021,OSH001,OSH003,PFF012,SDD025,SEL004,SOD016,STE019
ACGM017,EJP027,EWW036,LDG008,LPR012,OCE009,OSH001,PHE006,SMA025,SMA029,SMT003,SNV017,SNV018,SOD016,SOD019,SSS008,STE004,STE019
ACGM045,EES008,EJP021,EJP027,EMM022,LDG004,LDG024,LPR012,LVE032,OCE009,OWA018,PHE022,SMA025,SNB001,SOD016,SSS019,SST009,STE019
EDO014,EES008,EJP021,EJP027,EMM022,ERO001,ERO035,LDG008,LPR012,LVE032,OCE009,ODE015,SMA025,SMW008,SMW014,SOD016,SST009,SZO006
ACPP031,EEG006,EES008,EJP002,EJP021,EMM022,ERO001,EWW036,LDG008,LPR012,OCE009,OMA029,OSH001,OSH003,SBB002,SMA025,SNV027,SOD016
ECF017,EES008,EJP021,EJP027,ERO001,LDG008,LPR012,LPR028,OCE009,ORR006,OSH001,SCO023,SFN009,SNV017,SNV018,SOD016,SOD019,STE019
ACMO005,EEG011,EES008,EJP021,EMM022,ESS007,EWW036,LPR012,LVE006,LVE032,OCE009,OFI001,PAN019,SIW002,SMA025,SMO011,SOD016,STE019
ACAL002,ACCU028,ACNO025,EES008,EJP021,EMM022,ESS007,EWW036,LDG021,LPR028,LTT006,LVE032,OCE009,SIW010,SMA025,SMO011,SOD016,STE019
ACGD002,ECF014,EES008,EJP021,EMM022,EWW036,LDG008,LMC032,LPR012,LVE032,OCE009,OFI022,OMA005,SAS020,SMA025,SMO011,SOD016,STE019
ACNO029,ACPP031,EES008,EJP002,EJP021,EMM022,ERO001,EWW036,LDG008,LPR012,OCE009,OMA029,ORF003,OSH001,SBB002,SGM010,SMA025,SOD016
ACCU012,EES008,EJP016,EJP021,EMM022,LCC015,LDG008,LPR012,LVE032,OCE009,PCA010,PFF012,SBB003,SGD001,SMA025,SSS012,STE019,SWA014
ACGD002,ECF014,EJP021,EMM022,EWW036,LCC004,LDG008,LMC032,LPR012,OCE009,OFF017,PMO019,SAS020,SIW010,SMA025,SMO011,SOD016,STE019
EES008,EHH008,EJP016,EJP021,EMM022,LCC015,LDG008,LMA026,LPR012,LVE032,OCE009,PFF012,SGD001,SMA025,SOD016,SSS012,STE019,SWA014
ACFF004,EES008,EJF018,EJP021,ERO001,EWW036,LBB006,LDG008,LPR012,LVE007,OCE009,OFI010,OSH001,SEL005,SMA025,SMA029,SOD016,STE019
ACGM045,EES008,EJP021,EJP027,EMM022,LDG008,LDG024,LMA033,LPR012,LUN025,LVE032,OCE009,PHE022,SFO015,SMA025,SOD016,SST009,STE019
ECF011,EDO006,EES008,EJP021,EJP027,EMM022,ERO001,ERO035,LDG008,LPR012,LVE032,MYHI002,OCE009,OEV002,SMW014,SOD016,SOD019,STE019
ACCU026,ACGD002,ECF012,ECF014,EJP021,EMM022,ESS008,EWW036,LDG008,LMA023,LMC032,LPR012,OCE009,SAS020,SMA025,SMO011,SOD016,STE019
ACFF004,EES008,EJP021,EJP027,ERO001,EWW036,LBB006,LDG008,LPR012,LVE007,OFI010,OSH001,PMO021,SEL005,SMA025,SMA029,SOD016,STE019
ACGM045,EEE003,EEG026,EES008,EJP021,EJP027,EMM022,EWO009,LDG008,LMA032,LVE032,PHE022,SMA025,SMA029,SOD016,SOD019,SSS019,STE019
ACCU012,ACPP027,EES008,EJP021,EMM022,ESS007,EWW036,LAM020,LDG021,LPR012,LVE032,OCE009,PFF012,SIW010,SMA025,SMO011,SOD016,STE019
ACGM054,ACHA001,ACIM002,EES008,EJP021,EJP027,EMM022,LAM028,LDG008,LPR012,LVE032,OMA032,OSH003,PFF012,SMA025,SMA033,SOD016,STE019
ACPY004,EES008,EJP021,EJP027,EMM022,EPP014,LDG008,LTT001,OCE009,OSH001,SFO007,SIW002,SMA025,SMA029,SOD016,SOD019,SST009,STE019
ACNO029,ACPP031,EES008,EJP002,EJP021,EMM022,EPP020,ERO001,EWW036,LDG008,LPR012,OCE009,OMA029,OSH001,SBB002,SMA025,SOD016,STE019
ACCU012,ACFE021,EES008,EJP016,EJP021,EMM022,LCC015,LDG008,LPR012,LVE032,OCE009,PCA010,PFF012,SGD001,SOD016,SSS012,STE019,SWA014
ACMU009,ECF012,EES008,EJP021,EMM022,EOW016,EPP017,LDG008,LMC032,LPR012,LVE032,OCE009,SAS020,SIW010,SMA025,SMO011,SOD016,STE019
ACWS001,EES008,EJP021,EMM022,ESS007,EWW036,LCA023,LDG008,LVE032,MYSE001,OSH001,OSH003,PFF012,POM008,SDD025,SMA025,SOD016,STE019
ACAL003,EES008,EJP021,EMM022,ESS007,LDG008,LPL019,LVE017,LVE032,MYSE001,OCE009,OFI021,OSH001,OSH003,PFF012,SDD025,SOD016,STE019
ACGM045,ACMO005,EJP021,EJP027,ERO018,LDG008,LDG024,LPR012,LVE032,OCE009,POM018,SMA025,SMA029,SNB001,SOD016,SSS019,SST009,STE019
ACPP008,EES008,EHH008,EJP016,EJP021,EMM022,LCC015,LPR012,LVE032,OCE009,PFF012,SEL011,SGD001,SMA025,SOD016,SSS012,STE019,SWA014
ACHA001,EES008,EJP021,EJP027,EMM022,LDG008,LPR012,LVE032,OSH003,PCA022,PFF012,SMA025,SMA033,SMW010,SNV008,SOD016,SSS007,STE019
EES008,EJP021,EJP027,ERO001,EWW036,LBB006,LDG008,LDG014,LDG024,OCE009,OMA030,OSH001,SMA025,SNB019,SNV018,SOD016,SST040,STE019
ACGM017,ACGM025,EES008,EJP021,EJP027,EWW036,LBU039,LDG008,LPR012,OCE009,OSH001,SMA025,SMA029,SMO009,SNV017,SNV018,SOD016,STE019
ACWS001,EES008,EJP021,EMM022,ESS007,EWW036,LBB004,LCA023,LDG008,LPL019,LVE032,OSH001,OSH003,PCA016,PFF012,SMA025,SOD016,STE019
ACPP008,EES008,EHH008,EJP016,EJP021,EMM022,LCC015,LDG008,LPR012,LVE012,LVE032,OCE009,PFF012,SGD001,SMA025,SOD016,SSS012,SWA014
ACFF004,EES008,EJP021,EJP027,EMM019,ERO001,LBB006,LDG008,LDG014,LDG024,LPR012,OCE009,OSH001,SMA025,SNB019,SNV018,SOD016,STE019
ACGD002,ECF014,EJP021,EMM022,EWW036,LCC004,LDG008,LMC032,LPR012,LVE032,OFF017,PHE024,SAS020,SIW010,SMA025,SMO011,SOD016,STE019
ACMO004,EES008,EJP021,EMM022,LCA023,LDG008,LPR020,LVE032,OCE009,ORR008,OSH001,OSH003,PFF012,SDD025,SFR006,SGD008,SOD016,STE019
EES008,EHH008,EJP021,EMM022,ERO001,ERO035,LPR012,LVE032,MYHI002,OCE009,SGM024,SMA025,SME003,SMW008,SOD016,SST009,STE019,SZO006
ACGM043,ACHA006,ACPH004,EES008,EJP021,EJP027,EMM022,LPR012,OCE009,OSH001,PCA006,PHE009,SGM025,SMA025,SMA029,SOD016,SOD019,STE019
ACCU028,ACNO025,EES008,EJP021,ESS007,EWW036,LCC013,LDG021,LPR012,LPR028,LTT006,LVE032,OCE009,SIW010,SMA025,SMO011,SOD016,STE019
ACEV007,ACHA001,ACIM002,EES008,EJP021,EJP027,EMM022,LAM028,LDG008,LPR012,LVE032,OSH003,PFF012,SDD021,SMA025,SMA033,SOD016,STE019
ACGM045,EES008,EJP021,EJP027,EMM022,LBB003,LDG008,LDG024,LPR012,LPR020,LVE032,OCE009,SMA025,SMA029,SMA032,SOD016,SST009,SWA017
ACCU002,ACIM002,EES008,EJP021,ESS007,LAL012,LAM021,LDG008,LVE032,OCE009,OSH001,OSH011,SDD025,SEL020,SMA025,SOD016,SPI026,STE019
EEE004,EES008,EJP021,EJP027,LDG008,LPR012,LPR020,LVE032,OCE009,OMA027,PHE022,SCO011,SMA025,SMA029,SOD016,SSS019,SST009,STE020
ACNO013,EJP021,EMM022,ESS007,EWW036,LDG008,LPL019,LVE032,MYSE001,OCE009,OFI021,OSH001,OSH003,PFF012,PFF017,SDD025,SMA025,STE019
ACEM032,ACHA001,EES008,EJP021,EJP027,EMM022,LAM028,LDG008,LPR012,OSH003,PCA022,PFF012,SMA025,SMA033,SMW010,SNV008,SOD016,STE019
ACCU012,EES008,EJP021,EMM022,LEV006,LPR012,OCE009,OCE020,OCP023,OFI030,PFF012,SEL020,SIW010,SMA025,SOD016,SRR011,SST012,STE019
EDO006,EES008,EJP021,EJP027,ERO001,ERO035,LDG008,LPR012,LVE032,MYHI002,OCE009,OEV002,ORR016,SMA025,SMW014,SOD016,SOD019,STE019
ACGM045,EES008,EJP021,EMM022,LDG008,LDG024,LPR012,LPR020,LVE032,OCE009,PCA022,SEL020,SFO016,SMA025,SMA029,SOD016,SST009,STE019
EES008,EJF021,EJP021,EJP027,EMM022,LBB026,LPR012,LVE032,OSH001,PFF012,SEL020,SMA025,SNV001,SNV012,SOD016,SPI004,STE019,SZO005
ACNO029,ACPP031,EES008,EJP002,EJP021,EMM022,ERO001,EWW036,LDG008,LPR012,OMA029,ORF003,OSH001,PHE011,SBB002,SMA025,SOD016,STE019
ACGM045,EES008,EJP021,EJP027,EMM022,LDG004,LDG008,LDG024,LPR012,LVE032,OCE009,PHE022,SMA025,SNB001,SOD016,SSS019,SST009,STE019
