ACPP025,ACPP031,ACSP016,ACWS001,EES005,EHH001,EJF014,ERO029,LBI004,LBU037,LHY004,LPL017,LPL018,OCP014,ODE003,PCA031,SPI013,SSS033
ACCU021,EBT003,ECF023,EOW021,EPP023,LMA004,LPL005,LUN007,MYSC003,OBI013,OSH013,PAN029,PIC013,SCO009,SFO012,SFR001,SFR005,SMW008
ACNO006,ACNO039,ACOO002,ESS013,ESY007,EWO019,LBB014,LDG010,LMC015,LVE021,OMA006,OMA035,ORE003,ORR021,OWA012,SIW008,STE012,STR010
ACNO006,ACNO024,ACNO039,ACOO002,ESS013,ESY007,EWO019,LDG010,LDG020,LVE021,OMA006,OMA035,ORE003,SIB005,SIW008,STE012,STR010,SWA021
ACGD012,ACGM041,ACNO006,ESS001,LCA008,LCA032,LVE021,MYSP005,ODE007,OFI012,OFI018,SDD022,SFN004,SMA035,SMW013,SOD022,SWA003,SZO012
ACGD013,ACNO006,ACPH009,ACTA013,EAG001,EEG007,ERO026,EWW019,FSE003,LTT006,LVE021,ODE023,ODE027,OFI022,OMA035,SGM009,SME009,SOD009
ACGM016,ACGM041,ACNO006,EJP016,EWO008,LCA008,LCA032,LDG010,LVE021,ODE007,OFI012,OFI018,SDD022,SFN004,SMW013,SNV002,SOD022,SZO012
ACMU001,ACPP025,ACSP016,ACWS001,EES005,EHH001,EJF014,ERO029,HEV007,LBU037,LHY004,LPL017,LPL018,OCP014,ORR002,SPI013,SSS033,SWA001
ACPP025,ACSP016,ACWS001,EES005,EHH001,EJF014,ERO029,LBI004,LBU037,LHY004,LMA020,LPL017,LPL018,OCP014,ODE003,OFF015,SPI013,SSS033
ACGD012,ACGM041,ACNO006,ACSP015,EWW024,LCA008,LCA032,LVE021,MYSP005,ODE007,OFI018,SDD022,SFN004,SMA035,SMW013,SOD022,SWA003,SZO012
ACNO006,ACNO039,ACOO002,ACTA004,ESS013,ESY007,EWO019,LBB014,LDG010,LDG020,LVE021,OMA006,OMA035,ORE003,SIW008,STE012,STR010,SWA021
ACGD012,ACGM041,ACTA013,HEV008,LCA008,LDG010,LVE021,ODE007,OFI004,OFI012,OFI018,SDD022,SIB005,SMW013,SMW017,SNV002,SOD022,SWA003
ACNO006,ACNO039,ACOO002,ESS013,ESY007,EWO019,LBB014,LBI023,LDG010,LMA058,LVE021,OMA006,OMA035,ORE003,OWA012,STE012,STR010,SWA021
ACCU022,ACEM002,ACGD013,ACSP019,EAG013,EWO019,FHI003,HEV004,LBI041,LDG010,LVE021,OMA006,OMA035,ORE003,OWA012,SIW008,STR010,SWA021
ACAL030,ACSP015,ACSP021,EEE019,EES021,ESS018,EWW016,EWW025,LAL018,LPR027,OMA026,PHE028,SBB008,SDD004,SFN014,SGM015,SMW002,SOD022
ACGM041,ACNO006,EPP029,LCA008,LDG010,LPR012,LVE021,OFF002,OFI012,OFI018,SDD022,SFN004,SIB005,SMA004,SNV002,STR033,SWA003,SZO012
ACEV014,ACSP015,ACSP021,ESS018,LAL014,LBB021,LBI041,LBU027,OMW012,PIC004,SDD020,SEN006,SGM015,SME019,SMT003,SMW002,STE008,STR014
ACEV014,ACSP015,ACSP021,LAL014,LBB021,LBI041,LBU027,OFF015,OFI030,OMW012,PIC004,SDD020,SEN006,SGM015,SME019,SMT003,SMW002,STE008
ACGM041,EAG011,FSE003,LCA008,LDG010,ODE007,OFF002,OFI012,OFI018,SFN004,SIB005,SMA004,SMO027,SMW013,SOD022,SUM002,SWA003,SZO012
ACNO006,ACNO033,ACNO039,ACSP019,EEG001,ESS013,EWO019,FHI005,LDG010,LTT007,LVE021,OFF002,OMA006,OMA035,SIW008,STE006,STR010,SWA021
ACEM026,ACEM028,ACGD009,ACHA001,ACTA014,EES021,EJP007,ERO026,LMA004,LPL005,ORE022,PAN029,PIC013,SAS021,SFO012,SFR001,SFR005,SMW008
ACGM055,ACNO006,ECF020,LDG010,LVE021,ODE007,OFF002,OFI012,OFI018,ORR019,SDD022,SFN004,SIB005,SMA004,SMW013,SOD022,SWA003,SZO012
ACGD012,ACGM041,ACNO006,EWW024,LCA008,LVE021,MYSP005,ODE007,OFI012,OFI018,SDD022,SFN004,SMA035,SMW013,SOD022,SST016,SWA003,SZO012
ACNO006,ACNO039,ACOO002,ESS013,EWO019,LBB014,LCA022,LDG010,LVE021,OMA006,ORE003,OSH002,SAS024,SIW008,SNV004,STE012,STR010,SWA021
ACCU021,ACEM028,ACOO010,ACPP006,ACTA014,LPL005,LUN007,MYSC003,OBI013,OSH013,PAN029,PIC013,SCO009,SFO012,SFR001,SFR005,SMW008,STR008
ACAL012,EES021,ESS018,LAL014,LBI036,LBI041,LBU027,LCC012,OBI009,OFI030,POM005,SDD020,SEN006,SGM015,SME019,SMT003,SMW002,STE008
ACNO006,ACNO039,ACOO002,ESS013,ESY007,EWO006,EWO019,LDG010,LMA058,LVE021,OMA006,OMA035,ORE003,OWA012,SIW008,STE012,STR010,SWA021
ACEV001,ACGD013,ACNO006,ACPH009,ACTA013,EAG001,ERO026,EWW019,FSE003,FSP002,LTT006,ODE023,ODE027,OFI022,OMA035,SGM009,SLP001,SME009
ACNO006,EWO008,LBB010,LBU024,LCA008,LDG010,LVE021,ODE007,OFI012,OFI018,OSH017,SDD022,SIB005,SMA004,SNV002,SOD022,SWA003,SZO012
ACCU021,ACEM028,EBT003,EPP023,LBI035,LMA004,LPL005,LUN007,OBI013,OSH013,PAN029,PIC013,SCO009,SFO012,SFR001,SFR005,SMW008,SST016
ACGM055,ACNO006,ECF013,LDG010,LVE021,ODE007,OFF002,OFI012,OFI018,ORR019,SDD022,SFN004,SIB005,SMA004,SMW013,SNV002,SWA003,SZO012
ACSP016,ACTA014,LBU037,LCC003,LCC009,LMC034,OBI018,OCP014,OFF015,OMW015,OSH012,PCA031,PIC013,SCD001,SCO026,SMW016,SNV015,SWA012
ACAL030,ACNO038,ACSP015,ACSP021,EEE019,EES021,ESS018,EWW016,EWW025,LAL018,LMA036,LPR027,OMA026,SBB008,SDD004,SGM015,SMW002,SOD022
ACMU001,ACPP025,ACSP016,ACWS001,EES005,EHH001,EJF014,ERO029,ESS013,LBU037,LHY004,LPL017,LPL018,ORR002,PCA031,SPI013,SSS033,SWA001
ACGD012,ACNO006,EWW024,LCA008,LCA032,LVE021,OFI012,OFI018,OSH002,SDD022,SFN004,SMA035,SMW013,SNV002,SOD022,SWA003,SWA008,SZO012
ACEM017,ACGM027,ACGM041,LCA008,LDG010,LVE021,ODE007,OFI012,OFI018,SDD022,SFN004,SFN013,SIB005,SMW013,SNV002,SOD022,SWA003,SZO012
ACCU021,ACEM028,EBT003,EOW021,EPP023,LMA004,LPL005,LUN007,MYSC003,OBI013,OSH013,PAN029,SCO009,SFO012,SFR001,SFR005,SMW008,SWA003
ACAM002,ACSP021,EES021,ESS018,LBI036,LBI041,LBU027,LCC012,OFI030,PAN003,SDD020,SEN006,SME019,SMO012,SMT003,SMW002,SNB014,STE008
ACEV016,ACNO006,ACNO039,ACOO002,ESS013,ESY007,EWO019,LBB014,LDG010,LVE021,OMA006,OMA035,ORE003,OWA012,SIW008,SME008,STE012,STR010
ACCU021,ACEM028,ACPP006,ACTA014,EPP023,EWO016,LPL005,LUN007,MYSC003,OBI013,OSH013,PAN029,SCO009,SFO012,SFR001,SFR005,SMW008,STR008
ACFE001,ACNO006,ACNO039,ACOO002,ESS013,EWO019,LBB014,LDG010,LMA058,LVE021,OMA006,OMA035,ORE003,OWA012,SIW008,STE012,STR010,SWA021
ACNO006,ACNO033,ACNO039,ACOO002,ACSP013,ACSP019,EEG001,ESS013,EWO019,FHI005,LDG010,LVE021,OMA006,OMA035,SIW008,STE006,STR010,SWA021
ACGM015,ACPP025,ACSP016,ACWS001,EES005,EHH001,LBI004,LBU037,LHY004,LPL017,LPL018,LVE025,OCP014,OEV001,OFF015,SCO018,SPI013,SSS033
ACAL030,ACGM043,ACNO038,ACSP015,ACSP021,EEE019,ESS018,EWW016,EWW025,LAL018,LPR027,OMA026,PHE028,SBB008,SDD004,SGM015,SMW002,SOD022
ACEV016,ACNO006,ACNO039,ACOO002,ESY007,ESY009,EWO019,LBB014,LDG010,LMC015,LVE021,OMA006,OMA035,ORE003,OWA012,SIW008,STE012,STR010
ACAL012,EES021,ESS018,LAL014,LBI036,LBI041,LBU027,LCC012,OBI009,OFI030,OWA006,PAN003,SDD020,SEN006,SME019,SMT003,SMW002,STE008
ACEV001,ACGD013,ACNO006,ACPH009,ACTA013,EAG001,EWW019,FSE003,LTT006,LVE021,ODE023,ODE027,OFI022,OMA035,SGM009,SLP001,SME009,SPI007
ACGM019,ACPP025,ACSP016,ACWS001,EES005,EHH001,LBI004,LBU037,LHY004,LPL017,LPL018,LVE025,OCP014,OEV001,OFF015,ORR002,SPI013,SSS033
ACNO006,ACNO039,ACOO002,ESS013,ESY007,LBB014,LDG010,LVE021,OMA006,OMA035,ORE003,ORF004,OSH002,SIW008,SNV004,SPI017,STR010,SWA021
ACGM055,ACNO006,LDG010,LVE021,ODE007,OFF002,OFI012,OFI018,ORR019,SDD022,SFN004,SIB005,SMA004,SMW013,SNV002,SOD022,SWA003,SZO012
