ACAM004,ACGM048,ACGM055,ACMU010,ERO011,LAL018,LBU021,LMC011,OCE015,OSH002,OWA016,PFF012,SBB012,SEN009,SEN016,SMO011,SMT008,SST025
ACAM004,ACAM006,ACGM055,ACPH007,ERO036,LAL029,LAM015,LDG008,LPL013,LPR016,PAN019,PFF021,SGM004,SRR006,SSS014,SSS022,SSS033,SWA028
ACAM002,ACAM004,ACAM007,ACPH004,EOW002,ERO021,FSP002,LAL017,LAM009,LBB025,LBB031,LBI025,LMA028,LUN008,SAA006,SBB012,STE019,SZO006
ACAM004,ACCU007,ACGM053,ACSP027,ACWS017,EOW001,LAL018,LBU021,LCR004,LDG008,LMA015,LRE008,SBB012,SEN016,SMO011,SMT008,SOD031,SST039
ACFE010,ACFF006,ACGM048,ACGM055,LAL001,LAL018,LCR004,LDG008,LHY005,LMA033,LTT008,SBB012,SEN009,SEN016,SMT008,SOD031,SPI015,SST039
ACAM002,ACEV010,ACHA006,ACIM012,ACOO016,ACPP005,EOW002,ERO021,LBU031,LCA029,LPL011,OBI026,OFF016,PAN031,PFF012,SBB012,SPI025,STR009
ACFE037,ESS019,LAL017,LAL029,LDG008,LMC025,LPR016,LTT008,LUN041,OMA034,ORR003,PAN019,PCA032,SBB012,SNV033,SSS014,SSS022,SSS033
ACAM002,ACPH004,ACPY005,EWW034,LAL017,LBB011,LBI025,LPL011,LPL026,OCE012,OMW011,ORF003,PAN031,SBB012,SGM025,SMA036,SOD018,STE019
ACAM002,ACAM007,ACOO016,ACPH004,EOW002,FSP002,LBB031,LBI025,LCA026,LDG008,LMA028,OMA032,SAA006,SBB012,STE019,STR033,SWA006,SZO006
ACAM002,ACAM007,ACOO016,ACPH004,ERO021,FSP002,LBB016,LBB031,LBI025,OFI030,OMA032,PFF012,POM020,SAA006,STE019,STR033,SWA006,SZO006
ACAM004,ACAM006,ACGD001,ACRH001,EBT001,ERO036,LAL012,LAL029,LAM015,LDG008,LPR009,LPR016,SBB012,SFO026,SMO002,SRR006,SSS022,SSS033
ACAM004,ACAM006,ACPH007,ERO036,LAL029,LAM015,LDG008,LPR016,PAN019,PFF021,SBB012,SGM004,SPI001,SRR006,SSS014,SSS022,SSS033,SWA028
ACAM002,ACAM007,ACOO016,ACPH004,EEG024,EHC007,EOW002,ERO021,FSP002,LAL017,LBB031,LBI025,LMA028,SAA006,SMT006,STE019,STR012,SZO006
ACAM007,ACNO034,ACPH004,EES003,EOW002,ERO021,FSC001,FSP002,LAL017,LBB015,LBI025,LTT005,LVE005,OMA032,SBB012,SFO008,STE019,SZO006
ACAM002,ACAM007,ACOO016,ACPH004,EOW002,ESS015,FSP002,LAM016,LBI025,LMA028,OMA032,PFF012,SAA006,SAS013,SBB012,STE019,STR033,SWA006
ACAM004,ACFF006,ACGM055,ERO011,LAL018,LBI033,LCR004,LDG008,ODE023,OWA016,PFF012,PIC011,SBB012,SEN009,SEN016,SMO011,SMT008,SST025
ACAM004,ACAM006,ACEM024,ACGD001,ACPH007,ACRH001,ERO036,LAL012,LAL029,LAL031,LDG008,LPR016,SBB012,SFO026,SMO002,SRR006,SSS022,SSS033
ACAM004,ACFF006,ACGM048,ACGM053,ACSP027,LBU021,LDG008,LMA048,OBI013,SBB012,SEN009,SEN016,SGD001,SIB009,SMO011,SOD031,SST005,SST039
ACAM004,ACAM008,ACGM048,ACGM055,ACMU010,ERO011,LAL018,LBU021,LMC011,OSH002,OWA016,PFF012,SEN009,SEN016,SMO011,SMT008,SOD031,SST025
ACFF006,ACGM014,ACGM027,ACGM053,ACGM055,ACSP027,LAL018,LBU021,LCR004,LDG008,SAA009,SBB012,SEN009,SEN016,SIB009,SMO011,SOD031,SST039
ACCU007,ACFF006,ACMU005,EJP027,EOW024,LDG008,LHY003,LUN041,PFF012,SBB012,SEN016,SFR009,SMO004,SOD031,SPI016,STE021,SUM001,SZO011
ACAM004,ACAM006,ACGD001,ACPH007,ACRH001,ERO036,LAL012,LAL029,LAL031,LAM005,LDG008,LPR016,OCE013,SBB012,SFO026,SMO002,SSS022,SSS033
ACAM004,ACFF006,ACGM014,ACGM053,ACGM055,ACSP027,EWO013,LAL018,LBU021,LCR004,LDG008,SAA009,SBB012,SEN016,SIB009,SMO011,SOD031,SST039
ACAM004,ACAM006,ERO036,LAL029,LAM015,LDG008,LPL013,LPR016,PAN019,PFF021,PMO022,SBB012,SGM004,SRR006,SSS014,SSS022,SSS033,SWA028
ACAM002,ACAM007,ACOO016,ACPH004,EOW002,FSP002,LBB031,LBI025,LCA026,LMA028,OMA032,SAA006,SBB012,SMW009,STE019,STR033,SWA006,SZO006
ACAM002,ACAM007,ACOO016,ACPH004,EOW002,FSP002,LBI025,LCA008,LCA026,LMA028,OMA032,PFF012,SAA006,SBB012,STE019,STR033,SWA006,SZO006
ACFE010,ACFF006,ACGM048,ACGM055,LAL001,LAL018,LCR004,LDG008,LHY005,LMA033,LTT008,SBB012,SEN016,SMO011,SMT008,SOD031,SSS005,SST039
ACAM003,ACFF006,ACGM030,ACGM048,ACMU010,EDO003,ERO011,LAL018,LCR004,LDG008,PFF012,SBB012,SEN009,SEN016,SMT008,SOD031,SSS018,SST025
ACAM004,ACAM006,ACEV011,ACPH007,ACTA010,ERO036,LAL029,LAM015,LDG008,LPL013,PAN019,PFF021,PMO019,SBB012,SMO002,SSS014,SSS022,SSS033
ACAM002,ACAM003,ACPH004,ACPY005,ECF017,EWW034,LAL017,LBB011,LBI025,LPL011,LPL026,OCE012,ORF003,PAN031,SBB012,SGM025,SMA036,STE019
ACAM002,ACEV010,ACHA006,ACIM012,ACOO016,ACPP005,EOW002,ERO021,LCA029,LPL011,OBI026,PAN031,PFF012,SBB012,SFO020,SPI025,SSS004,STR009
ACAM002,ACEV010,ACHA006,ACIM012,ACOO016,ACPP005,EOW002,ERO021,LAL017,LBI036,LBU031,LCA029,LPL011,OFI036,PAN031,SBB012,SPI025,STR009
ACAM004,ACFF006,ACGM030,ACGM048,ACMU010,ERO011,LAL018,LBU011,LCR004,LDG008,LDG018,SBB012,SEN009,SEN016,SMO011,SMT008,SOD031,SST025
ACAM004,ACAM005,ACFF006,ACGM055,ERO011,LAL018,LBU021,LCR004,LDG008,OWA016,PFF012,PIC011,SBB012,SEN009,SEN016,SMO011,SMT008,SST025
ACAM002,ACAM007,ACPH004,ACPP035,EHC007,EOW002,ERO021,FSP002,LAL017,LBB031,LBI025,LTT027,PIC010,SAA006,SBB012,STE019,STR012,SZO006
ACAM004,ACAM006,LAL029,LAM015,LBB023,LDG008,LPR016,LRE019,OCE015,OMA034,PAN019,PMO008,SBB012,SDD007,SFO024,SMO002,SRR006,SSS014
ACAM002,ACAM006,ACEV010,ACHA006,ACIM012,ACOO016,ACPP005,EOW002,ERO021,LAL017,LBU031,LBU039,LCA029,LPL011,SBB012,SPI025,SSS004,STR009
ACAM004,ACFF006,ACGM055,ERO011,LAL018,LBI033,LBU021,LCR004,LDG008,LTT011,OWA016,PFF012,SBB012,SEN009,SEN016,SMO011,SMT008,SST025
ACAM002,ACAM007,ACPH004,EOW002,ERO021,FSP002,LAL017,LAM009,LBB025,LBB031,LMA028,LPR007,LUN008,SAA006,SBB012,STE019,STR012,SZO006
ACAM004,ACAM006,ACPH007,ERO036,LAL029,LAM015,LPL013,LPR016,PAN019,PFF021,SAA023,SBB012,SGM004,SRR006,SSS014,SSS022,SSS033,SWA028
ACAM007,ACOO016,ACPH004,ACPP003,ACPP021,EOW002,ERO021,FSP002,LAL017,LBB031,LBI025,LBU031,LRE005,LVE005,SBB012,SFO008,STE019,SZO006
ACAM002,ACAM003,ACAM008,ACPH004,ACPY005,EWW034,LBB011,LBI025,LPL011,LPL026,OCE012,ORF003,PAN031,SBB012,SGM025,SMA036,SOD018,STE019
ESS019,LAL017,LAL029,LDG008,LMC025,LPR016,LUN041,OCP009,OMA034,ORR003,PAN019,PCA032,SBB012,SNV016,SNV033,SSS014,SSS022,SSS033
ACAM002,EEG010,EOW002,ERO021,LAL017,LAM012,LBU004,OCE012,OFI040,OMA014,ORE005,ORE022,ORF003,PAN031,SBB011,SBB012,SPP004,STE019
ACAM002,ACAM003,ACPH004,ACPY005,EMM011,EWW034,LAL017,LBB011,LBI025,LPL011,LPL026,OCE012,ORF003,PAN031,SBB012,SGM025,SOD018,STE019
ACFE010,ACFF006,ACGM048,ACGM055,LAL001,LAL018,LCR004,LDG008,LHY005,LMA033,LTT008,OWA012,SBB012,SEN009,SEN016,SMO011,SMT008,SST039
ACAM002,ACAM007,ACOO016,EOW002,ERO021,LBB028,LBB031,LBI025,LMA028,OCP018,OMA032,PFF012,SAA006,SBB012,STE019,STR033,SWA006,SZO006
ACAM002,ACAM003,ACPH004,ACPY005,EWW034,LAL017,LBB011,LBI025,LPL011,LPL026,LUN041,ORF003,PAN031,SBB012,SGM025,SMA036,SOD018,STE019
ACAM002,ACAM007,ACOO016,ACPP030,ERO021,FSP002,LBB031,LBI025,LMA028,OCP018,OMA032,PFF012,SAA006,SBB012,STE019,STR033,SWA006,SZO006
ACAM004,ACFF006,ACGM055,ERO011,LAL018,LBI033,LBU021,LCR004,LDG008,OWA016,PFF012,PIC011,SBB012,SEN009,SEN016,SMO011,SMT008,SST025
