ACCU012,ACFF001,ACMO003,EES008,EJP021,EMM022,EWW036,FSP006,LMC025,MYSE003,OFI020,PFF003,PMO024,SEN012,SIW012,SMA025,SNB019,SOD016
ACAZ003,ACPP005,EES008,ERO034,EWW036,FSP006,LCA016,LCA028,LMC025,LPR012,MYHI002,OSH001,PMO024,SCO009,SDD003,SIW012,SOD016,SOD017
ACCU012,ACGD005,ACMO003,ACPP005,EEG010,EES008,EJP024,EMM034,EWW036,LMA045,LMC025,OFI020,PFF003,PMO024,SEL004,SIW012,SMA025,SOD016
ACCU012,ACFF001,ACMO003,EES008,EJP021,EWW036,FSP006,LBU011,LMC025,MYSE003,OFI020,PFF003,SEN012,SFO008,SIW012,SMA025,SNB019,SOD016
ACGM035,ACSP019,EAG018,EES008,EWW036,LAL009,LBU033,LMC025,PMO024,SBB009,SIW006,SIW012,SIW018,SMA025,SMA035,SNV039,SOD016,SOD017
ACEM018,ACMO003,ACPP005,EES008,EMM013,ESS001,EWW036,FSP006,LAL009,LBU008,LCC007,OMA003,SDD005,SIW012,SMA025,SOD016,SSC002,SST029
ACGM035,ACMO003,EES008,EWW036,FSP003,FSP006,LAL009,LMC025,OBI006,OCE018,SDD003,SDD005,SDD021,SFN002,SIW012,SMA025,SOD016,SZO005
ACGD005,ACMO003,ACPP005,EEE021,EES008,EJP024,LMC025,OCE009,OFI020,PFF003,PMO024,SCO007,SDD003,SEN005,SIW012,SMA025,SMT002,SOD016
EWW013,EWW036,LAM001,LCA028,LMC025,LPR012,MYSE003,OMA005,OSH001,PMO024,SCO009,SDD003,SIW012,SMA025,SOD014,SOD016,SOD017,SSS005
ACFE012,ACGM035,ACMO003,EAG017,EES008,FSP006,LAM014,LCR008,LHY001,LMC025,LPR022,OCE009,PMO024,SDD003,SIW012,SMA025,SOD016,SZO005
ACPP005,EES008,EOW023,EWW036,FSP006,HEV007,LMC025,LPR012,MYSE003,MYSE004,OSH001,SCO009,SDD003,SIW012,SMA001,SMA025,SOD016,SOD017
ACCU012,ACMO003,EEE019,EES008,EJP021,EWW036,FSP006,LAL009,LMA012,LMA039,LMC025,MYSE003,OFI020,SIW012,SMA025,SNB019,SOD016,SWA021
ACGM035,EAG017,EES008,EWW036,FSP003,FSP006,LAL009,LMC025,OCE018,PHE005,SDD003,SDD005,SDD021,SFN002,SIW012,SMA025,SOD016,SZO005
ACCU012,ACFE009,ACMO003,EES008,EJF005,EJP021,EWW036,FSP006,LEV005,LMC025,PMO024,SEN012,SIW012,SMA025,SMW017,SNB019,SOD016,STE001
ACMO003,EES008,EWW036,LBU029,LMC025,LMC034,LPR012,OEV005,SDD003,SDD030,SFO015,SIW012,SMA025,SME019,SOD016,SOD017,SPI003,SZO005
ACCU012,ACGM050,ACMO003,EES008,EJP026,EWW036,LAL009,LEV006,LMC025,MYSE003,PMO024,SEN012,SIW002,SMA025,SNB019,SOD016,SOD017,SZO005
ACMO003,EEG010,EES008,EMM013,ESS007,EWW036,LMC025,LPR012,LRE005,SCO005,SDD001,SDD003,SIW012,SMA008,SMA025,SME019,SMO016,SOD016
ACGD005,ACMO003,ACPP005,EAG013,EES008,EWW036,LBU005,LMA047,OMW014,OWA017,PMO024,SBB013,SDD003,SIW012,SMA025,SOD016,SOD017,STR030
ACGD002,ACPP005,EWW036,FSP006,LCA028,LMC025,LPR012,MYSE003,OBI007,OMA005,OSH001,PMO024,SCO009,SDD003,SIW012,SMA025,SOD016,SWA028
ACCU012,ACGD005,ACMO003,ACPP005,EES008,EJP024,EMM034,EPP014,EWW036,LMC025,LRE002,OCE009,PFF003,SGM015,SIW012,SMA025,SNV041,SOD016
ACGD005,ACPP005,EJP024,EPP010,EWW036,LBU005,LMC025,LPL013,OCE009,PMO024,SAA013,SBB013,SDD003,SIW012,SMA025,SOD016,SOD017,STE009
ACCU012,ACCU023,EES005,EES008,EJP021,EWW036,LAL009,LMA039,LMC025,MYSE003,OFF007,PAN012,PMO024,SEN012,SIW012,SMA025,SNB019,SOD016
ACMO003,ACOO018,ACPP005,EAG009,EES008,EWW036,LMC025,LPR012,MYSE003,OWA013,PCA020,PMO024,SDD003,SIW012,SMA003,SMA025,SOD016,SOD017
ACCU012,ACMO003,EES005,EES008,EJF005,EJP021,EWW036,LAL009,LMA026,LMA039,LMC025,PAN012,PMO024,SEN012,SFN025,SMA025,SNB019,SOD016
ACCU012,ACFE009,ACMO003,EES008,EJF005,EJP021,EWW036,FSP006,LEV005,LMC025,MYSE003,PMO024,POM011,SEN012,SMA025,SMW017,SNB019,SOD016
ACCU018,ACGD005,ACMO003,ACPP005,EES005,EJP024,EWW036,LMC025,OCE009,OWA017,PAN016,PMO024,SBB013,SGM006,SIW012,SMA025,SOD016,SSC006
ACCU012,ACGD005,ACMO003,ACPP005,EES008,EMM034,EPP014,EWW036,LBU029,LMC025,OCE009,OFI020,PFF003,PMO024,SGM015,SIW012,SMA025,STE010
ACPP005,EWW013,EWW036,LCA028,LDG003,LMC025,LPR012,MYSE003,OBI005,OMA005,OMA030,OSH001,SCO009,SIW012,SMA025,SOD016,SOD017,SPI020
ACGD005,ACMO003,ACPP005,EAG013,EES005,EES008,EWW036,LBU005,OCE009,OWA017,PMO024,SBB013,SIW012,SMA025,SNV017,SNV036,SOD016,SOD017
ACIM010,ACMO003,ACOO018,ACPP005,EAG009,EES008,EWW036,LCA028,LPR012,MYSE003,PCA011,PMO024,SDD003,SIW012,SMA025,SOD016,SOD017,SUM003
ACMO003,EES007,EES008,EJF005,EJP021,EMM036,ERO036,EWW036,FSP006,LMC025,MYSE003,OFI020,PMO015,SEN012,SMA025,SNB010,SOD016,SOD017
ACMO003,EES007,EES008,EJF005,EJP021,EMM036,EWW036,FSP006,LAL009,LMA037,LMC025,MYSE003,OSH009,SEN012,SIW012,SMA025,SOD016,SOD017
ACCU012,ACGD005,ACMO003,ACPP005,EES008,EMM034,EPP014,EPP029,EWW036,LBU029,LMC025,OCE009,OFI020,PFF003,PMO024,SGM015,SMA025,SOD016
ACGM043,ACPP005,EES008,EJP001,EWW036,LMC022,LMC025,OCE004,OMW018,OSH001,PCA011,PMO024,SFO004,SGM012,SIW012,SMA025,SNV017,SOD017
ACGD005,ACGD015,ACMO003,ACPP005,EES005,EES008,EJP024,EWW036,LBU005,LVE005,LVE032,OCE009,OWA017,PMO024,SDD003,SFN010,SIW012,SMA025
ACGD005,ACMO003,ACPP005,EES008,EJP024,ERO001,EWW036,OFI020,PFF003,PMO004,PMO024,SCO007,SDD003,SIW012,SMA025,SNV027,SOD016,SPI003
ACOO017,ACPP005,EEE015,EES008,EJP024,EWW036,LBU005,LMC025,OCE009,OCE019,OFI020,ORE016,PLB004,PMO024,SDD005,SIW012,SMA025,SRR016
ACMO003,ACOO018,ACPP005,ACSP001,EAG009,EES008,LMC025,LPR012,MYSE003,OWA013,PCA011,PCA020,PMO024,SDD003,SIW012,SMA025,SOD016,SOD017
ACMO003,EES008,EES009,EJP021,EWW036,FSP006,LBU011,MYSE003,OFI020,PFF003,PHE028,PMO024,SCC005,SEN012,SIW012,SMA025,SNB019,SOD016
ACFE012,ACGM035,ACMO003,EAG017,EES008,FSP006,LAL009,LAM014,LHY001,LPR022,OCE009,PMO024,SDD003,SIW012,SMA025,SOD016,SST009,SZO005
EES007,EES008,EJF005,EJP021,EMM036,EWW036,FSP006,LAL009,LMA037,LMC025,MYSE003,PMO015,SEN012,SGM012,SIW012,SMA025,SOD016,SOD017
ACCU012,ACCU014,ACMO003,EES005,EES008,EJF005,EJP021,EWW036,LAL009,LMA026,LMA039,LMC025,PAN012,PMO024,SEN012,SMA025,SNB019,SOD016
ACCU012,ACCU017,ACEM006,ACGM045,EES008,EJP021,EWW036,LAL009,LEV006,LMC025,MYSE003,ORE005,PMO024,SEN012,SMA025,SNB019,SOD016,SZO005
ACCU012,ACMO003,EEE019,EES008,EJP021,EWW036,FSP006,LAL009,LMA012,LMC025,LVE007,MYSE003,OFI020,PMO024,SIW012,SMA025,SNB019,SOD016
ACGD005,ACMO003,ACPH004,ACPP005,EJP024,EWW036,LBU005,LMC025,OCE009,PMO024,SBB013,SDD003,SIW012,SMA025,SMO006,SOD016,SOD017,STE009
ACMO003,ACOO018,ACPP005,EAG009,EES008,EWW036,LCA028,LMC025,LPR012,MYSE003,PAN010,PCA011,PCA020,PCA038,SDD003,SIW012,SMA025,SOD016
ACCU012,ACCU017,ACGM045,EES008,EJP011,EJP021,EWW036,LAL009,LEV006,LMC025,MYSE003,ORE005,PMO024,SEN012,SFR002,SMA025,SOD016,SZO005
ACCU012,ACMO003,EES008,EJP021,EWW036,FSP006,LAL009,LEV001,LMC025,LPR020,MYSE003,ODE015,PMO024,SEN012,SIW012,SMA025,SNB019,SOD016
ACMO003,EES008,EJP021,EWW036,FSP006,LMC025,MYSE003,OCP013,OFI020,PFF003,PHE028,PMO024,SCC005,SEN012,SIW012,SMA025,SNB019,SOD016
ACMO003,EES007,EJF005,EJP021,EMM036,EWW036,FSP006,LAL009,LMA037,LMC025,MYSE003,OBI006,PMO015,SEN012,SIW012,SMA025,SOD016,SOD017
ACCU012,ACGD005,ACMO003,ACPP005,EES008,EJF008,EJP024,EMM034,EWW036,LMC025,LUN031,OCE009,PFF003,PMO024,SGM015,SIW012,SMA025,SOD016
ACCU012,ACEV017,ACMO003,EES005,EES008,EJF005,EJP021,EWW036,FSP006,LMA039,LMC025,PMO024,SDD012,SIW012,SMA025,SNB019,SOD016,STE005
ACCU012,ACMO003,EDO003,EES005,EES008,EJF005,EJP021,EWW036,FSP006,LAL009,LMC025,PMO024,SDD012,SIW012,SMA025,SNB019,SOD016,STE005
ACMO003,ACPP005,EEE004,EES008,FSP006,LCA028,LMC025,LPR012,MYSE003,PCA011,PCA020,PMO024,SDD003,SIW012,SMA005,SMA025,SOD016,SRR011
ACMO003,ACPP005,ACSP012,EES008,EWW036,LBU029,LMC025,LMC034,LPR012,SCO005,SDD003,SFN010,SIW012,SMA025,SMA028,SOD016,SOD017,SPI003
ACPP005,EES008,EJF019,EWW036,FSP006,LCA028,LMC025,LPR012,MYHI002,OFF009,OMA005,OSH001,PMO024,SDD003,SIW012,SMA025,SOD016,SOD017
ACCU012,ACPP005,EAG006,EEE021,EEG010,EES008,EJP024,EMM034,EWW036,LMC025,OCE009,OFI020,PFF003,PMO024,SEL017,SIW012,SMA025,SOD016
ACGD005,ACMO003,ACPP005,EES005,EWW036,LAM022,LBU005,LMC025,OCE009,OWA017,PMO024,SBB013,SDD003,SIW012,SMA025,SOD017,SRR006,SWA012
ACFE012,ACGM035,ACMO003,EAG017,EES008,EWW036,FSP006,LAL009,LAM014,LMC023,LMC025,LPR022,OCE009,PMO024,SIW012,SMA025,SOD016,SZO005
ACGD005,ACMO003,ACPP005,EAG013,EES008,EWW036,LBU005,LMA047,OCE009,ODE003,OWA017,PMO024,SDD003,SIW012,SMA025,SOD016,SOD017,STR030
ACCU012,ACFE009,EES008,EJF005,EJP016,EJP021,EWW036,FSP006,LBU002,LEV005,LMC025,MYSE003,OFI020,SEN012,SIW012,SMA025,SNB019,SOD016
ACGM035,ACMO003,EAG017,EES008,FSP006,LAL009,LAM014,LHY001,LMC025,LPR022,OCE009,PMO024,SDD003,SIW012,SMA025,SOD016,SWA006,SZO005
ACPP005,EWW036,LCA028,LMA048,LPR012,MYHI002,MYSE003,OFF007,OMA005,OSH001,PMO024,SCO009,SDD003,SIW012,SMA025,SOD016,SOD017,SSS018
ACPP005,EES008,EJF019,ERO028,EWW036,FSP006,LCA028,LMC025,LPR012,MYHI002,OMA005,OSH001,PMO024,SDD003,SIW012,SMA025,SOD016,SOD017
ACOO018,ACPP005,EAG009,EES008,EWW036,LCA028,LMC025,LPR012,MYSE003,OMA002,PCA011,PCA020,PCA038,PMO024,SDD003,SIW012,SMA025,SOD016
ACPP005,EES008,EWW036,FSP006,HEV007,LAL012,LMC025,LPR012,MYSE003,MYSE004,OSH001,PMO024,SCO009,SDD003,SIW012,SMA025,SOD016,SOD017
ACCU012,ACMO003,EJP021,EWW036,FSP006,LBU011,LMC025,MYSE001,MYSE003,OFI020,PAN010,PFF003,PMO024,SCC005,SIW012,SMA025,SNB019,SOD016
ACMO003,ACPP005,EEE004,EES008,EWW036,FSP006,LAM021,LCA028,LMC025,LPR012,MYSE003,PCA011,PCA020,PMO024,SIW012,SMA025,SOD016,SRR011
ACFE012,ACGM035,ACMO003,ACSP017,EAG017,EES008,EWW036,FSP006,LAL009,LAM014,LBI042,LMC025,LPR022,OCE009,SIW012,SMA025,SOD016,SZO005
ACMO003,ACPP005,EES008,EWW036,LBU029,LMC025,LMC034,LPR012,OMA009,SCO005,SFN010,SIW012,SMA025,SMA028,SME019,SOD016,SOD017,SPI003
ACPP005,EES008,ERO003,EWW036,LCA028,LPR012,MYHI002,MYSE003,OFF007,OSH001,PMO024,SCO009,SDD003,SIW012,SMA025,SOD016,SOD017,SSS018
ACMO003,ACPP005,EAG009,EES008,EWW036,FSP006,LCA028,LMC025,LPR012,MYSE003,ORF004,PCA020,PMO024,SDD003,SIW012,SMA025,SOD016,SRR011
ACFE012,ACGM035,ACMO003,EAG017,EES008,EWW036,FSP006,LAL009,LAM014,LMC025,LPR022,OCE009,OSH021,PMO024,SDD003,SMA025,SOD016,STR017
ACOO018,ACPP005,EAG009,EES008,EWW036,LMC025,LPR012,MYSE003,OWA013,PCA011,PCA020,PMO024,SDD003,SIW012,SMA025,SNV012,SOD016,SOD017
ACPP005,EES008,EWW036,FSP006,HEV007,LMC025,LPR012,LVE006,MYSE004,OSH001,PMO024,SCO009,SDD003,SIW012,SMA001,SMA025,SOD016,SOD017
EES008,EWW036,FSP006,LCA028,LDG004,LMC025,LPL035,MYHI002,MYSE003,OMA005,OSH001,OWA002,PMO024,SDD003,SIW012,SMA025,SOD016,SOD017
ACCU012,ACGD005,ACMO003,ACPP005,EES008,EMM034,EWW036,LMC025,LUN031,OCE009,OFI020,PFF003,PMO024,SGD016,SGM015,SIW012,SMA025,SOD016
ACMO003,ACOO018,EAG009,EES008,EWW036,LCA028,LMC025,LPL032,LPR012,MYSE003,PCA011,PCA020,PCA038,PMO024,SDD003,SIW012,SMA025,SOD016
EWW013,EWW036,FSP006,LAL020,LBB010,LCA028,LMC025,LPR012,MYSE003,OMA005,ORE004,OSH001,PMO024,SCO009,SDD003,SMA025,SOD016,SOD017
ACCU012,ACCU023,ACFE001,ACMO003,EES005,EES008,EJP021,EWW036,LAL009,LMA039,LMC025,MYSE003,PAN012,PMO024,SEN012,SIW012,SMA025,SOD016
ACGM035,ACGM040,ACMO003,EAG017,EES008,EWW036,FSP006,LAM014,LMC025,LPR022,OCE009,OMA004,SAS010,SDD005,SIW012,SMA025,SOD016,SZO005
ACGD005,EES008,EJP021,EWW036,FSP006,LMC025,MYSE003,OFI020,PFF003,PFF021,PHE009,PMO024,SEN012,SIW012,SMA025,SNB019,SOD016,SOD017
ACCU012,ACMO003,EES005,EES008,EJF005,EJP021,EWW036,EWW038,FSP006,LAL009,LMA039,LMC025,SDD012,SIW012,SMA025,SNB019,SOD016,STE005
ACCU012,ACMO003,EES008,EWW036,FSP006,LAL009,LMA039,LMC025,LPR020,MYSE003,ODE015,PMO024,SDD030,SEN012,SIW012,SMA025,SNB019,SOD016
ACGD005,ACMO003,ACPP005,EJP024,ERO001,EWW036,OCE009,OFI020,ORF006,PFF003,PMO024,SCO007,SDD003,SIW012,SMA025,SNV027,SOD016,SPI003
ACCU012,ACMO003,EES005,EES008,EJF005,EJP021,EWW036,LAL009,LMA039,LMC025,LPR011,PCA011,PMO024,SIW012,SMA025,SNB019,SOD016,STE005
ACCU012,ACGD005,ACGM050,ACPP005,EES008,EJP024,EMM034,EPP014,EWW036,LMC025,LUN016,OFI020,PFF003,PMO024,SGM015,SIW012,SMA025,SOD016
ACFE012,ACGM035,ACMO003,EAG017,EES008,EWW036,FSP006,LAL009,LMC025,LPR022,OCE009,PMO024,SDD003,SIW012,SMA025,SMA029,SOD016,STR017
ACPP005,EES008,EWW036,LCA028,MYHI002,MYSE003,OFF007,OMA005,OSH001,PMO024,SCO009,SDD003,SIW012,SMA025,SOD016,SOD017,SPI016,SSS018
ACGD005,EES008,EJP021,EWW036,FSP006,LMC025,MYSE003,OFI020,PFF003,PHE009,PMO024,SEN012,SIW012,SMA025,SNB019,SOD016,SOD017,SWA028
ACCU012,ACGM050,ACMO003,EES008,EOW001,EWW036,LAL009,LMC025,MYSE003,OFI020,PMO024,SEN012,SIW002,SMA025,SNB019,SOD016,SOD017,SZO005
ACGM019,ACMO003,EES007,EJF005,EJP021,EMM036,EWW036,FSP006,LAL009,LMC025,MYSE003,OCE019,OFI020,PMO015,SEN012,SIW012,SMA025,SOD017
ACPP005,EES008,EJF019,FSP006,LBU033,LCA028,LMC025,LPR012,MYHI002,OMA005,OSH001,PMO024,SCO009,SDD003,SIW012,SMA025,SOD016,SOD017
ACMO003,ACPP005,EAG009,EES008,EWW036,LCA028,LMA047,LMC025,LPR012,MYSE003,PCA011,PCA020,PMO024,SDD003,SIW012,SMA025,SOD016,SRR011
ACMO003,ACOO018,ACPP005,EAG009,EES008,EWW036,LMC025,LPR012,MYSE003,OFI020,OWA013,PCA020,PMO024,SDD003,SIW012,SMA025,SOD016,SOD017
ACAL030,ACCU012,ACMO003,EES008,EJF005,EJP021,EWW036,LAL009,LAL032,LMA012,LMA039,LMC025,MYSE003,OFI020,PMO024,SMA025,SNB019,SOD016
ACPP005,EWW036,LCA028,LPR012,MYHI002,MYSE003,OFF007,OMA005,OSH001,PMO024,SBB019,SCO009,SDD003,SIW012,SMA025,SOD016,SOD017,SSS018
ACMO003,EES008,EJP021,EWW036,FSP006,LBU011,LMC025,MYSE003,OFI020,PFF003,PMO024,SCC005,SEN012,SIW012,SMA012,SMA025,SNB019,SOD016
ACCU012,ACCU023,ACMO003,EES005,EES008,EWW036,LAL009,LMA039,LMC025,MYSE003,PAN012,PAN022,PMO024,SEN012,SIW012,SMA025,SNB019,SOD016
ACGD005,ACMO003,ACPP005,EES005,EES008,EHH001,EWW036,LBU005,LMA002,LMA047,LMC021,OWA017,PMO024,SBB013,SDD003,SIW012,SMA025,SOD016
ACCU012,ACFF001,ACMO003,EES008,EJP021,EWW036,FPA006,FSP006,LBU011,LMC025,MYSE003,PFF003,PMO024,SEN012,SIW012,SMA025,SNB019,SOD016
ACIM010,ACMO003,ACOO018,ACPP005,EAG009,EES008,EWW036,LCA028,LMC025,MYSE003,PCA011,PMO024,SDD003,SIW012,SMA025,SOD016,SOD017,SST014
ACPP005,EES008,EMM036,EWW013,FSP006,HEV007,LPR012,LVE023,MYSE003,OSH001,PIC009,PMO024,SCO009,SDD003,SIW012,SMA025,SOD016,SOD017
ACCU012,EES008,EJP021,EWW036,LAL009,LEV006,LMC025,MYSE003,OFI020,SAA006,SEN012,SMA025,SNB019,SOD016,SOD017,SPI012,SWA009,SZO005
ACFE012,ACGM035,ACMO003,EAG017,EES008,EWW036,LAL009,LAM014,LBI042,LMC025,LPR022,LPR026,OCE009,PMO024,SIW012,SMA025,SOD016,SZO005
ACMO003,ACPP005,EAG009,EES008,EWW036,FSP006,LAM005,LCA028,LMC025,LPR012,MYSE003,PCA020,PFF006,SDD003,SIW012,SMA025,SOD016,SRR011
ACMO003,ACPP005,EAG009,EEE003,EES008,EWW036,FSP006,LAM005,LCA028,LMC025,LPR012,MYSE003,PCA020,PMO024,SDD003,SMA025,SOD016,SRR011
ACMO003,ACPP005,EAG009,EES008,EWW036,FPA001,LAL034,LCA028,LMC025,LPR012,MYSE003,PCA020,PMO024,SDD003,SIW012,SMA025,SOD016,SRR011
ACMO003,EES008,EWW036,LBU029,LMC025,LMC034,LPR012,SCO005,SDD003,SFN010,SIW012,SMA025,SMA028,SME019,SOD016,SOD017,SPI003,SZO005
EES008,EWW013,EWW036,FSP006,HEV007,LCA028,LPR012,MYSE003,OSH001,PMO019,PMO024,SCO009,SDD003,SIW012,SMA025,SNV010,SOD016,SOD017
ACMO003,EES007,EES008,EJF005,EJP021,EMM036,EWW036,FSP006,LAL009,LMA037,LMC025,MYSE003,PHE026,PMO015,SIW012,SMA025,SOD016,SOD017
ACCU012,ACGD005,ACMO003,ACPP005,EES008,EJP024,EMM034,EWW036,LMC025,LTT007,LUN031,OFI020,PFF003,PMO024,SGM015,SIW012,SMA025,SOD016
ACMO003,ACPP005,EHC003,EWW036,LAL009,LBU029,LMC025,LMC034,LPR012,OMA004,SDD003,SFN010,SIW012,SMA025,SME019,SOD016,SOD017,SPI003
ACMO003,ACPP005,EAM002,EES008,EHC003,EWW036,LAL009,LBU029,LMC025,LMC034,LPR012,SDD003,SFN010,SIW012,SMA025,SME019,SOD017,SPI003
EWW036,FSP006,LCA028,LDG004,LMC025,LPL035,LPR012,LVE006,MYHI002,MYSE003,OMA005,OSH001,PMO024,SDD003,SIW012,SMA025,SOD016,SOD017
ACCU012,ACGD005,ACMO003,ACPP005,EES008,EJP024,EMM034,EPP014,EWW036,LMC025,OCE009,OFI020,ORR009,PFF003,SGM015,SIW012,SMA025,SOD016
ACIM010,ACMO003,ACOO018,EAG009,EES008,EWW036,LCA028,LMC025,LPR012,MYSE003,ODE011,PCA011,PMO024,SDD003,SIW012,SMA025,SOD016,SOD017
ACMO003,ACPP005,EES008,EHC003,EWW036,LBU029,LMC025,LMC034,LPR012,LUN007,SDD003,SFN010,SIW012,SMA025,SME019,SOD016,SOD017,SPI003
ACCU012,ACMO003,EDO011,EES008,EJF005,EJP021,EWO014,EWW036,FSP006,LEV005,LMC025,MYSE003,OFI020,PMO024,SEN012,SIW012,SMA025,SOD016
ACAZ003,ACNO039,ACPP005,EES008,EWW036,FSP006,LCA016,LCA028,LMC025,LPR012,OSH001,PMO024,SCO009,SDD003,SIW012,SMA025,SOD016,SOD017
ACMO003,EES008,EJP021,EWW036,LBU011,LMC025,MYSE003,OFI020,PFF003,PMO024,SAS019,SCC005,SEN012,SIW012,SMA025,SNB019,SOD016,SWA026
ACPP005,EES008,EWW036,FSP006,HEV007,LPR012,MYSE003,MYSE004,OSH001,PMO024,SCO009,SDD003,SIW012,SMA001,SMA025,SOD016,SOD017,SST038
ACCU012,ACFE009,EES008,EJF005,EJP021,EWW036,LEV005,LMC025,MYSE003,OFI020,PAN006,PMO024,SEN012,SIW012,SMA025,SNB019,SOD016,SSS015
ACFE012,ACGM035,ACMO003,EAG017,EES008,EWW018,EWW036,FSP006,LAL009,LAM014,LMC025,LPR022,OCE009,PMO024,SGM021,SIW012,SMA025,SOD016
ACFE019,ACPP005,EES008,EHC003,EWW036,LAL009,LBU029,LMC025,LMC034,LPR012,SDD003,SFN010,SIW012,SMA025,SME019,SOD016,SOD017,SPI003
ACMO003,EES008,LAL009,LBU029,LMC025,LMC034,LPR012,OEV005,SDD003,SFO015,SIW012,SMA025,SME019,SNB023,SOD016,SOD017,SPI003,SZO005
ACAZ003,ACPP005,EES008,EWW036,FSP006,LCA016,LCA028,LEV006,LMC025,MYHI002,OSH001,PMO024,SCO009,SDD003,SIW012,SMA025,SOD016,SOD017
ACGM037,ACIM014,ACPP005,EES008,EWW036,FSP006,LCA028,LPR012,MYHI002,MYSE003,OMA005,PMO024,SCO009,SIW012,SMA025,SOD016,SOD017,SSS018
ACCU012,ACCU017,ACGM045,ECF023,EES008,EJP011,EJP021,EWW036,LAL009,LEV006,LMC025,MYSE003,PMO024,SEN012,SMA025,SNB019,SOD016,SZO005
ACFE012,ACGM035,ACMO003,EAG017,EEG021,FSP006,LAL009,LAM014,LHY001,LMC025,LPR022,OCE009,PMO024,SDD003,SIW012,SMA025,SOD016,SZO005
ACMO003,ACNO015,ACPP005,EES008,LAL009,LBU029,LMC025,LMC034,LPR012,OCE019,SCO005,SDD003,SFN010,SIW012,SMA025,SME019,SOD016,SOD017
ACGD005,ACMO003,ACPH004,ACPP005,EES008,EJP024,EWW036,LBU005,LMC025,OCE009,PMO024,SDD003,SGM010,SIW012,SMA025,SOD016,SOD017,STE009
ACFE012,ACGM035,ACMO003,EAG017,EES008,FSP006,LAL009,LAM014,LHY001,LMC025,LPR022,OCE009,PMO024,SAS020,SDD003,SIW012,SOD016,SZO005
ACGM035,ACMO003,EEE018,EES005,EES008,EJP021,FSP006,LAL009,LMA039,LMC025,MYSE003,ODE015,PMO024,SEN012,SIW012,SMA025,SNB019,SOD016
ACCU012,ACMO003,EES005,EES008,EJF005,EJP021,EWW036,LAL009,LMA026,LMA039,LMC025,PAN012,PCA022,PMO024,SEN012,SIW012,SNB019,SOD016
ACMO003,ACPP005,EAG009,EES008,EWW036,FPA001,LCA028,LPR012,MYSE003,PCA011,PCA020,PCA032,PMO024,SDD003,SIW012,SMA025,SOD016,SRR011
ACGD005,ACGD015,ACMO003,ACPP005,EES005,EES008,EJP024,EWW036,LBU005,LVE005,OCE009,OWA017,PMO024,SDD003,SFN010,SHN004,SIW012,SMA025
ACMO003,EAG017,EES008,EWW036,FSP006,LAM014,LMC025,LPR019,LPR022,OCE009,OEV001,PMO024,SAS010,SDD003,SDD005,SIW012,SMA025,SOD016
ACGM019,EES007,EJF005,EJP021,EMM036,EWW036,EWW038,FSP006,LAL009,LMC025,MYSE003,OFI020,PMO015,SEN012,SIW012,SMA025,SOD016,SOD017
ACMO003,ACOO018,ACPP005,EAG009,EES008,EWW036,FSC005,LMC025,LPR012,MYSE003,OWA013,PCA011,PCA020,PMO024,SIW012,SMA025,SOD016,SOD017
ACCU012,ACMO003,EES008,EJP021,ERO008,FSP006,LMC025,MYSE003,OFI020,PHE009,PMO024,SEN012,SGM010,SIW012,SMA025,SNB019,SOD016,SOD017
ACCU012,ACMO003,EES008,EES019,EJP021,EWW036,LBU011,LMC025,ODE010,OFI020,PFF003,PMO024,SEN012,SIW012,SMA025,SOD016,SOD017,STE008
ACIM014,ACPP005,EES008,EJF019,EWW036,FSP006,LCA028,LMC025,LPR012,MYHI002,OMA005,OSH001,SCO009,SDD003,SIW012,SMA025,SOD016,SOD017
ACGD005,ACMO003,ACPP005,EES008,EJP024,ERO001,LPR014,OCE009,OFI020,PFF003,PMO024,SCO007,SDD003,SIW012,SMA025,SNV027,SOD016,SPI003
ACCU012,ACGD005,ACMO003,ACPP005,EEE021,EEG010,EES008,EJP024,EMM034,EWW036,LMC025,LMC030,OFI020,PFF003,PMO024,SIW012,SMA025,SOD016
ACCU012,ACGD005,ACMO003,ACPP005,EES008,EMM034,EPP014,EWW036,LBU029,LMC025,OCE009,OFI020,OSH024,PFF003,PMO024,SGM015,SMA025,SOD016
ACCU012,ACMO003,EES008,EJP021,EWW036,LAL009,LEV006,LMC025,MYSE003,SAA006,SEN012,SFN015,SMA025,SNB019,SOD016,SOD017,SWA009,SZO005
EWW013,EWW036,LCA028,LMC025,LPR012,MYSE003,OMA005,ORE004,OSH001,PMO024,SCO009,SIW012,SMA025,SOD014,SOD016,SOD017,SPI021,SSS005
ACCU012,ACMO003,EES008,EJP021,EWW036,LEV006,LMC025,MYSE003,ODE019,OFI020,SCC006,SEN012,SMA007,SMA025,SNB019,SOD016,SOD017,SZO005
ACCU012,ACMO003,EES008,EJP021,EWW036,LAL009,LEV006,MYSE003,ODE019,OFI020,SEN012,SLP001,SMA007,SMA025,SNB019,SOD016,SOD017,SZO005
ACCU012,ACGD005,ACGM050,ACPP005,EES008,EJP024,EMM034,EPP014,EWW036,LMA045,LMC025,OCE009,PFF003,PMO024,SGM015,SIW012,SMA025,SOD016
ACGD002,ACPH009,ACPP005,EHH010,EWW013,EWW036,LCA028,LMC025,LPR012,MYSE003,OMA005,OMA030,OSH001,SCO009,SDD003,SIW012,SMA025,SOD016
ACGD005,ACMO003,ACPP005,EAG013,EES005,EES008,EWW036,LBU005,LVE035,OCE009,OWA017,PMO024,SBB013,SDD003,SIW012,SMA025,SNV036,SOD016
ACGD005,ACMO003,ACPH004,ACPP005,EES008,EJP024,EWW036,LBI036,LBU005,LMC025,OCE009,PMO024,SBB013,SDD003,SIW012,SMA025,SOD016,SOD017
ACCU012,ACMO003,EEE018,EES005,EES008,FSP006,LAL009,LMA039,LMC025,MYSE003,ODE015,PMO024,SEN012,SIW012,SMA025,SNB019,SOD016,SWA021
ACGD005,ACMO003,EES008,EJP021,EWW036,FSP006,LMC025,MYSE003,OFI020,PFF003,PHE009,PMO024,SIW012,SMA025,SNB019,SOD016,SOD017,SPI003
ACPP005,EWW013,EWW036,FSP006,LBI012,LCA028,LMC025,LPR012,MYSE003,OMA005,OMA030,OSH001,PMO024,SCO009,SDD003,SIW012,SMA025,SOD016
ACCU012,ACMO003,EES008,EJP021,EWW036,FSP006,LBU011,LRE009,OFI020,OMA024,PFF003,PMO024,SCC005,SEN012,SIW012,SMA025,SNB019,SOD016
ACCU006,ACMO003,ACPP005,EES008,EMM013,ESS001,EWW036,FSP006,LAL009,LBU008,LCC007,OFI018,OMA003,SDD005,SIW012,SMA025,SOD016,SST029
ACPP005,EWW013,EWW036,FSP006,LMC025,LPR012,MYSE003,OMA005,OMA030,OSH001,PMO024,SCO009,SDD003,SIW012,SLP001,SMA025,SOD016,STE008
ACGM035,ACMO003,EAG017,EES008,EWW036,FSP006,LBB004,LMC025,LPR019,LPR022,OCE009,PMO024,SAS010,SDD003,SDD005,SIW012,SMA025,SOD016
ACGM029,EES007,EES008,EJF005,EJP021,EWW036,LAL009,LAL026,LMC025,MYSE003,OFI020,PAN020,SEN012,SIW012,SMA025,SNB019,SOD016,SOD017
ACCU012,ACMO003,EES005,EES008,EJF005,EJP021,EWW036,FSP006,LAL009,LMA039,LMC025,PAN012,SDD012,SIW012,SMA025,SNB019,SOD016,STE005
ECF014,EWW013,EWW036,LCA028,LMC025,LPR012,MYSE003,OMA005,ORE004,OSH001,PMO024,SCO009,SIW012,SMA025,SOD014,SOD016,SOD017,SSS005
ACCU012,ACMO003,EJP021,EWW036,LAL009,LEV006,LMC025,MYSE003,ODE019,OFI020,OMW014,SEN012,SMA007,SMA025,SNB019,SOD016,SOD017,SZO005
ACMO003,ACPP005,EAG009,EEE004,EES008,EWW036,FSP006,LCA028,LMC025,LPR012,MYSE003,PCA020,PMO024,SDD003,SIW012,SMA025,SOD016,SRR011
ACPP005,EES008,EWW013,EWW036,FSP006,LCA028,LPR012,MYSE003,OSH001,PMO024,SCO009,SDD003,SDD014,SIW012,SMA025,SNV010,SOD016,SOD017
ACMO003,EES007,EJF005,EJP021,EMM036,EWW036,FSC004,FSP006,LAL009,LMC025,MYSE003,OFI020,PMO015,SEN012,SIW012,SMA025,SOD016,SOD017
ACCU012,ACFE009,ACMO003,EES008,EHH001,EJF005,EJP021,EWW036,FSP006,LEV005,LMC025,MYSE003,SEN012,SIW012,SMA025,SMW017,SNB019,SOD016
ACGM019,ACMO003,EES007,EJF005,EJP021,EMM036,ERO020,EWW036,FSP006,LAL009,LMC025,MYSE003,OFI020,PMO015,SEN012,SMA025,SOD016,SOD017
ACFE012,ACGM035,ACMO003,EAG017,EES008,EWW036,FSP006,LAL009,LAM014,LBI042,LDG007,LMC025,LPR022,OCE009,PMO024,SIW012,SMA025,SZO005
ACMO003,ACOO018,ACPP005,EAG009,EES008,EWW036,LCA028,LPR012,MYSE003,PCA011,PCA020,PCA038,PMO009,PMO024,SDD003,SIW012,SMA025,SOD016
ACCU012,ACFF001,EES008,EJP021,EWW036,FSP006,LBU011,LMC025,MYSE003,OFI020,PFF003,PMO024,SEN012,SIW012,SMA004,SMA025,SNB019,SOD016
ACMO003,ACPP005,EEG015,EWW036,LAL009,LBU029,LMC025,LMC034,LPR012,OCE019,SCO005,SDD003,SFN010,SIW012,SMA025,SME019,SOD016,SOD017
ACAL030,ACCU012,ACMO003,EES008,EJF005,EJP021,EWW036,LAL009,LMA039,LMC025,MYSE003,PMO024,SEN012,SIW012,SMA025,SMO009,SNB019,SOD016
ACCU012,ACCU017,ACGM045,EES008,EJP011,EJP021,EWW036,LAL009,LEV006,LMC025,MYSE003,ORE005,PMO024,SEN012,SMA005,SMA025,SOD016,SZO005
ACAZ003,ACPP005,EES008,EWW036,FSP006,LBB007,LCA016,LCA028,LMC025,MYHI002,OSH001,PMO024,SCO009,SDD003,SIW012,SMA025,SOD016,SOD017
ACFE012,ACGM035,ACMO003,EAG017,EES008,EWW036,FSP006,LAL009,LAM014,LMC025,LPR022,OCE009,OWA006,PMO024,SIW012,SMA025,SOD016,STR017
ACPP005,EES008,EWW013,EWW036,FSP006,HEV007,LCA028,LPR012,MYSE003,OBI010,OSH001,PMO024,SCO009,SDD003,SEL001,SIW012,SMA025,SOD016
ACCU012,ACGD005,ACMO003,ACPP005,EEE021,EES008,EJP024,EMM034,EWW036,LAM002,LMC025,OFI020,PFF003,PMO024,SFN015,SIW012,SMA025,SOD016
ACCU012,ACGD005,ACMO003,EES008,EJP024,EMM034,EPP014,ERO026,EWW036,LMC025,OCE009,OFI020,PFF003,SGM015,SIW012,SMA025,SNV041,SOD016
ACFE012,ACGM035,ACMO003,EAG017,EES008,EWW036,FSP006,LAL009,LAM014,LCA003,LMC025,LPR022,OCE009,PMO024,SDD003,SIW012,SMA025,SOD016
ACCU012,ACFF001,ACMO003,EES008,EJP021,EWW036,FSP006,LBU011,LMC025,MYSE003,OFI020,PFF003,PMO024,SEN012,SMA025,SNB019,SOD016,SSS001
ACFE012,ACGM035,ACMO003,EAG017,EES008,EOW001,EWW036,FSP006,LAL009,LBI042,LMC025,LPR022,OCE009,PMO024,SIW012,SMA025,SOD016,SZO005
ACCU012,ACMO003,EEE019,EES008,EJP021,EWW036,FSP006,LAL009,LMA012,LMA039,LMC025,MYSE003,OFI020,SIW012,SMA025,SME003,SNB019,SOD016
ACCU012,ACGD005,ACMO003,ACPP005,ACWS012,EES008,EWW038,LBU005,LMC025,OCE009,PMO024,SBB013,SDD003,SEV003,SMA025,SNV030,SOD017,SRR015
EES008,EWW013,EWW036,FSP006,HEV007,LCA028,LPR012,MYSE003,OSH001,PHE018,PMO024,SCO009,SDD003,SEL001,SIW012,SMA025,SOD016,SOD017
ACCU018,ACGD005,ACMO003,ACPP005,EES005,EES008,EJP024,EWW036,LMC025,OCE009,OWA017,PAN016,SBB013,SGM006,SGM015,SIW012,SMA025,SOD016
ACMO003,ACOO018,ACPP005,EAG009,EES008,EWW036,LMC025,LPR012,MYHI002,MYSE003,PCA011,PCA020,PCA038,PMO024,SDD003,SIW012,SMA025,SOD016
ACPP005,EES008,EJF019,EWW036,FSP006,LCA028,LMC025,LPR012,LPR022,MYHI002,OMA005,OSH001,SCO009,SDD003,SIW012,SMA025,SOD016,SOD017
ACGM035,ACMO003,EAG017,EES008,EWW036,FSP006,LAM014,LMC025,OCE009,OMA004,PMO024,SAS010,SDD005,SGD018,SIW012,SMA025,SOD016,SZO005
ACPP005,EES008,EWW013,EWW036,FSP006,HEV007,LCA028,LPR012,MYSE003,OSH001,PMO024,SDD003,SFN026,SIW012,SMA025,SNV010,SOD016,SOD017
ACFE012,ACGM035,ACMO003,EAG017,EES008,EWW036,FSP006,LAL009,LAM014,LBI042,LMC025,LPR022,PMO024,SIW012,SMA025,SMA032,SOD016,SZO005
ACGD005,ACMO003,EES005,EWW036,LBU005,LMC025,LUN025,OCE009,OWA017,PMO024,SBB013,SDD003,SIW012,SMA025,SOD016,SOD017,SRR006,SWA012
ACCU006,ACEM018,ACGM043,ACMO003,ACPP005,EES008,EMM013,ESS001,EWW036,LAL009,LBU008,LCC007,OMA003,SDD005,SIW012,SMA025,SOD016,SST029
ACGD005,ACMO003,EAG013,EES005,EES008,EMM022,EWW036,LBU005,OCE009,OWA017,PMO024,SBB013,SDD003,SIW012,SMA025,SNV036,SOD016,SOD017
ACGM035,ACMO003,EAG017,EES008,EWW036,FSP006,LAM014,LMC025,LPR019,LPR022,OCE009,OMA012,PMO024,SAS010,SDD003,SDD005,SIW012,SOD016
ACFE012,ACGM035,ACMO003,EAG017,EES008,EWW036,FSP006,LAL009,LAM014,LMC025,OCE009,PMO024,SGM021,SIW012,SMA025,SOD016,SST015,SZO005
ACMO003,ACPP005,EEE004,EES008,EWW036,LCA028,LMC025,LPR012,MYSE003,PCA011,PCA020,PMO024,SAS025,SDD003,SIW012,SMA025,SOD016,SRR011
ACCU012,ACMO003,EES008,EJP021,EWW036,LAL009,LEV006,LMC025,MYSE003,ODE019,OFI020,SEN012,SMA007,SMA025,SNB019,SOD016,SOD017,SZO005
