ACFU001,ACMO003,ACOO016,EES008,EJP003,EMM005,EWW028,HEV008,MYSE003,OEV003,OSH001,PAN021,PAN022,PFF012,SMA025,SOD016,SST038,STE019
ACFU001,ACMO003,EMM022,EWW028,LCA029,LDG008,LRE001,ODE026,OSH001,PFF015,PIC004,POM023,SBB012,SDD019,SMA025,SOD016,SST038,STE019
ACFU001,ACMO003,EES008,EMM022,EWW013,EWW028,LDG008,ORF005,OSH001,PFF015,POM009,SBB012,SGD011,SMA025,SOD016,SSC003,SST038,STE019
ACFU001,EDO011,EES008,EWW013,EWW028,LBI002,LDG008,LTT026,OSH001,PFF015,PIC009,POM004,SBB012,SFN012,SMA025,SOD016,SST038,STE019
ACCU006,ACFE018,ACFU001,ACMO003,EES008,EMM022,EWW028,LDG008,OCP010,OFI030,OSH001,PIC004,POM023,SBB012,SMA025,SOD016,SST038,STE019
ACCU006,ACFU001,ACGM032,EES008,EMM022,EWW013,EWW028,LDG008,OBI017,OSH001,PFF015,PIC004,POM009,SBB012,SMA025,SOD016,SST038,STE019
ACCU006,ACMO003,EES008,EMM022,EWW013,EWW028,LAL029,LDG008,OSH001,PFF015,PIC004,POM023,SBB012,SMA006,SMA025,SME021,SOD016,STE019
ACCU006,ACFU001,ACMO003,ACPP012,ACSP024,EES008,EJP009,EWW013,EWW028,OSH001,PFF015,PIC004,POM023,SBB012,SMA025,SOD016,SST038,STE019
ACMO003,ACOO016,EES008,EMM005,EWW028,HEV008,LAL029,MYSE003,OEV003,OSH001,PAN021,PAN022,PFF012,SBB012,SMA025,SOD016,SST038,STE019
ACFU001,ACMO003,EAM002,EES008,EWW028,MYSE001,OSH001,PAN001,PAN021,PFF012,PMO009,SBB012,SMA025,SME024,SOD016,SSC003,SST038,STE019
ACFU001,ACGD014,ACMO003,ACOO016,EAM002,EES008,ERO027,EWW028,LAM028,LTT023,OSH001,PAN021,SBB012,SMA016,SMA025,SOD016,SST038,STE019
ACCU006,ACFU001,ACMO003,EAM002,EES008,EWW013,EWW028,OSH001,PIC004,PIC009,POM023,SBB012,SEV004,SFO018,SMA025,SOD016,SST029,SST038
ACFU001,ACMO003,EES008,EJP001,EWW028,LBU028,LDG009,LMC014,OCP002,OMW019,OSH001,PAN016,PAN021,PLB004,SBB012,SMA025,SOD016,STE019
ACFU001,ACMU010,EES008,EJF016,EMM029,EWW013,EWW028,LDG008,LTT026,PFF015,PIC009,POM004,POM023,SBB012,SMA025,SOD016,SST038,STE019
ACFU001,ACWS016,EES008,EWW013,EWW028,LDG008,LTT003,OSH001,PFF015,PIC004,PIC009,POM023,SMA025,SOD016,SST029,SST038,STE019,STR004
ACAZ003,ACFU001,ACMO003,EAM002,EES008,ERO037,EWW028,LBU024,LRE001,LTT023,LVE007,PAN001,PAN021,PFF012,SBB012,SMA025,SOD016,SST038
ACCU006,ACFU001,ACMO003,ACNO026,EMM022,EPP010,EWW028,LCA024,LDG008,OSH001,PHE029,PIC004,PIC009,SBB012,SMA025,SOD016,SST038,STE019
ACFU001,EAM002,EES008,EWW028,LAL018,LRE001,LTT023,LVE007,OMA025,PAN001,PAN021,PFF010,PFF012,SBB012,SMA025,SOD016,SST038,STE019
ACFU001,ACOO016,ACPP031,EES008,EMM005,EWW028,HEV008,MYSE003,OEV003,OSH001,PAN021,PAN022,PFF012,SBB012,SMA025,SOD016,SST038,STE019
ACEM005,ACFU001,ACOO016,EES008,EWW028,FSE007,HEV004,LMC014,OCP002,OFI040,OSH001,OWA003,PAN016,PAN021,PIC009,SBB012,SOD016,STE019
ACCU006,ACFU001,ACMO003,ACNO015,ACPP006,EES008,EWW028,LDG008,OMW016,OSH001,PIC004,PIC009,POM023,SBB012,SDD019,SMA025,SOD016,SST038
ACFU001,EDO011,EES008,EWW013,EWW028,LDG008,LTT026,ODE012,OSH001,PFF015,PIC009,POM023,SBB012,SIW012,SMA025,SOD016,SST038,STE019
ACEM026,ACMO003,ACOO016,EES008,EWW028,LRE001,LTT023,LVE007,OCE016,OSH001,PAN011,PAN021,PFF012,SBB012,SMA025,SOD016,SST038,STE019
ACAL016,ACCU006,ACFU001,ACMO003,EES008,EMM022,EWW013,LDG008,ORF005,OSH001,PFF015,POM009,SBB012,SGD011,SMA025,SOD016,SST038,STE019
ACCU006,ACFU001,EES008,EMM022,EWW013,EWW028,LDG008,OSH001,PFF015,PIC004,POM023,SBB012,SEN014,SMA025,SNB013,SOD016,SST038,STE019
ACCU006,ACFU001,ACMO003,EMM022,EWW013,EWW028,LAM009,LBI016,LDG008,OMA004,OSH001,PFF015,PIC004,SBB012,SMA025,SOD016,SST038,STE019
ACCU006,ACFU001,ACMO003,ACNO015,EES008,EOW006,EWW028,LDG008,OMW016,OSH001,PIC004,PIC009,POM023,SBB012,SDD019,SMA025,SST038,STE019
ACCU006,ACFU001,ACMO003,EES008,EWW028,LBI020,LDG008,OCP010,OFI030,OSH001,PIC004,POM023,SBB012,SDD019,SMA025,SOD016,SST038,STE019
ACFE011,ACFU001,ACMO003,ACOO016,EES008,EWW028,LVE024,OBI004,ODE001,OSH001,PAN001,PAN021,PCA007,SBB001,SBB012,SMA025,SOD016,STE019
ACFU001,ACMO003,EES008,EMM022,EWW018,EWW028,LDG008,LPL002,OSH001,PFF015,PIC004,PIC009,SBB012,SGD012,SMA025,SOD016,SST035,STE019
ACAL029,ACCU006,ACFU001,ACMO003,EMM022,EWW013,EWW028,LDG008,OSH001,PFF015,PIC004,POM009,POM023,SBB012,SMA025,SOD016,SST038,STE019
ACCU006,ACFU001,EES008,EWW013,EWW028,LDG008,LMC023,OSH001,PFF015,PIC004,POM009,POM023,SBB012,SMA025,SNB013,SOD016,SST038,STE019
ACCU006,ACFU001,EMM022,EPP010,EPP027,EWW013,EWW028,LDG008,OSH001,PIC004,PIC009,POM023,SBB001,SBB012,SMA025,SOD016,SST038,STE019
ACFU001,ACMO003,EES008,EMM022,EPP024,EWW013,EWW028,LAL029,LDG008,OSH001,PFF015,PIC004,POM023,SBB012,SMA025,SNB008,SST038,STE019
ACAZ003,ACFU001,ACMO003,EES008,EMM022,EWW013,EWW028,LAL029,OMW013,OSH001,PFF015,PIC004,POM023,SBB012,SMA025,SOD016,SST038,STE019
ACFU001,EAM002,EWW028,LAL018,LRE001,LTT023,LVE007,OSH001,PAN001,PAN021,PFF010,PFF012,SBB012,SFO031,SMA025,SOD016,SST038,STE019
ACFU001,ACMO003,ACOO016,EES008,EWW028,LDG008,LMC022,LUN035,OSH001,PAN001,PAN021,PCA007,SBB012,SMA025,SMW015,SNV013,SST038,STE019
ACCU006,ACFU001,ACMO003,ACNO015,EES008,EWW028,LDG008,OSH001,PIC004,PIC009,POM023,SBB001,SBB012,SDD019,SMA025,SOD016,SST038,STE019
ACMO003,EES008,EWW028,LDG008,LPL002,OSH001,PFF015,PIC004,PIC009,POM023,SBB012,SHN002,SMA025,SOD016,SPI006,SST035,SST038,STE019
ACFU001,ACMO003,EES008,EMM022,EWW028,LDG008,LPL002,OSH001,PFF015,PIC004,PIC009,SBB012,SGD012,SMA025,SOD016,SST038,STE011,STE019
ACFU001,ACOO016,EAM002,EDO015,EES008,ETT004,EWW028,LAM028,LVE007,OSH001,PAN001,PAN021,PFF012,SMA025,SOD016,SOD029,SST038,STE019
ACCU006,ACFU001,ACMO003,ACNO015,EES008,LDG008,OCP004,OMW016,OSH001,PIC004,PIC009,POM023,SBB012,SDD019,SMA025,SOD016,SST038,STE019
ACCU006,ACFU001,ACMO003,EES008,EMM022,ESY008,EWW013,EWW028,LDG008,ORR020,OSH001,PFF015,POM023,SBB012,SGD011,SMA025,SOD016,SST038
ACFU001,ACMO003,EES008,EWW028,LBU028,LDG009,LMC014,OCP002,OSH001,PAN016,PAN021,PIC009,PLB004,SBB012,SMA025,SOD016,STE019,SWA020
ACFU001,EDO004,EES008,EWW028,LDG008,LMA041,LTT026,OSH001,PFF015,PIC004,POM023,SAA006,SBB001,SBB012,SMA025,SOD016,SST038,STE019
ACFU001,ACMO003,EES008,EMM022,EWW013,EWW028,LDG008,OSH001,PFF015,POM023,SBB012,SMA013,SMA017,SMA025,SMO020,SOD016,SST038,STE019
ACCU006,ACFU001,ACMO003,ELT002,EMM022,EWW013,EWW028,ODE008,OSH001,PFF015,PIC004,POM009,POM023,SBB012,SMA025,SOD016,SST038,STE019
ACCU006,ACFU001,ACMO003,ACNO015,EES008,EWW028,LDG008,OSH001,PCA009,PIC009,POM023,SBB012,SDD019,SMA025,SOD016,SPI026,SST038,STE019
ACFU001,ACMO003,EES008,EWW028,LMA036,LRE001,MYSE001,OSH001,PAN001,PAN021,PFF012,SBB012,SMA025,SME024,SOD016,SSC003,SST038,STE019
ACCU006,ACFU001,ACMO003,EES008,EMM022,EWW013,EWW028,LBI012,LBI016,LDG008,OMA004,OSH001,PIC004,SBB012,SMA025,SOD016,SST038,STE019
ACFU001,ACMU010,EES008,EJF016,EWW013,EWW028,LTT026,OSH001,PFF015,PIC009,PMO022,POM004,POM023,SBB012,SMA025,SOD016,SST038,STE019
ACCU006,ACFU001,EES008,EMM022,EWW013,LDG008,OSH001,PFF015,PIC004,POM009,POM023,SBB012,SMA025,SNB013,SOD016,SST038,STE019,SWA003
ACCU006,ACFU001,EES008,EWW028,LDG008,LUN005,OFI030,OSH001,PIC004,PIC009,POM023,SBB012,SDD016,SDD019,SMA025,SOD016,SST038,STE019
ACCU006,ACFU001,EEE015,EES008,EMM022,EWW013,LDG008,OSH001,PFF015,PIC004,POM009,POM023,SBB012,SMA025,SNB013,SOD016,SST038,STE019
ACCU006,ACFU001,ACMO003,ACNO015,EES008,EMM022,EWW028,LDG008,MYSP002,OSH001,PCA009,PIC009,POM023,SBB012,SDD019,SMA025,SOD016,STE019
ACFE036,ACFU001,ACMU010,EES008,EJF016,EWW013,EWW028,LDG008,OSH001,PFF015,PIC009,POM004,POM023,SBB012,SMA025,SOD016,SST038,STE019
ACFE012,ACFU001,ACMO003,ACOO016,EES008,EWW028,LRE001,LVE007,OCE005,OSH001,PAN021,PFF012,SBB012,SCO004,SMA025,SOD016,SST038,STE019
ACCU006,ACMO003,ACNO015,ACOO011,EES008,EMM022,EWW028,LDG008,OSH001,PCA009,PIC009,POM023,SBB012,SDD019,SMA025,SOD016,SST038,STE019
ACFU001,ACOO016,EES008,EWW028,FSE007,HEV004,LMC014,OCP002,OFI040,OSH001,OWA003,PAN021,PIC009,SBB012,SMA025,SOD016,STE015,STE019
ACFF004,ACFU001,ACMO003,ACOO016,EES008,EWW028,LRE001,LTT023,LVE007,OMA006,OSH001,PAN021,PFF012,SBB012,SMA025,SOD016,SST038,STE019
ACCU006,ACFU001,EES008,EMM022,EWW013,EWW028,LDG008,OMA019,OSH001,PFF015,PIC004,POM009,POM023,SBB012,SMA025,SNB013,SOD016,SST038
ACCU006,ACFU001,ACMO003,ACNO026,EMM022,EPP010,EWW013,EWW028,LDG008,PHE029,PIC004,PIC009,SAS011,SBB012,SMA025,SOD016,SST038,STE019
ACCU006,ACFU001,EES008,EMM022,EWW013,EWW028,LDG008,OSH001,PFF015,PIC004,POM009,POM023,SBB012,SMA025,SNB013,SOD016,SST038,SWA002
ACFU001,EES008,EMM022,EWW028,LDG008,LPL002,OFI039,OSH001,PFF015,PIC004,PIC009,POM023,SBB012,SDD031,SMA025,SST035,SST038,STE019
ACFU001,ECF012,EES008,EWW028,LDG008,LMA041,LTT026,OSH001,PFF015,PHE007,PIC004,POM023,SAA006,SBB001,SMA025,SOD016,SST038,STE019
ACFU001,ACMO003,EES008,EMM022,LDG008,LPL002,OSH001,PFF015,PHU004,PIC004,PIC009,SBB012,SGD012,SMA025,SOD016,SST035,SST038,STE019
ACCU006,EES008,EMM022,EWW028,LBU001,LDG008,OSH001,PFF015,PIC004,PIC009,POM023,SBB001,SBB012,SDD019,SMA025,SOD016,SPI007,STE019
ACCU006,ACFU001,ACMO003,ACPP012,ACSP024,EES008,EES022,EWW013,EWW028,LDG008,OSH001,PFF015,PIC004,SBB012,SMA025,SOD016,SST038,STE019
ACFU001,ACMO003,ACTO001,EES008,EMM022,EPP024,EWW013,EWW028,LAL029,LDG008,OSH001,PFF015,PIC004,SBB012,SMA025,SOD016,SST038,STE019
ACAZ003,ACFU001,ACMO003,EES008,EMM022,EWW013,EWW028,LBU022,LDG008,OSH001,PFF015,PIC004,POM023,SBB012,SMA025,SOD016,SST038,STE019
ACCU006,ACFU001,EES008,EMM022,EWW028,LDG008,OSH001,PFF015,PIC004,POM009,POM023,SBB012,SMA025,SNB013,SOD016,SST007,SST038,STE019
ACFU001,ACOO016,EAM002,EDO013,EES008,EWW028,LRE001,LTT023,OCE017,OSH001,PAN001,PAN019,PAN021,PFF012,SBB012,SOD016,SST038,STE019
ACFU001,EMM022,EWW013,EWW028,LAM020,LDG008,LMA032,LMA059,OBI001,OSH001,PFF015,PIC009,POM023,SBB012,SMA025,SOD016,SST038,STE019
ACCU006,ACFU001,ACMO003,EES008,EMM022,EPP005,EWW013,EWW017,EWW028,LBI016,OSH001,PIC004,POM009,SBB012,SMA025,SOD016,SST038,STE019
ACFU001,ACMO003,ACOO016,EES008,EMM005,EWW028,HEV008,MYSE003,OSH001,PAN021,PFF012,PFF018,PIC004,SBB012,SMA025,SOD016,SPI004,SST038
ACCU006,ACEV018,ACMO003,EES008,EMM022,EWW013,EWW028,LDG008,OBI017,OSH001,PFF015,PIC004,POM009,POM023,SBB012,SMA025,SOD016,SST038
ACCU006,ACFU001,ACPP012,ACSP024,EES008,EWW013,EWW028,LDG008,OSH001,PFF015,PIC004,POM023,SBB012,SMA025,SNB002,SOD016,SST038,STE019
ACFU001,ACMO003,ACPP036,EES008,EMM022,EWW028,LPL002,OFI036,OSH001,PFF015,PIC004,PIC009,POM023,SBB012,SMA025,SOD016,SST035,SST038
ACFU001,ACMO003,EES008,EMM022,EWW013,EWW028,LDG008,OSH001,PFF015,PIC004,POM023,SBB012,SMA025,SMO020,SMT001,SOD016,SST038,STE019
ACFU001,ACMO003,EAM002,EES008,LBI001,LTT023,LVE007,OSH001,PAN001,PAN021,PAN023,PFF012,SBB012,SMA025,SOD016,SST038,STE019,STR026
ACFU001,ACGM050,ACMU010,EDO011,EES008,EWW013,EWW028,LDG008,LTT026,OSH001,PFF015,PIC009,SBB012,SIW012,SMA025,SOD016,SST038,STE019
ACCU006,ACFU001,ACMO003,EMM022,EWW013,LDG008,LRE025,OSH001,PFF003,PHE019,PHE029,PIC004,PIC009,SBB012,SMA025,SOD016,SST038,STE019
ACCU006,ACFU001,ACMO003,ACOO018,EES008,EMM022,LDG008,OSH001,PFF015,PIC004,PMO028,POM009,POM023,SBB012,SMA025,SOD016,SST038,STE019
ACFU001,ACOO016,EAM002,EDO013,EES008,EWW028,LRE001,LTT023,OCE017,OSH001,OWA025,PAN001,PAN021,PFF012,SBB012,SMA025,SOD016,SST038
ACCU006,ACFU001,ACMO003,EWW013,EWW028,LDG008,LMA053,OSH001,PFF015,PIC004,POM009,POM023,SBB012,SMA025,SOD016,SST010,SST038,STE019
ACCU006,ACFU001,EES008,EMM022,EWW028,FSC004,LBU001,LDG008,PFF015,PIC004,PIC009,POM023,SBB012,SDD019,SMA025,SOD016,SPI007,STE019
ACCU006,ACFU001,ACMO003,EES003,EMM022,EWW013,EWW028,LDG008,OSH001,PHE019,PHE029,PIC004,PIC009,SBB012,SMA025,SOD016,SST038,STE019
ACCU006,ACFU001,ACMO003,EMM022,EWW028,LDG008,LUN013,OSH001,PFF003,PHE019,PHE029,PIC004,PIC009,SBB012,SMA025,SOD016,SST038,STE019
ACCU006,ACFU001,EES008,EMM022,EWW028,FLL002,LDG008,OFI030,OSH001,PIC004,PIC009,POM023,SBB012,SDD016,SMA025,SOD016,SST038,STE019
ACCU006,ACFU001,ACNO032,EES008,EWW013,EWW028,OSH001,PFF015,PIC004,PIC009,POM023,SBB012,SFO018,SMA025,SOD016,SST029,SST038,STE019
ACFF004,ACFU001,ACMO003,ACOO016,EES008,EWW028,LRE001,LTT023,OSH001,PAN011,PAN021,PFF012,SBB012,SCO008,SMA025,SOD016,SST038,STE019
ACCU006,ACFU001,ACMO003,ACNO015,EES008,EMM022,EWW028,LDG008,OFI017,PCA009,PIC009,POM023,SBB012,SDD019,SMA025,SOD016,SST038,STE019
ACCU023,ACFU001,ACOO016,EAM002,EES008,EWW028,LAM028,LMA048,LTT023,LVE007,OSH001,PFF012,SBB012,SMA025,SNV042,SOD016,SST038,STE019
ACAZ003,ACAZ004,ACFU001,ACMO003,EES008,EWW013,EWW028,LAL029,LDG008,OSH001,PFF015,PIC004,POM023,SBB012,SMA025,SOD016,SST038,STE019
ACFU001,ACGD003,ACGM053,ACMO003,EES008,EJP012,EMM032,EWW013,EWW028,LDG008,ORE005,OSH001,PFF015,PIC009,SBB012,SMA025,SOD016,STE019
ACFU001,ACMO003,EES008,EJP012,EMM022,EWW013,EWW028,LBI012,LDG008,ORE005,OSH001,PIC009,SBB012,SDD002,SMA025,SOD016,SST038,STE019
ACCU006,ACFU001,ACMO003,EES008,EMM022,EWW028,LDG008,OCP010,OFI030,OSH001,PIC004,POM023,SBB012,SMA025,SOD016,SPI018,SST038,STE019
ACFU001,ACHA006,ACMO003,EES008,EJF009,EWW028,ORE005,OSH001,PAN017,PFF015,PIC004,PIC009,POM023,SBB012,SMA025,SOD016,STE019,STE020
ACFU001,ACMO003,EES008,EWW028,FSE007,HEV004,LMC014,OCP002,OFI040,OSH001,OWA003,PAN016,SBB012,SFO027,SMA025,SOD016,STE019,STR012
ACCU006,ACMO003,ACPP012,EDO008,EES008,EMM022,EWW013,EWW028,LDG008,OSH001,PFF015,PHU003,POM023,SBB012,SMA025,SOD016,SST038,STE019
ACCU006,ACMO003,ACPP012,EDO008,EES008,EMM022,EWW013,EWW028,LDG008,LMC015,OSH001,PFF015,POM023,SBB012,SMA025,SOD016,SST038,STE019
ACFU001,ACMO003,ACNO026,EES008,EJP001,LBU028,LDG008,LMC014,OCP002,OCP025,OSH001,PAN016,PAN021,PIC009,PLB004,SBB012,SOD016,STE019
ACCU006,ACFU001,ACMO003,EMM022,EWW028,OFI030,OSH001,PIC004,PIC009,POM023,SAS003,SBB012,SDD019,SMA025,SOD016,SST009,SST038,STE019
ACFU001,ACMO003,EES008,EJP001,EWW028,LBU020,LBU028,LMC014,OCP002,OSH001,PAN016,PAN021,PAN022,PIC009,PLB004,SBB012,SMA025,SOD016
ACCU006,ACMO003,EES008,EMM022,LBU001,LDG008,OSH001,PEV003,PFF015,PIC004,PIC009,POM023,SBB012,SDD019,SMA025,SOD016,SST038,STE019
ACFU001,ACMO003,ACNO026,EES008,EJP001,LBU028,LDG008,LMC014,OCP002,OSH001,PAN016,PAN021,PIC009,PLB004,PMO025,SBB012,SMA025,STE019
ACCU006,ACFU001,ACMO003,ECF013,EES008,EMM022,EWW028,OFI030,OSH001,PIC004,PIC009,POM023,SBB012,SDD019,SMA025,SOD016,SST009,SST038
ACFU001,ACOO011,ACWS016,EES008,EWW013,EWW028,LDG008,OSH001,PFF015,PIC004,PIC009,POM023,SBB012,SMA025,SOD016,SST029,SST038,STR004
ACCU006,ACFU001,ACHA017,ACMO003,EMM022,EWW013,EWW028,LDG008,PFF003,PHE019,PHE029,PIC004,PIC009,SBB012,SMA025,SOD016,SST038,STE019
ACCU006,ACFU001,ACMO003,EMM022,EWW013,EWW028,LDG008,PFF003,PHE019,PHE029,PIC004,PIC009,PMO026,SBB012,SMA025,SOD016,SST038,STE019
ACFU001,ACGM034,ACOO016,ACPH008,EES008,EMM005,EWW028,ORE014,OSH001,PAN021,PCA007,PFF012,PIC004,SBB012,SMA025,SOD016,SST038,STE019
ACFU001,ACMO003,ACOO017,EES008,LDG008,LPL002,OSH001,PFF015,PIC004,PIC009,POM023,SBB012,SMA025,SOD016,SPI006,SST035,SST038,STE019
ACFU001,ACMO003,ACOO016,EES008,EWW028,LMC022,LUN035,OSH001,PAN001,PAN021,PCA007,SBB012,SMA025,SMW015,SNB018,SOD016,SST038,STE019
ACFU001,ACMO003,EES008,EMM022,EWW028,LBI006,LDG008,LPL002,OSH001,PFF015,PIC009,SBB012,SGD012,SMA025,SOD016,SST035,SST038,STE019
ACFU001,ACMO003,ACWS009,EES008,EMM022,ESS001,EWW028,OSH001,PFF015,PIC004,PIC009,POM023,SAA016,SBB012,SDD019,SMA025,SOD016,STE019
ACFU001,ACMO003,ACOO016,ACSP014,EES008,EMM005,EWW028,LBB007,LDG008,LUN013,OSH001,PFF012,PIC004,SBB012,SMA025,SOD016,SSC006,STE019
ACMO003,ACOO016,EAM002,EES008,ERO027,EWW028,LAM028,LTT023,OSH001,PAN001,PFF012,SBB012,SCO019,SDD005,SMA025,SOD016,SST038,STE019
ACCU006,ACFU001,ACMO003,ACNO015,ACPP012,EES008,EMM022,EWW028,LDG008,OSH001,PIC004,POM023,SAA017,SBB012,SDD019,SMA025,SST038,STE019
ACCU006,ACFU001,EMM022,EWW013,EWW028,LDG008,LMA059,OSH001,PFF015,PIC004,PIC009,POM023,SBB012,SCO007,SNB009,SOD016,SST038,STE019
ACCU006,ACFU001,ACMO003,EES008,EMM022,EWW028,OSH001,PFF015,PIC004,PMO028,POM009,POM023,SBB012,SMA025,SNV035,SOD016,SST038,STE019
ACFU001,ACMO003,EES008,EMM022,EWW028,LDG008,LDG015,LPL002,PFF015,PIC004,PIC009,SBB012,SGD012,SMA025,SOD016,SST035,SST038,STE019
ACCU006,ACFU001,ACMO003,EES008,EMM022,EWW013,EWW028,LDG008,OSH001,PFF015,PIC004,POM023,SBB012,SDD026,SMA025,SOD016,SST012,STE019
ACCU006,ACFU001,ACMO003,EES008,EMM022,EWW028,OFI030,OSH001,PIC009,POM023,SAA024,SBB012,SDD019,SMA025,SOD016,SST009,SST038,STE019
ACCU006,ACFU001,ACMO003,EES008,EMM022,EWW028,LDG008,LUN013,PFF015,PIC004,PMO028,POM009,POM023,SBB012,SMA025,SOD016,SST038,STE019
ACCU037,ACFU001,ACMO003,EES008,EMM022,EWW028,LPL002,LUN040,PFF015,PIC004,PIC009,POM023,SBB012,SMA025,SOD016,SST035,SST038,STE019
ACCU006,ACFU001,ACMO003,EMM022,EWW013,EWW028,LDG008,OSH001,PFF003,PHE019,PHE029,PIC004,PIC009,SBB012,SIW009,SOD016,SST038,STE019
ACCU006,ACFU001,ACMO003,ACNO015,EES008,EMM022,EWW028,LDG008,OSH001,PCA009,PIC009,POM023,SBB012,SCD001,SDD019,SMA025,SST038,STE019
ACFU001,ACMO003,EES008,FSE007,HEV004,LMC014,OCP002,OFI040,OSH001,OWA003,PAN021,PIC009,SBB012,SMA025,SMW012,SNV039,SOD016,STE019
ACFU001,ACMO003,EES008,EMM022,EWW028,LDG008,LPL002,LPR020,PFF015,PIC004,PIC009,SBB012,SGD012,SMA025,SOD016,SST035,SST038,STE019
ACCU006,ACEV018,ACFU001,ACMO003,EES008,EMM022,EWW013,EWW028,LDG008,OSH001,PFF015,POM009,POM013,POM023,SBB012,SMA025,SOD016,SST038
ACFU001,ACMO003,ACRH005,EAM002,EES008,EJP020,EWW028,LVE007,OSH001,PAN001,PAN021,PFF012,SBB012,SMA025,SME024,SOD016,SSC003,STE019
ACCU006,ACFU001,ACMO003,EES008,EMM022,EWW028,LDG008,OCP010,OFI030,OSH001,PIC004,POM023,SDD019,SMA025,SMT007,SOD016,SST038,STE019
ACFE011,ACFU001,ACMO003,ACOO016,EWW028,LDG008,OBI004,ODE001,OSH001,PAN001,PAN021,PCA007,SBB001,SBB012,SMA025,SOD016,SST020,STE019
ACCU006,ACFU001,ACMO003,EES008,EMM022,EWW028,LAM020,OCP010,OFI030,OSH001,PIC004,POM023,SBB012,SDD019,SMA025,SOD016,SST038,STE019
ACFU001,ACMO003,EMM022,EWW028,LBI042,LDG007,LRE001,OSH001,PFF015,PIC004,PIC009,POM023,SBB012,SDD019,SMA025,SOD016,SST038,STE019
ACFU001,ACMO003,EES008,EJP025,EMM005,EWW028,OSH001,PAN021,PCA007,PIC004,SBB012,SIB001,SMA025,SNB006,SNV005,SOD016,SST038,STE019
ACFE011,ACFU001,ACGM046,ACMO003,ACOO016,EES008,EWW028,LDG008,ODE001,OSH001,PAN021,PCA007,PHE008,SBB001,SBB012,SMA025,SOD016,STE019
ACFU001,ACMO003,EES008,EMM022,EWW028,LCC017,LDG008,LPL002,OSH001,PFF015,PIC004,PIC009,SBB012,SGD012,SMA025,SST035,SST038,STE019
ACFU001,ACMO003,EES008,EWW028,LDG008,LPL002,OSH001,PFF015,PIC004,PIC009,POM023,SBB012,SBB022,SMA025,SPI006,SST035,SST038,STE019
ACFU001,ACMO003,EES008,EJP025,EMM005,EWW028,LPR010,OSH001,PAN021,PCA007,PFF012,PIC004,SBB012,SIB001,SMA025,SNB006,SOD016,STE019
ACFU001,ACMO003,EAM002,EWW028,LBI001,LTT023,LVE007,OSH001,PAN001,PAN021,PFF012,SBB012,SMA025,SOD016,SST033,SST038,STE019,STR026
ACFU001,ACMO003,EES008,EMM022,EWW013,EWW028,LDG008,LTT016,OSH001,PFF015,PIC004,POM023,SBB012,SMA013,SMA025,SOD016,SST038,STE019
ACCU006,ACFU001,ACMO003,EEE003,EES008,EWW028,LDG008,OSH001,OWA006,PFF015,PIC004,POM023,SBB012,SMA025,SOD016,SSC003,SST038,STE019
ACCU006,ACFU001,ACMO003,EMM022,EWW013,EWW028,LDG008,OSH001,PFF003,PHE019,PHE029,PIC004,PIC009,SBB012,SGD009,SOD016,SST038,STE019
ACCU006,ACFU001,ACGM015,ACMO003,ACNO015,EEG027,EMM022,EWW028,LDG008,OSH001,PIC009,POM023,SBB012,SDD019,SMA025,SOD016,SST038,STE019
ACFU001,ACMO003,ACOO016,EEG014,EES008,EMM005,EWW028,HEV008,MYSE003,OEV003,OSH001,PAN021,PAN022,PFF012,SBB012,SMA025,SOD016,STE019
ACCU006,ACFU001,ACMO001,EES008,EMM022,EWW013,EWW028,LDG008,OSH001,PFF015,PIC004,POM009,SBB012,SMA025,SNB013,SOD016,SST038,STE019
ACCU006,ACFU001,ACMO003,EEG001,EES008,EJP005,EMM022,EWW013,EWW028,LAL029,LDG008,OSH001,PIC004,POM023,SBB012,SOD016,SST038,STE019
ACFU001,ACMO003,ACOO016,EES008,EWW028,LCA002,LRE001,LTT023,LVE007,OCE016,PAN011,PAN021,PFF012,SBB012,SMA025,SOD016,SST038,STE019
ACMO003,ACNO010,EES008,EMM022,EWW013,EWW028,LDG008,OSH001,PFF015,PIC004,POM023,SBB012,SMA013,SMA025,SMO020,SOD016,SST038,STE019
ACFU001,ACMO003,ACNO001,ACOO016,EES008,EMM005,HEV008,MYSE003,OEV003,OSH001,PAN021,PAN022,PFF012,SBB012,SMA025,SOD016,SST038,STE019
ACCU006,ACFU001,ACMO003,EEE003,EES008,EWW013,EWW028,LDG008,OSH001,PFF015,PIC004,SBB012,SMA024,SMA025,SOD016,SSC003,SST038,STE019
ACAZ003,ACFU001,ACMO003,EES008,EMM022,EWW013,EWW028,LAL029,LDG008,OSH001,OWA020,PFF015,PIC004,SBB012,SMA025,SOD016,SST038,STE019
ACFU001,ACMO003,EES008,EJP012,EMM022,EWW013,EWW028,LDG008,ORE005,OSH001,PFF015,PIC009,SDD002,SMA025,SOD016,SST038,STE019,SWA017
ACFU001,ACMO003,ACOO016,EES008,LDG008,LMC022,LUN035,OSH001,PAN001,PAN021,PCA007,PFF016,SBB012,SMA025,SMW015,SOD016,SST038,STE019
ACFE011,ACFU001,ACHA016,ACMO003,ACOO016,EES008,EWW028,OBI004,ODE001,OSH001,PAN001,PAN021,PCA007,SBB001,SBB012,SMA025,SOD016,STE019
ACFU001,ACOO016,EES008,EWW028,FSE007,HEV004,LMC014,OCP002,OCP025,OFI040,OSH001,OWA003,PAN021,PIC009,SBB012,SMA025,SOD016,STE019
ACCU006,ACFU001,ACMO003,EES008,EMM022,EPP005,EWW013,EWW028,LBI016,LDG008,OSH001,PIC004,POM009,SDD004,SMA025,SOD016,SST038,STE019
ACFU001,ACMO003,EAM002,EES008,ERO027,EWW028,LAM028,LTT023,OSH001,PAN001,PFF012,SBB012,SCO019,SMA025,SOD016,SOD022,SST038,STE019
ACCU006,ACFU001,ACMO003,ACNO015,EES008,EWW028,LDG008,OMW016,OSH001,PIC004,PIC009,POM023,SBB012,SDD019,SMA025,SOD016,SSS020,STE019
ACFE011,ACFU001,ACMO003,ACOO016,EES008,EWW028,LDG008,OBI004,ODE001,OMA014,PAN001,PAN021,PCA007,SBB001,SBB012,SMA025,SOD016,STE019
ACFU001,ACOO016,EAM002,EDO013,EES008,EWW028,LRE001,LTT023,OCE017,OSH001,PAN001,PAN021,PFF012,SBB012,SMA025,SOD016,SSS025,SST038
ACFU001,ACMO003,ACOO016,EES008,EMM005,EWW028,HEV008,LPL013,MYSE003,OEV003,OSH001,PAN022,PFF012,SBB012,SMA025,SOD016,SST038,STE019
ACCU006,ACFU001,ACMO003,ACPP012,EES008,EMM022,EWW013,EWW028,LDG008,OSH001,PFF015,PHE006,POM023,SBB012,SMA025,SOD016,SST038,STE019
ACFU001,ACMO003,ACNO026,EES008,EJP001,FSE004,LBU028,LDG008,LMC014,OCP002,OSH001,PAN016,PAN021,PIC009,SBB012,SMA025,SOD016,STE019
ACCU006,ACFU001,ACMO003,EES008,EMM022,EWW013,EWW028,LAL029,LDG008,OSH001,PFF015,PIC004,SBB012,SMA025,SME021,SNB013,SOD016,STE019
ACCU006,ACFU001,ACMO003,EES008,EMM022,EWW028,OFI010,OFI030,OSH001,PIC004,POM023,SBB012,SDD019,SMA025,SOD016,SST009,SST038,STE019
ACCU006,ACFU001,ACMO003,EMM022,EWW013,EWW028,LCC010,LDG008,OSH001,PFF003,PHE019,PHE029,PIC004,PIC009,SBB012,SOD016,SST038,STE019
ACFU001,ACMO003,ACOO016,EAM002,EES008,ERO027,EWW028,LAM028,LBU027,LTT023,OSH001,PAN021,PFF012,SBB012,SMA016,SMA025,SST038,STE019
ACCU006,ACFU001,ACMO003,ACNO015,EES008,LBU029,LDG008,OMW016,OSH001,PIC004,PIC009,POM023,SBB012,SDD019,SMA025,SOD016,SST038,STE019
ACRR002,EDO011,EES008,EWW013,EWW028,LDG008,LTT026,OSH001,PFF015,PIC009,POM004,POM023,SBB012,SFN012,SMA025,SOD016,SST038,STE019
ACCU006,ACFU001,ACMO003,EES008,EMM022,EWW013,EWW028,LAL029,OSH001,PFF015,PIC004,POM023,SBB001,SBB012,SMA025,SSC008,SST038,STE019
ACAZ003,ACEM019,ACFU001,ACMO003,EES008,EMM022,EWW013,EWW028,LAL029,LDG008,OSH001,PFF015,PIC004,POM023,SBB012,SMA025,SOD016,SST038
ACFU001,ACGM023,ACMO003,EAM002,EES008,EWW028,LBI001,LTT023,LVE007,OSH001,PAN001,PAN021,PFF012,SBB012,SOD016,SST038,STE019,STR026
ACCU006,ACFU001,ACMO003,EES008,EMM022,EWW013,EWW028,LBI016,LDG008,OCP008,OMA004,OSH001,PFF015,PIC004,SBB012,SMA025,SOD016,SST038
ACFU001,ACMO003,EES008,EJP012,EMM022,EWW013,EWW028,LDG008,OSH001,PFF015,PIC009,PIC018,POM023,SBB012,SMA025,SST038,STE019,SZO011
ACCU006,ACFU001,ACMO003,EMM022,EWW013,EWW028,LBI012,LDG008,LRE013,OSH001,OSH012,PFF003,PIC004,PIC009,SBB012,SMA025,SOD016,STE019
ACFU001,ACMO003,EES008,EMM022,EWW028,LDG008,LPL002,LUN040,PFF015,PIC004,PIC009,POM023,SBB012,SMA025,SOD016,SST035,SST038,STE007
ACFU001,ACMO003,ACMO005,EES008,EHH008,EWW028,FSE007,HEV004,OCP002,OFI040,OSH001,OWA003,PAN021,PIC009,SBB012,SMA025,SOD016,STE019
ACCU006,ACFU001,ACMO003,ECF007,EES008,EMM022,EWW013,EWW028,LAL029,LDG008,OSH001,PIC004,POM023,SBB012,SMA025,SOD016,SST038,STE019
ACCU006,ACFU001,ACMO003,EES008,EMM022,EWW013,EWW028,LDG008,OSH001,PFF015,POM009,SBB012,SGD011,SMA025,SOD016,SST025,SST038,STE019
ACFU001,EES008,EMM022,EWW028,LDG008,LPL002,LUN040,ODE007,PFF015,PIC004,PIC009,POM023,SBB012,SMA025,SOD016,SST035,SST038,STE019
ACFU001,ACMO003,ACOO016,EES008,EWW028,LDG008,LMC022,ODE001,OSH001,PAN021,PCA007,PHE008,SAS009,SBB001,SBB012,SMA025,SOD016,STE019
ACCU006,ACFU001,ACMO003,EES008,EMM022,EWW013,EWW028,LAL029,LDG008,OSH001,PIC004,PMO006,POM023,SBB001,SBB012,SMA025,SST038,STE019
ACFU001,ACMO003,EES008,EMM022,ESS001,EWW028,LBI040,LDG008,OSH001,PFF015,PIC004,PIC009,POM023,SAA016,SBB012,SDD019,SMA025,STE019
ACCU006,ACFU001,ACMO003,EES008,EMM022,EWW028,LBU001,LPL010,ORF002,OSH001,PFF015,PIC004,PIC009,POM023,SBB012,SDD019,SMA025,SOD016
ACCU006,ACFU001,ACMO003,EMM022,EWW013,EWW028,LDG008,LRE013,OSH001,OSH012,PFF003,PIC004,PIC009,SBB012,SMA025,SOD016,SOD025,SST038
ACFU001,ACMU010,ACSP028,EDO011,EES008,EWW013,EWW028,LDG008,LTT026,OSH001,PFF015,PIC009,POM023,SBB012,SIW012,SOD016,SST038,STE019
ACCU006,ACFU001,ACMO003,EES008,EMM022,EWW013,EWW028,LDG008,ORF005,OSH001,PFF015,POM009,SBB012,SGD011,SMA025,SOD016,SRR014,SST038
ACFU001,ACOO016,EAM002,EES008,ERO027,EWW028,LAM014,LAM028,LTT023,OSH001,PAN001,PFF012,SBB012,SCO019,SMA025,SOD016,SST038,STE019
ACFE011,ACFU001,ACMO003,ACNO036,ACOO016,EES008,EWW028,LDG008,OBI004,ODE001,OSH001,PAN021,PCA007,SBB001,SBB012,SMA025,SOD016,STE019
ACFU001,ACMO003,EES008,EHC005,EMM022,EWW028,LDG008,LPL002,OSH001,PFF015,PIC004,PIC009,SBB012,SGD012,SMA025,SOD016,SST035,SST038
ACFU001,EEG026,EES008,EWW013,EWW028,LDG008,ORR013,PFF015,PIC004,PIC009,POM023,SBB012,SCO007,SGM016,SMA025,SOD016,SST038,STE019
ACFU001,ACMO003,EAM002,EES008,EWW028,LTT016,LVE007,OSH001,PAN001,PAN021,PFF012,SBB012,SMA025,SME024,SOD016,SSC003,SST038,STE019
ACFU001,ACMO003,EES008,EMM022,EWW028,LDG008,OCE008,OSH001,PFF015,PIC004,POM023,SBB012,SMA013,SMA025,SMO020,SOD016,SST038,STE019
ACFU001,ACMO003,ACOO017,EES008,EWW028,LDG008,LPL002,OSH001,PFF015,PIC004,PIC009,POM023,SBB012,SMA025,SOD016,SPI006,SST035,SST038
ACCU006,ACFU001,ACMO003,ACNO015,EES008,EMM022,EWW028,LDG008,OSH001,PCA009,PIC009,POM023,SBB012,SDD019,SGM033,SMA025,SOD016,STE019
ACCU006,ACFU001,ACMO003,ELT002,EWW013,EWW028,LBU020,OSH001,OWA006,PFF015,PIC004,POM009,POM023,SBB012,SMA025,SOD016,SST038,STE019
ACMO003,ACOO016,EAM002,EES008,ERO027,EWW028,LAM028,LTT023,OSH001,PAN021,PFF012,PHE016,SBB012,SMA016,SMA025,SOD016,SST038,STE019
ACFU001,ACMO003,ACOO016,EES008,EMM005,EWW028,HEV008,MYSE003,OEV003,OSH001,PAN021,PAN022,PFF012,SBB012,SMA025,SOD016,SST038,STE019
