ACNO033,ACSP010,EES008,EMM034,EWW028,EWW035,LMA060,LPR012,LVE032,OCP017,OWA004,SBB012,SDD026,SMA025,SNV025,SOD016,STE005,STE019
ECF012,EMM034,EWW028,LAL017,LCR008,LDG008,LMA003,LPR012,LVE015,LVE032,OCE009,SBB012,SMA025,SME018,SOD016,SOD022,SRR022,STE019
EES008,EMM034,EWW028,LBU028,LDG008,OCE009,OMA013,PCA029,PFF018,PHE018,SAS009,SBB012,SDD013,SIW018,SMA025,SOD016,SST014,STE019
EAG021,EES008,EJP015,EMM019,EMM034,EWW028,FSP006,LPL022,LPR012,OCE009,SAA012,SAS025,SBB012,SMA025,SNB024,SOD016,STE019,SWA008
ACRR005,EES008,EMM034,EWW028,LBU028,LDG008,LPR012,LVE032,OCE009,OCP002,PFF018,SBB012,SCO025,SEN012,SIW018,SMA025,SST014,STE019
ACTA014,ACWS015,EMM034,EWW028,EWW035,LPR012,OCE009,OMA016,OSH001,SBB012,SDD026,SEN009,SFO014,SMA025,SPP001,STE019,SWA016,SWA027
EES008,EES010,EMM034,EOW016,EWW028,EWW035,LPR012,LVE032,OCE009,ODE013,ORE011,SBB012,SIW016,SMA025,SMW014,SNV042,SOD016,STE019
EDO020,EES008,EMM034,EWW028,LDG008,LPR012,LVE032,OCE009,ODE018,SBB012,SEN012,SFO030,SIW018,SMA025,SNB006,SOD016,SST014,STE019
ERO040,EWW019,EWW028,EWW035,LPR012,LVE032,OSH001,OWA014,OWA025,PAN010,PMO009,SBB012,SDD026,SFN014,SMA025,SOD016,SPP001,STE019
ACCU007,EMM034,EWW019,EWW028,EWW035,LPR012,LVE032,ODE024,OSH001,PCA006,PMO009,SBB012,SCO004,SDD026,SEN009,SMA025,SPP001,STE019
ACPH004,EMM034,EWW019,EWW035,LDG005,LDG018,LPL035,LPR012,LVE032,OCE009,OSH001,PMO009,SBB012,SDD026,SEN009,SMA025,SOD016,STE019
ACNO009,ACWS017,EES008,EWW028,LBU028,LDG008,LPR012,LVE032,OCE009,ODE018,SBB012,SEN012,SIW018,SMA025,SNB006,SOD016,SST014,STE019
ACFE022,EMM034,EWW028,FLL004,FSP002,LPR012,LVE032,OCE009,OCE013,OSH001,OSH006,SBB012,SDD026,SFO014,SMA025,SOD016,SPP001,STE019
EDO005,EMM034,EWW019,EWW035,LPR012,LVE032,OCE009,OSH001,PCA037,SBB012,SDD026,SEN009,SGD007,SHN001,SMA025,SOD016,SPP001,STE019
ACPP001,EES008,EMM034,EOW016,ERO001,ESY008,EWW028,EWW035,LPR012,LVE032,OCE009,ODE013,SBB012,SIW016,SMA025,SOD016,STE019,STR029
ACFE022,EES008,EMM034,EPP010,EPP011,EWW028,EWW035,LBI022,LMC031,LPR012,LTT024,LVE032,OCE009,POM010,SBB012,SMA025,SOD016,STE019
EAG021,EBT003,EES008,EJP015,EMM019,EMM034,EWW028,FSP006,LBI005,LPL022,LPR012,OCE009,SAA012,SAS025,SBB012,SMA025,SNB024,SOD016
EMM034,EWW019,EWW028,LPR012,LVE032,OCE005,OCE009,OSH001,PLB004,SDD026,SEN009,SFO014,SMA025,SNB003,SOD016,SPP001,SSC001,STE019
ACFE027,EMM034,EWW028,EWW035,LPR012,LVE032,OCE009,OSH001,OWA025,PAN010,PMO009,SBB012,SDD026,SFN014,SFO029,SOD016,SPP001,STE019
EEG016,EMM034,EWW019,EWW028,LDG018,LPL035,LPR012,LVE018,LVE032,OCE009,OSH001,PMO009,SBB012,SDD026,SEN009,SOD016,SPP001,STE019
EHH008,EMM034,EOW016,ESY008,EWW028,EWW035,LAM013,LCA010,LPR012,LVE032,OCE009,SBB012,SDD026,SEL012,SIW016,SMA025,STE019,STR029
ACEM031,ACFF002,EMM034,EWW028,LDG008,LPR012,LVE032,OCE009,ODE018,PFF002,PHU002,PMO027,SAA020,SBB012,SDD005,SNV009,SOD016,STE019
ACEV007,ACFE003,EWW028,LDG008,LMA039,LPR012,LVE032,OCE009,ODE018,ORE010,PIC002,SBB012,SIW018,SMA025,SNV009,SOD016,SST014,STE019
ACEM020,ACIM002,EES008,EPP029,EWW028,FPA002,LDG008,LPR012,LVE032,ODE018,PCA024,PCA029,SBB012,SMA025,SNV009,SOD016,SST040,STE020
EES008,EMM034,ESY008,EWW028,EWW035,LPR012,LVE032,PCA013,SAA005,SBB012,SDD026,SFO016,SIW016,SMA025,SMW014,SOD016,STE019,STR029
ACNO024,EHC007,EMM034,EWW028,EWW035,LDG008,LEV006,LMC032,LPR012,LVE032,OCE009,SBB012,SFN015,SFO007,SMA025,SMT003,SOD016,STE019
ACPH011,EMM034,EWW019,EWW028,LDG004,LDG018,LPL035,LPR012,LVE032,OCE009,OSH001,PMO009,SBB012,SDD026,SEN009,SMA025,SOD016,STE019
ACFE006,EES001,EJF012,EMM034,EWW028,EWW035,LPR012,LVE017,LVE032,OCE009,OCP026,OWA017,SBB012,SDD026,SMA025,SNB022,SOD016,STE019
ACFE027,EEG024,EMM034,EWW028,EWW035,LPR012,LVE032,OCE009,OSH001,OWA025,PAN010,PMO009,SBB012,SDD026,SFN014,SMA025,SOD016,STE019
ACFE022,ACOO015,EMM034,EWW019,EWW028,LPR012,LVE032,OCE009,OSH001,OSH006,SBB012,SFO014,SMA025,SOD016,SPP001,SRR002,STE019,SWA002
ACWS022,EMM034,EOW012,EWW028,LPR012,LVE032,OCE009,OSH001,SBB012,SDD026,SEN009,SFN021,SFO014,SIB005,SMA025,SOD016,SOD027,SWA027
EMM034,EWW019,EWW028,LPR012,LVE032,OCE009,ODE024,OSH001,PCA006,PMO009,SBB012,SCO004,SDD026,SEN009,SMA025,SPP001,SST011,STE019
ACNO009,EES008,EMM034,EWW028,LBU028,LPR012,LUN037,LVE032,OCE009,ODE018,SBB012,SEN012,SIW018,SMA025,SNB006,SOD016,SST014,STE019
EMM034,EOW012,EWW035,LBU017,LPR012,LVE032,OCE009,OSH001,SBB012,SDD026,SEN009,SFO014,SMA025,SNV038,SOD016,SPP001,STE019,SWA027
ACSP018,EWW019,EWW028,EWW035,LPR012,LVE032,MYSE001,OCP007,OSH001,PCA006,PMO009,SBB012,SDD026,SEN009,SMA025,SOD016,SPP001,STE019
EAG018,EMM034,EWW019,EWW028,EWW035,LDG018,LPR012,OSH001,PCA006,PEV004,PMO008,SBB012,SDD026,SEN009,SMA025,SOD016,SPP001,STE019
ACCU016,EBT003,EDO016,EES008,EMM034,EWW028,LAM009,LBI046,LMA050,LPL022,LVE013,OCE009,SAA012,SBB012,SEL003,SMA025,SOD016,STE019
EMM034,EOW012,EWW028,LPR012,LPR018,LUN024,LVE032,OSH001,SBB012,SDD026,SEN009,SFO014,SMA025,SME016,SOD016,SOD027,SPP001,STE019
EES008,EMM034,EOW016,ESY008,EWW028,EWW035,LMA041,LPR012,LVE032,OCE009,SBB012,SCO022,SIW016,SMW014,SNV042,SOD016,STE019,STR029
ACAZ009,EES008,EMM034,EOW018,ERO021,LBI007,LPR012,OCE009,OFF025,PAN007,SBB012,SCO006,SDD026,SMA025,SMW014,SOD016,STE019,STR004
ACIM002,ACOO002,EES008,EMM034,EWW028,FPA002,LCA022,LDG008,LPR012,LUN012,LVE032,OCE009,ODE018,PCA029,SBB012,SMA025,SOD016,STE020
EMM034,EWW019,EWW028,EWW035,LBU022,LPR012,LVE032,OCE009,OSH001,PAN010,PMO009,SBB012,SDD026,SFN014,SMA025,SOD016,STE019,STR007
EES008,EMM034,EPP029,EWW028,LDG008,LDG027,LMA031,LMC008,LUN033,OCE009,ODE018,PCA008,SBB012,SMA025,SNV009,SOD016,STE003,STE019
ACNO033,ACSP010,EES008,EMM034,EWW028,EWW035,LMA060,LPR012,LVE019,LVE032,ORE019,OSH018,SBB012,SIB008,SMA025,SOD016,STE005,STE019
EMM034,EOW016,ERO001,ESY008,EWW028,EWW035,LPR012,LVE032,OCE009,ODE013,SBB012,SFO012,SIW016,SMA025,SNV042,SOD016,STE019,STR029
EMM034,ETT003,EWW019,EWW028,EWW035,LPR012,LVE032,MYSE001,OCP007,OSH001,PCA006,SBB012,SDD026,SEN009,SMA025,SOD016,SPP001,STE019
ACPP020,EES008,EMM034,ERO041,EWW028,LDG008,LPR012,LVE032,OCE009,ODE018,SBB012,SIW018,SMA025,SNB006,SOD016,SSS013,SST014,STE019
ACFE022,ACOO015,EMM034,EWW019,LPR012,LRE028,LVE032,OCE009,OSH001,OSH006,SBB012,SFO014,SMA025,SNB003,SNB013,SOD016,SPP001,STE019
EMM034,EWW019,EWW028,LPR012,LVE032,OCE005,OCE009,OSH001,PMO007,SBB012,SDD026,SEN009,SFO014,SMA025,SNB003,SOD016,SPP001,STE019
ACMU003,EMM034,EOW012,EWW028,EWW035,LPR012,LPR018,OCE009,OSH001,PHU001,SBB012,SDD026,SEN009,SMA025,SOD016,SOD027,SPP001,STE019
ACFE022,ACOO015,EMM034,EWW019,EWW028,HEV001,LPR012,LVE032,OCE009,OSH001,OSH006,SBB012,SFO014,SMA025,SOD016,SPP001,STE019,SWA002
ACFE034,ACGM054,EMM034,EWW028,LCA022,LPR012,OCE009,OCP008,OCP009,OSH001,SBB012,SDD026,SEN009,SMA025,SOD016,SOD018,SPP001,STE019
EMM034,EWW019,EWW028,EWW035,LAL001,LPR012,LVE032,OCE009,OSH001,PAN010,PMO009,SBB012,SDD001,SDD026,SEN009,SMA025,SOD016,STE019
ACFE022,ACGM040,ACOO015,EMM034,EWW019,EWW028,LPR012,LPR026,LVE032,OCE009,OSH006,SBB012,SFO014,SMA025,SOD016,SPP001,STE019,SWA002
EES008,EMM034,EPP029,EWW028,LBU010,LDG008,LMC008,LVE032,ODE018,OWA011,PCA008,PHU002,SBB012,SMA025,SOD016,SRR013,STE003,STE019
EES008,EMM034,EOW016,EWW028,EWW035,LCA010,LPR012,LVE032,OCE009,SBB012,SEL002,SEL012,SIW016,SMA025,SMO024,SOD016,STE019,STR029
EMM034,EWW028,EWW035,LBB001,LDG018,LPL035,LPR012,LVE032,OCE009,OCE015,OSH001,SBB012,SDD026,SEN009,SMA025,SOD016,SPP001,STE019
EBT003,EDO016,EES008,EMM034,ERO004,EWW028,LAM009,LBI046,LMA050,LPL022,LPR012,LVE013,OCE009,SBB012,SEL003,SMA025,SOD016,STE019
EDO016,EES008,EMM034,EWW028,LAM009,LBB030,LBI046,LMA050,LPL022,LPR012,LVE013,OCE009,SAA012,SBB012,SEL003,SMA025,SOD016,STE019
ACAL032,EES008,EMM034,EOW001,EWW028,LBU028,LPR012,OCE009,OMA013,PCA029,PFF018,SBB012,SEN012,SIW018,SMA025,SST014,STE019,SWA014
EDO013,EMM034,EWW019,EWW028,LMC001,LPR012,LVE032,OCE009,ODE024,OSH001,PCA006,PMO009,SBB012,SEN009,SMA025,SOD016,SPP001,STE019
EMM034,EPP029,EWW028,LDG008,LMC008,LPR012,LVE032,OCE009,ODE018,ORE011,PCA008,SBB012,SMA025,SNV009,SOD016,SOD033,STE003,STE019
ACFE022,ACOO015,EJP023,EMM034,EWW019,EWW028,LPR012,LRE028,LVE032,OCE009,OSH001,OSH006,SBB012,SFO014,SMA025,SNB003,SOD016,SPP001
EES008,EMM034,ERO012,EWW028,LBU028,LPR012,OCE009,OFI001,PAN005,PCA029,SAS024,SBB012,SEN002,SGM015,SMA025,SNV009,SOD016,STE019
EMM034,EWW019,EWW028,EWW035,LMC013,LPR012,LVE032,OCP007,OSH001,PCA006,PMO009,SBB012,SDD026,SEL003,SEN009,SMA025,SOD016,STE019
ACFE006,EES001,EES008,EMM034,EPP004,EWW028,LMA060,LPR012,LVE032,OCE009,OWA017,SBB012,SDD026,SGM027,SMA025,SNB022,SOD016,STE019
EMM020,EMM034,EWW019,EWW028,EWW035,LPR012,LVE032,OSH001,OWA025,PMO009,SBB012,SDD026,SFN014,SMA012,SMA025,SOD016,SPP001,STE019
EMM034,EWW019,EWW028,LDG018,LPL007,LPL035,LPR012,LVE018,LVE032,OCE009,OSH001,PMO009,SBB012,SDD026,SEN009,SOD016,SPP001,STE019
ACEM022,EMM034,EWW019,EWW028,LPR012,LVE032,OCE005,OCE009,PLB004,SBB012,SDD026,SEN009,SFO014,SMA025,SNB003,SOD016,SPP001,STE019
EES008,EJP004,EMM034,EPP029,EWW028,LDG008,LDG027,LMA031,LMC008,LVE032,OCE009,ODE018,PCA008,SBB012,SMA025,SNV009,STE003,STE019
ACEM002,ACFE025,EAG018,EMM034,EWW019,EWW028,EWW035,LDG018,OCE009,OSH001,PCA006,SBB012,SDD026,SEN009,SMA025,SOD016,SPP001,STE019
ACGD013,EES008,EMM034,ESY008,EWW028,EWW035,LPR012,LVE032,OCE009,PCA013,SBB012,SDD026,SFO016,SIW016,SMA025,SMW014,STE019,STR029
EMM034,EWW028,EWW035,LPR012,LVE032,OCE009,OSH001,PAN010,PMO009,SBB012,SCO020,SDD026,SEL010,SFN014,SMA025,SOD016,STE019,STR007
EMM034,EWW019,EWW028,LPR012,LVE032,OCE005,OCE009,ORE022,OSH001,SBB012,SDD026,SEN009,SFO014,SMA025,SNB003,SOD016,SPP001,STE019
ACMU003,EMM034,EWW028,EWW035,LPR012,LPR018,LVE032,OCE009,OSH001,SAS015,SBB012,SDD026,SEN009,SMA025,SOD016,SOD027,SPP001,STE019
EMM034,EWW028,FSP005,LPR012,LVE032,OCE009,OSH001,OSH006,SBB012,SDD026,SEN009,SMA025,SNB003,SNV001,SOD016,SPP001,SSS011,STE019
EES008,EMM034,EPP029,EWW028,LAL013,LDG008,LMC008,LPR012,LVE032,OCE009,ODE018,PCA008,SBB012,SNV009,SOD016,SOD033,STE003,STE019
ACTA011,EES003,EES008,EMM022,EMM034,EWW035,LBB026,LPL010,LPR012,LVE032,OCE009,OWA017,SBB012,SMW014,SOD016,SOD017,STE019,STE020
EJP004,EMM034,EOW012,EWW028,EWW035,LPR012,LVE032,OCE009,OSH001,SBB012,SEN009,SFO014,SIB005,SMA025,SMO011,SOD016,SOD027,STE019
ACFE006,EES001,EES008,EJF012,EMM034,EWW028,LHY001,LMA060,LPR012,LVE032,OCE009,OWA017,SBB012,SDD026,SGM027,SMA025,SNB022,SOD016
ACRH006,EDO005,EMM034,EWW019,EWW035,LPR012,OCE009,OSH001,SBB012,SDD026,SEN009,SGD007,SHN001,SMA025,SNB003,SOD016,SPP001,STE019
EMM034,EWW019,EWW028,EWW035,LPR012,LVE032,OCE009,ODE007,OSH001,OWA025,PAN010,SBB012,SDD026,SMA025,SOD016,SPP001,STE019,SWA025
ACEM020,ACIM002,EES008,EMM034,EWW028,FPA002,LCA013,LDG008,LPR012,LVE032,ODE018,PCA029,SBB012,SMA025,SNV009,SOD016,SST040,STE020
EBT003,EES008,EJP015,EMM019,EMM034,EWW028,FSP006,LPL022,LPR012,LTT026,OCE009,SAA012,SAS025,SBB012,SMA025,SNB024,SOD016,STE019
ACAL031,EES008,EMM034,EOW016,EWW028,EWW035,LCA010,LPR012,LVE032,OCE009,SBB012,SDD026,SEL012,SIW016,SMA025,SOD012,SOD016,STR029
ACEM031,ACFF002,EMM034,EWW028,LDG008,LPR012,LVE032,OCE009,ODE018,PFF002,PHU002,PMO027,SBB012,SDD005,SMA025,SNV009,SOD016,SWA013
EBT003,EDO016,EES008,EMM034,EWW028,LAM009,LBI046,LMA050,LPL022,LVE005,LVE013,OCE009,SAA012,SBB012,SEL003,SMA025,SOD016,STE019
EAG021,EBT003,EES008,EJP015,EMM019,EMM034,EWW008,EWW028,FSP006,LPL022,LPR012,OCE009,SAA012,SAS025,SBB012,SMA025,SNB024,STE019
EMM034,EWW019,EWW028,EWW035,LBI012,LPR012,LVE032,OCE009,OSH001,PAN010,SBB012,SCO020,SDD026,SFN014,SFO021,SMA025,SOD016,STE019
ACAL008,ACAL030,EBT001,EES008,EES013,EMM034,ESY006,EWW028,EWW035,LPR012,LVE032,OCE009,OCP020,SBB012,SMA025,SMO018,SOD016,STE019
EDO020,EES008,EMM034,EWW028,LBU028,LPR012,LVE010,LVE032,OCE009,ODE018,SBB012,SEN012,SIW018,SMA025,SNB006,SOD016,SST014,STE019
ACEV016,EES008,ESY008,EWW028,EWW035,LPR012,LVE032,OCE009,PCA013,SBB012,SDD026,SFO016,SIW016,SMA025,SMW014,SOD016,STE019,STR029
EMM034,EWW028,LBB007,LPR012,OCE009,OMA026,OSH001,OSH006,SBB012,SDD026,SEN009,SFO006,SFO014,SMA025,SNB003,SOD016,SPP001,STE019
EES008,EMM034,EPP029,EWW028,LDG004,LDG008,LMC008,LPR012,LVE032,OCE009,ODE018,OWA011,PCA008,PHU002,SBB012,SMA025,SOD016,STE003
EES008,EMM034,EOW002,EPP029,EWW028,LAL023,LDG008,LMA031,LMC008,LPR012,LVE032,ODE018,PCA008,SBB012,SMA025,SNV009,STE003,STE019
EMM034,EWW019,EWW028,EWW035,LPR012,LVE032,OCE009,OCP007,OMA029,OSH001,PMO009,SBB012,SDD026,SEL003,SEN009,SMA025,SOD016,STE019
EMM034,EOW012,EWW035,LBU017,LPR012,LUN025,LVE032,OCE009,SBB012,SDD026,SEN009,SFO014,SMA025,SOD016,SPP001,STE019,SWA027,SZO009
EMM034,EWW019,EWW028,EWW035,LDG004,LDG018,LPL035,LPR012,LVE032,OCE009,OSH001,PMO009,SBB012,SDD026,SEN009,SIW005,SMA025,SOD016
ACNO033,ACSP010,EES008,EMM034,EWW028,EWW035,LMA060,LPR012,LVE019,LVE032,OCP014,OCP017,SBB012,SIB008,SMA025,SOD016,STE005,STE019
EES008,EES010,EMM034,EWW028,EWW035,LPR012,LUN009,LVE032,OCE009,ODE013,SBB012,SIW016,SMA025,SMW014,SNV042,SOD016,STE019,STR029
ACOO015,EMM034,EWW019,EWW028,LPR012,LPR026,LVE032,OCE009,OSH001,OSH006,SBB002,SBB012,SFO014,SMA025,SOD016,SPP001,STE019,SWA002
EDO005,EMM034,EWW019,EWW035,LPR012,LVE032,OCE009,OSH001,SBB012,SDD026,SFO014,SGD007,SMA025,SNB003,SOD027,SPP001,STE001,STE019
ACEM017,ACEV007,EES008,EWW028,LBU028,LDG008,LPR012,OCE009,ODE018,PCA029,SBB012,SDD009,SEN012,SGM025,SMA025,SMA033,SOD016,STE019
ACPY001,EDO020,EES008,EMM034,EWW028,LBU028,LDG008,LPR012,LVE032,OCE009,ODE018,SBB012,SEN012,SIW018,SNB006,SOD016,SST014,STE019
EMM034,EWW019,EWW028,EWW035,LPR012,LVE032,OSH001,PAN005,PAN010,PMO009,SBB012,SCO020,SDD026,SEN009,SFN014,SOD016,SSS029,STE019
ACMU010,EES008,EMM034,EOW021,EPP029,ERO042,LDG008,LMC008,LPR012,OCE009,ODE018,PCA008,SBB012,SMA025,SNV009,SOD016,STE003,STE019
EAG021,EAG028,EBT003,EES008,EJP015,EMM019,EMM034,EWW028,FSP006,LPL022,LPR012,OCE009,SAS025,SBB012,SMA025,SNB024,SOD016,STE019
ACIM002,ACOO002,EEG003,EES008,EMM034,EWW028,LCA022,LDG008,LPR012,LVE032,OCE009,ODE018,PCA029,SBB012,SMA025,SNV009,SOD016,STE020
ACFE006,ACPP035,EES001,EES008,EJF012,EMM034,EWW028,EWW035,LPR012,LVE032,OCP026,OWA017,SBB012,SDD026,SMA025,SNB022,SOD016,STE019
EMM034,EWW019,EWW028,EWW035,LAL001,LPR012,LVE032,OCE009,OSH001,OWA025,PAN010,PMO009,SBB012,SDD026,SFN022,SMA025,SOD016,STE019
EMM034,EWW028,LDG008,LMA014,LPR012,LVE032,OCE009,OSH001,OSH006,SBB012,SEN009,SFO014,SMA025,SMO010,SNB003,SNV001,SPP001,STE019
EDO020,EES008,EMM034,EWW028,LBU028,LDG008,LPR012,LVE032,OCE009,ODE018,SBB009,SBB012,SEN012,SIW018,SMA025,SOD016,SST014,STE019
EES008,EMM034,EWW028,HEV007,LBU028,LDG008,LDG024,LPR012,LVE032,OCE009,ODE018,SBB012,SIW018,SMA025,SNB006,SOD016,SST014,STE019
EMM034,EWW019,EWW028,EWW035,LVE032,OCE009,ORR015,OSH001,PAN010,PMO009,SBB012,SCO020,SDD026,SEN009,SMA025,SOD016,SOD029,STE019
EMM034,EWW028,FSP005,LPR012,LVE032,OCE009,OMA013,OSH001,OSH006,SBB012,SDD026,SEN009,SFO014,SMA025,SNB003,SNV001,SPP001,STE019
ACMY004,EMM034,EWW028,LDG008,LEV006,LMC032,LPR012,LVE032,OCE009,OFF012,SAA019,SBB012,SCO021,SMA025,SMT003,SOD012,SOD016,STE019
EES008,EJP011,EMM034,EOW016,EWW028,EWW035,LCA010,LVE032,OCE009,SBB012,SDD026,SEL012,SIW016,SMA025,SMO024,SOD016,STE019,STR029
EMM034,EOW012,EWW028,EWW035,LCR002,LPR012,LPR018,LVE032,OCE009,OSH001,SBB012,SEN009,SFO014,SMA025,SOD016,SOD027,SPP001,SPP005
EAG018,EWW019,EWW028,EWW035,LDG018,LPR012,OCE009,OSH001,PCA006,PFF012,PMO008,SBB012,SDD026,SEN009,SMA025,SOD016,SPP001,STE019
ACAZ009,ACNO010,EMM034,EWW028,LBI007,LPR012,LVE032,OCE009,OFF025,OWA017,SBB012,SCO006,SDD026,SMA025,SMW014,SOD016,STE019,STR004
ACFE006,EES001,EES008,EJF012,EWW028,EWW035,FSP007,LPR012,LVE032,OCE009,OCP026,OWA017,SBB012,SDD026,SMA025,SNB022,SOD016,STE019
EMM034,EOW012,EWW028,EWW035,LCR002,LPR012,LPR018,OCE009,OSH001,SAS010,SBB012,SDD026,SEN009,SFO014,SMA025,SOD016,SOD027,SPP001
EAG021,EBT003,EES008,EJP015,EMM019,EMM034,EWW028,FSP006,LMA038,LPL022,LPR012,OCE009,SAA012,SAS025,SBB012,SMA025,SNB024,STE019
ACCU030,EES008,EMM034,EWW028,LBU028,LDG008,LMA053,LPR012,OCE009,ODE018,PHU005,SBB012,SEN012,SIW018,SNB006,SOD016,SST014,STE019
ACEV007,EES008,EWW028,LBU028,LDG008,LPR012,OCE009,ODE018,PCA029,PLB005,SBB012,SDD009,SEN012,SGM025,SMA025,SMA033,SOD016,STE019
EMM034,EWW019,EWW028,EWW030,FSE003,LPR012,LUN028,LVE032,OSH001,PFF024,PMO009,SBB012,SDD026,SEN009,SGM015,SMA025,SPP001,STE019
ACEM002,EAG018,EMM034,EWW019,EWW028,EWW035,LDG018,LPR012,OCE009,OSH001,OWA008,SBB012,SDD026,SEN009,SMA025,SOD016,SPP001,STE019
ACEV010,EMM034,EWW019,EWW028,EWW035,LPR012,OCE009,OSH001,PCA006,PMO009,SBB012,SDD026,SEN009,SMA025,SOD016,SPP001,STE019,STR033
EES008,EMM034,EOW001,EWW028,LBU028,LDG008,LPR012,LRE015,OCE009,OMA013,PFF018,SAA013,SBB012,SIW018,SMA025,SOD016,SST014,STE019
ACFE022,EMM034,EWW028,FSP002,LPR012,LVE032,OCE009,OCE013,ODE004,OSH001,SBB012,SDD026,SFO014,SMA025,SNB003,SOD016,SPP001,STE019
EMM034,LEV002,LPR012,LTT021,LVE032,OCE009,ODE018,PAN001,PCA029,PFF007,SAS013,SBB012,SCV001,SMA025,SNV009,SOD016,SPL007,STE019
ACPP020,ACRH004,EES008,EMM034,ERO041,EWW028,LBU028,LDG008,LPR012,OCE009,ODE018,SBB012,SIW018,SMA025,SNB006,SOD016,SST014,STE019
EMM034,EOW012,EWW028,EWW035,LBB011,LMA028,LPR012,LVE032,OCE009,SBB012,SDD026,SFO014,SIB005,SMA025,SOD016,SOD027,STE019,SWA027
ACCU009,EMM034,EOW012,EWW028,EWW035,LPR012,LPR018,LVE032,OCE009,OSH001,SBB012,SDD026,SEN009,SFO014,SMA025,SOD016,SOD027,SPP001
EMM034,EWW028,LBI024,LPR012,LVE032,OCE009,OSH001,SBB012,SDD026,SEN009,SFO006,SFO014,SMA025,SNB003,SNV001,SOD016,SPP001,STE019
ACOO002,EES008,EMM034,EWW028,FPA002,LCA022,LDG008,LPL014,LPR012,LVE032,OCE009,ODE018,PCA029,SBB012,SMA025,SNV009,SOD016,STE020
EMM034,EOW005,LPR012,LVE032,OCE009,OFF002,OSH001,OWA020,SBB012,SDD026,SEN009,SFO014,SFO028,SGD007,SMA025,SNB003,SPP001,STE019
EMM034,EWW019,EWW028,EWW035,LPR012,LVE032,OSH001,PAN010,PMO009,SBB012,SCO020,SDD026,SEN009,SFN014,SMA025,SOD016,SSS032,STE019
EWW019,EWW028,LPR012,LVE032,OCE005,OCE009,OSH001,PLB004,PMO023,SBB012,SDD026,SEN009,SFO014,SMA025,SNB003,SOD016,SPP001,STE019
EMM034,EWW019,EWW028,EWW035,LPR012,LVE032,OCE009,OFI004,ORR015,OSH001,PAN010,PMO009,SBB012,SCO020,SDD026,SEN009,SMA025,STE019
ACCU030,EES008,ERO003,EWW028,LBU028,LDG008,LMA053,LPR012,OCE009,ODE018,SBB012,SEN012,SIW018,SMA025,SNB006,SOD016,SST014,STE019
EBT005,EMM034,EWW035,LDG008,LEV006,LMC032,LPR012,LVE015,LVE032,OCE009,OFF012,SBB012,SCO021,SMA025,SMT003,SNV035,SOD016,STE019
ACPP021,EES008,EMM034,EWW028,LBU028,LDG008,LPR012,LVE032,OCE009,OMA013,PFF018,SBB012,SEN012,SIW018,SMA025,SOD016,SST014,STE019
EMM034,EOW012,EWW035,LBU017,LPR012,LVE032,OCE009,OSH001,OWA001,SBB012,SDD026,SEN009,SMA025,SOD016,SPP001,STE019,SWA027,SZO009
ACFE006,EES001,EES008,EJF012,EWW028,LMA060,LPR012,LVE032,OCE009,OWA017,SBB012,SDD026,SGM027,SMA025,SNB022,SOD016,SRR001,STE019
ACOO016,EMM034,EWW028,LDG008,LEV006,LMC032,LPR012,LVE015,LVE032,OCE009,OFF012,SBB012,SCO021,SMA025,SMT003,SNV035,SOD016,STE019
EAG019,EES008,EMM034,EWW028,LBU028,LPR012,OCE009,ODE018,OFI001,PAN005,PCA029,SAS024,SBB012,SGM015,SMA025,SNV009,SOD016,STE019
ACMU002,EMM034,EOW012,EWW035,LBU017,LVE032,OCE009,OSH001,SBB012,SDD026,SEN009,SFO014,SMA025,SOD016,SPP001,STE019,SWA027,SZO009
ACGM051,EWW019,EWW028,LDG018,LPL035,LPR012,LVE018,LVE032,OCE009,OSH001,PMO009,SBB012,SDD026,SEN009,SMA025,SOD016,SPP001,STE019
EES008,EMM034,EOW016,EWW028,EWW035,LCA010,LPR012,LVE032,OCE009,SBB012,SDD026,SEL012,SIW016,SMA025,SMO024,STE019,STR029,SZO003
ACAZ009,EMM034,EOW018,EWW028,LBI007,LPR012,LVE032,OCE009,OFF025,SBB012,SCO006,SDD026,SMA025,SMW014,SOD016,SOD019,STE019,STR004
ACPP010,EES008,EMM034,ESY008,EWW028,EWW035,LPR012,LVE032,OCE009,ODE013,OEV005,PCA013,SBB012,SDD026,SMA025,SMW014,SOD016,STE019
ACAM007,EMM034,EWW019,EWW028,LPR012,LVE032,OCE005,OCE009,OSH001,PLB004,SBB012,SDD026,SEN009,SMA025,SNB003,SOD016,SPP001,STE019
ACIM002,ACOO002,EES008,EMM034,EWW028,FPA002,LCA022,LDG008,LPR012,LVE032,OCE009,ODE018,OWA015,PCA029,SBB012,SMA025,SNV009,SOD016
ACNO033,ACOO018,ACSP010,EES008,EMM034,EWW028,EWW035,LMA060,LPR012,LVE032,OCP017,ORE019,SBB012,SDD026,SMA025,SOD016,STE005,STE019
ACGM017,EES008,EPP029,EWW028,FPA002,LDG008,LMC008,LPR012,LVE032,PCA008,PHU002,SBB012,SMA004,SMA025,SME017,SNV009,SOD016,STE019
ACAZ009,ACNO010,EMM034,EWW028,LBI007,LPR012,LVE032,OCE009,OFF025,SBB012,SCO006,SDD026,SMA025,SMW014,SNV032,SOD016,STE019,STR004
ACPP011,EMM012,EMM034,EWW028,EWW035,LPR012,OCE009,OSH001,SBB012,SDD026,SEN009,SFO014,SIB005,SMA025,SOD016,SOD027,STE019,SWA027
ACGM050,EES008,EMM034,EOW016,ESY008,EWW028,EWW035,LPR012,LVE032,OCE009,SBB012,SFO013,SIW016,SMA025,SMW014,SNV042,SOD016,STE019
ACMY004,EMM010,EMM034,EWW028,LDG008,LEV006,LMC032,LPR012,LVE032,OCE009,OFF012,SAA019,SBB012,SCO021,SMA025,SNV035,SOD016,STE019
ACEM031,ACFF002,EMM034,ESY007,EWW028,LPR012,LVE032,OCE009,ODE018,PFF002,PHU002,PMO027,SBB012,SDD005,SMA025,SNV009,SOD016,STE019
EAG018,EMM034,EWW019,EWW028,EWW035,LDG018,OCE009,OSH001,PCA006,PMO024,SBB012,SDD026,SEN009,SIB010,SMA025,SOD016,SPP001,STE019
ACPP030,EES008,EMM034,ERO041,EWW028,LDG008,LPR012,LVE032,ODE018,SBB011,SBB012,SEN012,SIW018,SMA025,SNB006,SOD016,SST014,STE019
EMM034,EWW019,EWW028,EWW035,LPR012,LVE032,OCE009,OSH001,SBB012,SCC001,SCO007,SDD026,SEN009,SEV002,SMA025,SNB003,STE019,STR005
EMM034,EWW019,EWW028,EWW035,LAL001,LPR012,LVE032,OCE009,OSH001,PAN010,SBB012,SCO020,SDD026,SEN009,SMA025,SMW005,SOD016,STE019
ACFE006,EES001,EES008,EJF012,EMM034,EWW028,LMA060,LPR012,LVE032,OCE009,ORR007,OWA017,SBB012,SDD026,SGM027,SMA025,SOD016,STE019
EHH013,EMM034,EWW019,EWW028,EWW035,LPR012,LVE032,OCE009,OSH001,SBB012,SCC001,SCO007,SDD026,SEN009,SNB003,SPP001,STE019,STR005
EMM034,EWW019,EWW028,EWW030,LPR012,LUN028,LVE032,OCE009,OSH001,PCA035,PFF024,SBB012,SDD026,SEN009,SGM015,SMA025,SPP001,STE019
ACGM050,EAG024,EES008,EMM034,EOW016,ESY008,EWW028,LPR012,LVE032,OCE009,SBB012,SIW016,SMA025,SMW014,SNV042,SOD016,STE019,STR029
EES008,EMM034,EWW028,LBU028,LDG008,LPR012,LVE032,OCE009,OMA013,PFF018,SBB012,SCO025,SEN012,SIW018,SMA025,SOD016,STE019,STE025
ACMY004,EMM034,EWW028,LDG008,LEV006,LMC032,LPR012,LVE032,OCE009,OFF012,SAA019,SBB012,SCO021,SFN015,SMA025,SMT003,SOD016,STE019
ACFF002,EAG022,EMM034,EWW028,LCC005,LPL029,LPR012,LVE032,OCE009,ODE018,PCA029,PMO027,SAS010,SBB012,SMA025,SNV009,SOD016,STE019
ACNO032,EMM004,EMM034,EWW019,EWW028,EWW030,LPR012,LVE032,OCE009,OSH001,SEN009,SGM015,SGM030,SMA025,SOD016,SPP001,STE019,SWA003
ACWS022,EMM034,EOW012,EWO012,EWW028,LPR012,LVE032,OCE009,OSH001,SBB012,SDD026,SEN009,SFO014,SIB005,SOD016,SOD027,STE019,SWA027
ACTA014,ACWS015,EMM034,EWW028,LPR012,OCE009,OFI031,OMA016,OSH001,SBB012,SDD026,SEN009,SFO014,SMA025,SOD016,SPP001,STE019,SWA027
EMM034,EWW019,EWW035,LPR012,LVE032,OCE009,OSH001,PMO009,PMO023,SBB012,SCO020,SDD026,SEN009,SFN014,SMA025,SOD016,SSS032,STE019
EMM034,EWW019,EWW028,EWW035,LPR012,LVE032,ODE024,OSH001,PAN007,PCA006,PMO009,SBB012,SCO004,SDD026,SEN009,SMA025,SPP001,STE019
EES008,EMM034,EWW028,LBU028,LDG008,LMA053,LPR012,ODE018,ORE018,POM010,SBB012,SEN012,SIW018,SMA025,SNB006,SOD016,SST014,STE019
ACNO009,EES008,EMM034,EWW028,LBU028,LDG008,LPR012,LVE032,OCE009,ODE018,SBB012,SEN012,SMA025,SNB006,SOD016,SSS003,SST014,STE019
EWW028,EWW035,LDG008,LEV006,LMC022,LMC032,LPR012,LVE015,LVE032,OCE009,OFF012,SBB012,SCO021,SMA025,SMT003,SNV035,SOD016,STE019
EMM034,EOW016,ERO019,ESY008,ETT005,EWW028,EWW035,LPR012,LVE032,ORR002,SBB012,SDD020,SDD026,SIW016,SMA025,SOD016,STE019,STR029
EAG021,EBT003,EES008,EJP015,EMM019,EMM034,EWW028,FSP006,LPL022,LPR012,OCE009,SAA012,SAS025,SBB012,SNB024,SOD016,SST019,STE019
EES008,EES010,EMM034,EOW016,EWW028,EWW035,LAM014,LVE032,OCE009,ODE013,SBB012,SIW016,SMA025,SMW014,SNV042,SOD016,STE019,STR029
EAG021,EBT003,EES008,EJP015,EMM019,EMM034,EWW028,FSP006,LPR012,OCE009,POM016,SAA012,SAS025,SBB012,SMA025,SNB024,SOD016,STE019
ACFE022,EES008,EMM034,EPP010,EPP011,EWW028,EWW035,LMC031,LPR012,LTT024,LVE032,OCE009,POM010,SBB012,SMA010,SMA025,SOD016,SRR014
ACPY001,EMM034,EWW019,EWW028,EWW035,LPR012,LVE032,OCE009,SBB012,SCC001,SCO007,SDD026,SEN009,SMA025,SNB003,SPP001,STE019,STR005
EMM034,EWW028,LBU007,LPR012,LVE032,OBI001,OCE009,OSH001,SBB012,SDD026,SEN009,SFO006,SFO014,SMA025,SNB003,SOD016,SPP001,STE019
EDO005,EMM034,EWW019,EWW035,LPR012,OCE009,OSH001,SBB012,SDD021,SDD026,SEN009,SGD007,SHN001,SMA025,SNB003,SOD016,SPP001,STE019
ACCU035,EES008,EMM034,EOW001,EWW028,LBU028,LDG008,LPR012,OCE009,OMA013,PCA029,SBB012,SEN012,SIW018,SMA025,SOD016,SSS028,STE019
EES008,EHH002,EMM034,EWW028,LBU028,LDG008,LMA053,LPR012,OCE009,ODE018,POM010,SBB012,SEN012,SMA025,SNB006,SOD016,SST014,STE019
ACIM002,ACOO002,EES008,EMM034,EPP029,FPA002,LPR012,LVE032,OBI027,OCE009,ORE023,PCA029,SAS009,SBB012,SMA025,SNV009,SOD016,STE020
EOW005,EWW028,LPR012,LVE032,OCE009,OFF002,OSH001,PCA019,SDD026,SEN009,SFN021,SFO014,SGD007,SMA025,SNB003,SOD016,SPP001,STE019
EMM034,EWW028,EWW035,LAL017,LBU021,LCR008,LPR012,LVE006,LVE032,OCE009,SBB012,SIB008,SMA025,SOD016,SOD022,SPI028,STE019,SWA005
EES008,EMM034,EWW028,LBU028,LDG008,LDG024,LEV005,LVE032,OBI005,OCE009,ODE018,SBB012,SIW018,SMA025,SNB006,SOD016,SST014,STE019
ACAZ009,EES008,EMM034,EOW018,EWW028,LBU003,LPR012,LVE032,OCE009,OFF025,SBB012,SCO006,SDD026,SMA025,SMW014,SOD016,STE019,STR004
ACGM048,EMM034,EWW028,EWW035,LDG008,LEV006,LMC032,LPR012,LVE015,LVE032,OCE009,OFF012,SBB012,SMA025,SMT003,SNV035,SOD016,STE019
ACGM046,EMM034,EWW019,EWW028,LPR012,OCE005,OCE009,OSH001,PLB004,SBB012,SDD026,SEN009,SFO014,SMA025,SNB003,SOD016,SPP001,STE019
ACFE022,ACOO015,EMM034,EWW019,EWW028,LRE028,LVE032,OCE009,OSH001,OSH006,PIC008,SBB012,SFO014,SMA025,SNB003,SOD016,SPP001,STE019
EES008,EMM003,EMM034,EOW016,ESY008,EWW028,LPR012,LVE032,OCE009,SBB012,SCO022,SIW016,SMA025,SMW014,SNV042,SOD016,STE019,STR029
ACCU035,ACFE003,EES008,EPP029,EWW028,LDG008,LPR012,LVE032,OCE009,PCA029,SBB012,SMA025,SNV009,SOD016,SOD033,SST021,STE019,STE020
EES008,EMM034,EOW001,EWW028,LDG008,LPR012,OCE009,OMA013,PCA029,PFF018,PMO007,SAA013,SBB012,SIW018,SMA025,SOD016,SST014,STE019
EMM034,EWW028,LCC006,LDG008,LEV006,LMC032,LPR012,LVE015,LVE032,OCE009,OFF012,SBB012,SCO021,SMA025,SMT003,SNV035,SOD016,STE019
ACEM022,EMM034,EWW019,EWW028,EWW035,LPR012,LVE032,OCE009,OSH001,OWA025,PAN010,SBB012,SDD026,SFN014,SOD016,SPP001,STE019,SWA025
ACRR005,EES008,EMM034,EWW028,LBU028,LPR012,LVE032,OCE009,PFF018,SBB012,SCO025,SEN012,SIW018,SMA025,SOD016,SST014,STE019,SWA020
EPP010,ERO020,EWW028,LEV002,LPR012,LRE013,LTT021,LVE032,OCE009,ODE018,PFF007,SAS013,SBB012,SCV001,SMA025,SNV009,SOD016,STE019
ACEM020,EES008,EMM034,EWW028,EWW035,LBU033,LPR012,LVE032,OCE009,ODE013,PCA013,SBB012,SIW016,SMA025,SMW014,SOD016,STE019,STR029
EES008,EMM034,LBU028,LDG008,LDG024,LEV005,LPR012,LVE032,OCE009,ODE018,SBB012,SIW018,SMA025,SNB006,SOD016,SST014,STE006,STE019
EES008,EMM034,EWW028,LPL013,LPR012,LVE032,OCE009,OMA013,OSH003,PFF018,SBB012,SCO025,SEN012,SIW018,SMA025,SOD016,SST014,STE019
EJP017,EWW028,FSP005,LPR012,LVE032,OCE009,OSH001,OSH006,SBB012,SDD026,SEN009,SFO014,SMA025,SNB003,SNV001,SOD016,SPP001,STE019
ACNO032,EMM034,EWW019,EWW028,EWW030,LPR012,LVE032,OCE009,SBB012,SEN009,SGM015,SGM030,SMA025,SOD016,SPP001,STE019,SWA003,SWA009
ACIM012,EMM034,EWW019,EWW028,LPR012,LVE032,OCE009,OSH001,OSH006,SAA003,SBB012,SDD026,SFO014,SMA025,SNB003,SNV001,SOD016,SZO012
EDO019,EEG007,EES008,EWW028,LBU028,LDG008,LPR012,LVE032,ODE018,OMA013,SBB012,SEN012,SIW018,SMA025,SNB006,SOD016,SST014,STE019
EES008,EMM034,EPP029,EWW028,LDG008,LMC008,LPR012,LVE032,ODE018,OFI012,PCA008,SBB012,SMA025,SNV009,SOD016,SOD033,STE003,STE019
ACFE022,ACOO015,EMM034,EWW019,LPR012,LPR026,LVE032,OCE009,OSH001,OSH006,SBB009,SBB012,SFO014,SMA025,SOD016,SPP001,STE019,SWA002
EMM034,EWW019,EWW028,EWW035,LVE032,MYSE001,OCP007,OSH001,PCA006,PMO009,SBB012,SDD026,SEN009,SMA025,SNB016,SOD016,SPP001,STE019
ACAZ009,ACNO010,EMM034,EOW018,LBI007,LPR012,LRE001,LVE032,OCE009,OFF025,SBB012,SCO006,SDD026,SMA025,SMW014,SOD016,STE019,STR004
ACFE022,EMM034,EWW028,FSP002,LPR012,LVE032,OCE009,OSH001,OSH006,PCA011,SBB012,SDD026,SFO014,SMA025,SNB003,SOD016,SPP001,STE019
EMM034,ESS006,EWW028,EWW035,LDG008,LEV006,LMC032,LPR012,LVE015,LVE032,OCE009,OFF012,SBB012,SCO021,SMA025,SMT003,SNV035,SOD016
ACEM002,EAG018,EMM034,EWW019,EWW028,EWW035,LHY004,LPR012,OCE009,OSH001,PCA006,SBB012,SDD026,SEN009,SMA025,SOD016,SPP001,STE019
ACNO038,ECF012,EMM034,EWO014,EWW028,LAL017,LCR008,LVE032,OCE009,OCE020,PEV003,SBB012,SMA025,SME018,SOD016,SOD022,SRR022,STE019
EOW005,EWW028,LDG010,LVE032,OCE009,OFF002,OSH001,PCA019,SBB012,SDD026,SEN009,SFO014,SGD007,SMA025,SNB003,SOD016,SPP001,STE019
ACFE001,EES008,EMM034,ESY008,EWW028,EWW035,LPR012,LVE032,OCE009,ODE013,PCA013,SDD026,SIW016,SMA025,SMW014,SOD016,SST036,STR029
EMM034,EWW019,EWW028,EWW035,LPR012,LVE032,OBI025,OCE009,PMO009,PMO023,SBB012,SCO020,SDD026,SEN009,SFN014,SMA025,SOD016,STE019
EES008,EMM034,EWW028,EWW035,FSP004,LBU033,LPR012,OCE009,ODE013,PCA013,SBB012,SDD026,SIW016,SMA025,SMW014,SOD016,STE019,STR029
EMM034,EWW019,EWW028,EWW035,LAL001,LPR012,OCE009,ORE006,OSH001,PAN010,PMO009,SBB012,SCO020,SDD026,SEN009,SMA025,SOD016,STE019
EES008,EMM034,EWW028,EWW035,LBU033,LPR012,LVE032,OBI027,OCE009,ODE013,PCA013,SBB012,SDD026,SIW016,SMA025,SMW014,STE019,STR029
ACFE022,EES008,EMM034,EPP010,EPP011,EWW028,EWW035,FHI001,LMC031,LPR012,LTT024,LVE032,OCE009,POM010,SBB012,SMA010,SMA025,STE019
ACMU003,EMM034,EOW012,EWW035,LPR012,LPR018,LVE032,OCE009,OSH001,SBB012,SDD026,SEN009,SMA025,SOD016,SOD027,SPI030,SPP001,STE019
EMM034,EWW019,EWW028,LMC001,LPR012,LVE032,OCE009,ODE024,OSH001,PCA006,PMO009,SBB012,SEN009,SMA025,SMW003,SOD016,SPP001,STE019
EMM034,EWW028,EWW035,LEV006,LMC032,LPR012,LVE015,LVE032,OCE009,OFF012,PMO026,SBB012,SCO021,SMA025,SMT003,SNV035,SOD016,STE019
EAG032,EES008,EMM034,EWW028,EWW035,LPR012,LVE032,OCE009,PCA013,SBB012,SDD026,SFO016,SIW016,SMA025,SMW014,SOD016,STE019,STR029
ACPH004,EMM034,EWW019,EWW028,EWW035,LDG007,LDG018,LPL035,LPR012,LVE032,OCE009,OSH001,PMO009,SBB012,SDD026,SMA025,SOD016,STE019
ACFF002,EAG022,EMM034,EWW028,LAL003,LCC005,LDG008,LPL029,LPR012,LVE032,OCE009,ODE018,PCA029,PMO027,SMA025,SNV009,SOD016,STE019
ACPH004,EMM034,EWW028,EWW035,LDG018,LPL035,LPR012,LVE032,OBI012,OCE009,OSH001,PMO009,SBB012,SDD026,SEN009,SMA025,SOD016,STE019
EMM034,EOW007,EWW019,EWW028,LDG018,LPL035,LPR012,LVE018,LVE032,OCE009,OSH001,PMO009,SBB012,SDD026,SEN009,SOD016,SPP001,STE019
EMM034,EWW019,EWW028,EWW035,FSP003,LPR012,LVE032,OCE009,OSH001,PMO009,PMO023,SBB012,SCO020,SDD026,SEN009,SFN014,SMA025,SOD016
ACEV007,EES008,EMM034,EWW028,LDG008,LMA010,LPR012,LVE032,OSH010,PCA029,SBB012,SIW018,SMA025,SOD016,SOD023,SPI019,SST014,STE019
ECF012,EJP015,EMM034,EWW028,EWW035,FLL001,LBU021,LDG008,LPR012,LVE032,OBI013,OCE009,PMO019,SBB012,SMA025,SMT003,SOD016,STE019
EAG021,EBT003,EES008,EMM019,EMM034,EOW018,EWW028,FSP006,LPL022,LPR012,OCE009,SAA012,SAS025,SBB012,SMA025,SNB024,SOD016,STE019
EES008,EMM034,EOW016,EWW028,EWW035,LCA010,LPR012,LVE032,OCE009,PFF001,SBB012,SDD026,SEL012,SIW016,SMA025,SOD016,STE019,STR029
EES008,EMM034,ERO041,EWW028,LBU028,LDG008,LMA021,LPR012,LVE032,ODE018,SBB011,SBB012,SIW018,SMA025,SNB006,SOD016,SST014,STE019
EES008,EMM034,EWW028,LBU028,LPR012,OCE009,ODE018,OFI001,PAN005,PCA029,SAS024,SEN002,SGM015,SMA025,SNB026,SNV009,SOD016,STE019
ACAZ009,EES008,EMM034,EOW018,EWO017,EWW028,LCA006,LPR012,LVE032,OFF025,SBB012,SCO006,SDD026,SMA025,SMW014,SOD016,STE019,STR004
EMM034,ESS013,EWW019,EWW028,EWW035,LPR012,LVE032,OCE009,OSH001,PAN010,SBB012,SCO020,SDD026,SFN014,SMA025,SOD016,STE019,STR007
ACWS022,EMM034,EOW012,EWW028,LPL004,LPR012,LVE032,OCE009,OSH001,SBB012,SDD026,SEN009,SFO014,SIB005,SMA025,SOD016,STE019,SWA027
EMM034,EWW019,EWW028,EWW035,OCE009,OSH001,OWA025,PAN010,PMO009,SBB012,SDD026,SFN014,SMA025,SNV031,SOD016,SPP001,STE019,SWA023
ACAZ009,ACNO010,EMM034,EOW018,EWW028,LBI007,LMA043,LPR012,LVE032,OCE009,OFF025,SCO006,SDD026,SMA025,SMW014,SOD016,STE019,STR004
EEE010,EMM034,EWW019,EWW028,EWW035,LPR012,LVE032,OCE009,OCP007,OSH001,PCA006,PMO009,SBB012,SDD026,SEL003,SMA025,SOD016,STE019
ACNO003,EMM034,EWW019,EWW035,LPR012,LVE032,OCE009,OSH001,OWA025,PAN010,SBB012,SDD026,SFN014,SMA025,SOD016,SPP001,STE019,SWA025
ACAZ009,ACNO010,EMM034,EPP027,EWW028,LBI007,LPR012,LVE032,OCE009,OFF025,SBB012,SCO006,SDD026,SMA025,SMW014,SOD016,STE019,STR004
EDO020,EES008,EMM034,EWW028,LDG008,LPR012,LVE032,OCE009,ODE018,PFF023,SBB012,SEN012,SIW018,SMA025,SNB006,SOD016,SST014,STE019
ACEM031,ACFF002,EMM034,EWW028,LDG008,LPR012,LVE032,OCE009,ODE018,PFF002,PHU002,PMO027,SBB012,SGM006,SMA025,SNV009,SOD016,STE019
EES008,EMM034,EWW028,LAL019,LPR012,OCE009,ODE018,OFI001,PAN005,PCA029,SAS024,SBB012,SEN002,SGM015,SMA025,SNV009,SOD016,STE019
EMM034,EWW035,LDG008,LEV006,LMC032,LPR012,LVE015,LVE032,OCE009,OFF012,SBB012,SCO021,SFO008,SMA025,SMT003,SNV035,SOD016,STE019
EES008,EMM034,EWW028,LBU028,LDG008,LPR012,LVE032,OCE009,OMA013,PFF018,PMO024,SCO025,SEN012,SIW018,SMA025,SOD016,SST014,STE019
EMM034,EWW019,EWW028,EWW035,LPR012,LVE032,OCE009,OSH001,OWA025,SBB012,SDD026,SFN014,SFO029,SMA025,SOD016,SPP001,STE019,SWA025
ACPH004,EWW019,EWW028,EWW035,LDG018,LPL035,LPR012,LVE032,OCE009,OFF018,OSH001,PMO009,SBB012,SDD026,SEN009,SMA025,SOD016,STE019
ACGM050,EES008,EMM034,EOW016,ESY008,EWW028,EWW035,LBB007,LPR012,OCE009,SBB012,SIW016,SMA025,SMW014,SNV042,SOD016,STE019,STR029
EMM034,EWW019,EWW028,EWW035,LAL001,LPR012,LUN012,OCE009,OSH001,PAN010,PMO009,SBB012,SCO020,SDD026,SEN009,SMA025,SOD016,STE019
ACEV017,ACFE027,EMM034,EWW028,LPR012,LVE032,OCE009,OSH001,OWA025,PAN010,PMO009,SBB012,SDD026,SFN014,SMA025,SOD016,SPP001,STE019
ACPP010,EES008,EMM034,ESY008,EWW028,EWW035,LPR012,LVE032,OCE009,PCA013,SBB012,SDD026,SFO011,SMA025,SMW014,SOD016,STE019,STR029
ACFE022,EMM034,EWW028,FSP002,LPR012,LVE032,OCE009,OCE013,OSH006,SBB012,SDD026,SFO014,SMA025,SNB003,SNB004,SOD016,SPP001,STE019
ACEM031,ACFF002,EAG005,EWW028,LDG008,LPR012,LVE032,OCE009,ODE018,PFF002,PHU002,PMO027,SBB012,SDD005,SMA025,SNV009,SOD016,STE019
ACCU035,EES008,EMM034,EOW001,EOW010,EWW028,LBU028,LDG008,LPR012,OCE009,OMA013,PCA029,SBB012,SEN012,SIW018,SMA025,SOD016,STE019
EMM034,EWW019,EWW028,EWW035,LPR012,LVE032,OCE009,OSH001,PMO009,PMO023,SBB012,SCO020,SDD026,SEN009,SFN014,SGD017,SMA025,STE019
ECF012,EJP015,EMM034,EWW028,EWW035,LBU021,LDG008,LPR003,LPR012,LVE032,OBI013,OCE009,PMO019,SBB012,SMA025,SMT003,SRR022,STE019
ACTA018,EBT003,EDO016,EES008,EMM034,EWW028,LAM009,LBI046,LPL022,LPR012,LVE013,OCE009,SAA012,SBB012,SEL003,SMA025,SOD016,STE019
ACCU003,EES008,EMM034,EOW016,ERO001,ESY008,EWW028,EWW035,LPR012,LVE032,OCE009,ODE013,SBB012,SIW016,SMA025,SNV042,STE019,STR029
ACFE022,EMM034,EWW028,FSP002,LDG017,LVE032,OCE009,OCE013,OSH001,OSH006,SBB012,SDD026,SFO014,SMA025,SNB003,SOD016,SPP001,STE019
ACGM017,EEG016,EES008,EMM034,EPP029,EWW028,FPA002,LDG008,LMC008,LPR012,LVE032,PCA008,PHU002,SBB012,SMA004,SNV009,SOD016,STE019
EES008,EMM034,EWW028,LBU021,LDG008,LMA053,LPR012,OCE009,ODE018,POM010,SBB012,SEN012,SIW018,SMA025,SNB006,SOD016,SST014,STE019
EMM034,EWW019,EWW028,EWW035,FHI006,LVE032,OCE009,OSH001,OWA025,PAN010,SBB012,SDD026,SFN014,SMA025,SOD016,SPP001,STE019,SWA025
ACAZ009,ACNO010,EJP002,EMM034,EWW028,LBI007,LPR012,LVE032,OCE009,OFF025,SBB012,SCO006,SDD026,SMA025,SMW014,SOD016,STE019,STR004
ACHA016,EMM034,EWW028,LPR012,LTT021,LVE032,OCE009,ODE018,PAN001,PCA029,PFF007,SAS013,SBB012,SCV001,SMA025,SNV009,SOD016,STE019
EAG021,EBT003,EES008,EJP015,EMM019,EMM034,EWW028,FSP006,LPL022,OCE009,OCP018,SAA012,SAS025,SBB012,SMA025,SNB024,SOD016,STE019
EAG021,EBT003,EES008,EJP015,EMM019,EMM034,EWW028,FSP006,LCA031,LPL022,LPR012,OCE009,SAA012,SAS025,SBB012,SNB024,SOD016,STE019
ACFE022,ACMU005,ACOO015,EMM034,EWW028,LPR012,LPR026,LVE032,OCE009,OSH001,OSH006,SBB012,SFO014,SLP002,SMA025,SNB003,SPP001,STE019
ACNO009,EMM034,EWW028,LBU028,LDG008,LPR012,LVE032,OCE009,OCE021,ODE018,SBB012,SEN012,SIW018,SMA025,SNB006,SOD016,SST014,STE019
ACHA007,ACPH004,EMM034,EWW019,EWW028,EWW035,LDG018,LPL035,LPR012,LVE032,OCE009,OSH001,PMO009,SDD026,SEN009,SMA025,SOD016,STE019
EMM034,EWW019,EWW028,EWW035,LMC001,LPR012,LVE032,OCE009,ODE024,OSH001,PCA006,PMO009,POM011,SBB012,SEN009,SMA025,SOD016,SPP001
EMM034,EWW019,EWW028,EWW035,LDG021,LPR012,OCE009,OSH001,SBB012,SCC001,SCO007,SDD026,SEN009,SMA025,SNB003,SPP001,STE019,STR005
ACNO009,EES008,EMM034,LBU028,LBU041,LDG008,LPR012,LVE032,OCE009,ODE018,SBB012,SEN012,SIW018,SMA025,SNB006,SOD016,SST014,STE019
EES008,EMM034,EOW016,EWW028,LCA004,LCA010,LPR012,LVE032,OCE009,SBB012,SDD026,SEL012,SIW016,SMA025,SMO024,SOD016,STE019,STR029
ACFF002,EAG022,EMM034,LCC005,LDG008,LMA013,LPL029,LPR012,LVE032,OCE009,ODE018,PCA029,PMO027,SBB012,SMA025,SNV009,SOD016,STE019
EES008,EMM034,EOW016,ESY008,EWW028,EWW035,LCA010,LMA018,LVE032,OCE009,SBB012,SDD026,SEL012,SIW016,SMA025,SOD016,STE019,STR029
ACFE022,EDO016,EES008,EMM034,EPP010,EWW028,EWW035,LBB023,LMA045,LPR012,LVE011,OCE009,PFF023,PIC012,SBB012,SMA010,SMA025,STE019
ACGM017,EMM034,EPP029,EWW028,FPA002,LDG008,LEV005,LMC008,LPR012,LVE032,PCA008,PHU002,SBB012,SMA004,SMA025,SNV009,SOD016,STE019
ACMU010,ACNO022,EES008,EMM034,EPP029,EWW028,LDG008,LMC008,LPR012,OBI026,OCE009,ODE018,PCA008,PHU002,SBB012,SMA025,SNV009,SOD016
ACEM031,ACFF002,EHH015,EMM034,EWW028,LDG008,LPR012,LVE032,ODE018,PFF002,PHU002,PMO027,SBB012,SDD005,SMA025,SNV009,SOD016,STE019
ACFE022,ACOO015,EMM034,EWW019,EWW028,LPR012,LVE032,OCE009,OMA022,ORR021,OSH001,OSH006,SFO014,SMA025,SNB003,SOD016,SPP001,STE019
ACCU035,ACEM026,EES008,EPP029,EWW028,LDG008,LPR012,LVE032,OCE009,ODE018,PCA029,SBB012,SMA025,SNV009,SOD033,SST021,STE019,STE020
ACRR005,EES008,EMM034,EWW028,LBU028,LDG008,LPR012,LVE032,OCE009,PFF018,SBB012,SCO025,SEN012,SMA005,SMA025,SOD016,SST014,STE019
ACWS016,EBT003,EDO016,EES008,EMM034,EWW028,LAM009,LBI046,LMA050,LPL022,LPR012,LVE013,OCE009,SBB012,SEL003,SMA025,SOD016,STE019
EES008,EMM034,ESY008,EWW028,EWW035,LCA010,LVE032,OCE009,SBB012,SCO015,SDD026,SEL012,SIW016,SMA025,SOD016,SST010,STE019,STR029
EMM034,EWW019,EWW028,EWW035,LMC001,LPR012,LVE032,OCE009,ODE024,OSH001,PCA006,PMO009,SEN009,SMA025,SOD016,SPP001,STE019,SWA021
ACNO032,EMM034,EWW019,EWW028,LPR012,LVE032,OCE009,OSH001,PFF010,SBB012,SEN009,SGM015,SGM030,SMA025,SOD016,SPP001,STE019,SWA003
ACWS022,EMM034,EOW012,EWW028,LPR012,LVE032,OCE009,OSH001,SBB012,SDD026,SEN009,SFO014,SIB005,SMA025,SME022,SOD027,STE019,SWA027
EMM034,EOW016,ESY008,EWW028,EWW035,LPR012,LVE032,OCE009,SBB012,SCO022,SIW016,SMA025,SMW014,SNB012,SNV042,SOD016,STE019,STR029
ACGM042,EDO020,EES008,EMM034,EWW028,LBU028,LDG008,LPR012,LVE032,OCE009,ODE018,SBB012,SIW018,SMA025,SNB006,SOD016,SST014,STE019
EMM034,EWW019,EWW028,EWW035,LPR012,LVE032,OCE009,OSH001,PMO009,PMO023,SBB012,SCO020,SDD026,SEN009,SFN014,SMA025,SOD016,STE019
