EMM034,EWW028,LBB011,LMC025,LPR012,OCP010,OSH001,SBB005,SDD026,SEN008,SEN017,SMA025,SOD016,SOD025,SPI008,SPL003,STE015,STE019
ACGD009,ACHA016,EMM034,EWW028,LMC031,LPL020,LPR022,OCE009,OMA034,ORE001,OSH001,SBB012,SCO001,SMA025,SMO019,SOD016,SSS020,STE019
ACEV020,ACGD009,EAG010,EMM034,EWW028,LPL030,LPR012,OBI015,OCE009,OSH001,PHU001,SBB012,SCC004,SCO001,SMA025,SOD016,SPL003,STE019
ACPP032,EWW028,LMC025,LPR012,OCE009,OMA033,OSH001,PCA017,PIC016,SBB012,SDD026,SMA025,SMO019,SNV039,SOD016,SPI008,SRR010,STE019
EAF004,EES008,EJP027,EMM034,OCP002,OMW019,OSH001,SBB012,SDD026,SEN017,SMA025,SMA035,SME009,SME024,SOD016,SSC001,STE019,SZO005
EMM034,EOW013,EPP017,EWW028,LBI021,LBU032,LMC023,LPR012,OCP002,ORE024,OSH001,SBB012,SDD026,SMA025,SMA035,SOD016,SRR009,SSS031
EMM034,EOW013,EPP017,EWW028,LBU032,LMC023,LPR012,OCP002,OSH001,SAA020,SBB012,SMA025,SMA035,SNV011,SOD016,SRR009,SSS031,STE019
ECF021,EES008,EMM034,EOW013,EWW028,LBI047,LBU032,LMA024,LMC023,LTT011,OCP002,OSH001,SBB012,SMA025,SMA035,SOD016,SSS031,STE019
EAF004,EES008,EJP027,EMM034,EWW028,OCP002,OSH001,SAA013,SBB012,SDD026,SEN017,SGD011,SMA025,SMA035,SME009,SME024,SOD016,STE019
EES008,EHH001,EMM034,EOW013,EWW028,LBU011,LBU032,LMC023,LPR012,OSH001,SBB012,SEN017,SMA025,SMA035,SOD016,SSS001,SST036,STE019
ACHA016,ACNO031,ECF016,EMM034,EWW028,LAL030,LMC025,LPR012,LVE016,ORE001,OSH001,PCA005,SAA023,SBB012,SMA025,SOD016,SPL003,STE019
ACPH008,ACPP007,EAG007,EES008,EJP027,EMM034,EWW028,FSC003,LMC023,LPR012,OCP002,ODE002,OSH001,SBB001,SBB012,SDD026,SMA025,STE019
EAG007,EES008,EJP027,EMM034,EWW028,LPR012,OCP002,OFI028,OSH001,PMO014,SAS018,SDD026,SEN017,SMA025,SMA035,SME024,SOD016,SUM001
EES008,EMM034,ESY006,EWW028,LBU009,LBU011,LBU032,LCR005,LPR012,LVE001,OCP002,OSH001,SBB012,SMA025,SMA035,SMW017,SOD016,STE019
ACWS014,EMM034,ERO035,ERO040,EWW028,LBB008,LBB017,LPR012,OCE009,OSH001,SBB012,SDD026,SEN008,SEN017,SEV002,SMA025,SSC001,STE019
ACSP004,EAF004,EJP027,EMM034,EWW028,LPR012,LTT027,OCP002,OSH001,SBB012,SDD026,SEN017,SMA025,SMA035,SME024,SOD016,STE019,SZO005
EMM034,EOW013,EPP017,LBU032,LMC023,LPR012,OCP002,ORE024,OSH001,SBB012,SDD026,SMA009,SMA025,SMA035,SOD016,SRR009,SSS031,STE019
EAG007,EJP027,EMM027,EWO016,EWW028,LMC023,LPR012,OCP002,OSH001,SBB012,SDD026,SFO026,SMA025,SMA035,SME009,SME024,SOD016,STE019
ACAZ008,EMM010,EMM034,EWO017,EWW028,LBB012,LPR012,OBI014,OCE009,ORE001,OSH001,PCA005,SAA019,SBB012,SMA025,SOD016,SST004,STE019
EES008,EMM034,EOW013,LBU032,LMC023,LPR012,OCP002,OSH001,OWA023,SBB012,SDD026,SMA005,SMA025,SMA035,SOD016,SRR009,SSS031,STE019
EEG003,EMM034,EPP021,EWW028,LMA050,LMC011,LMC025,LPR012,OCE009,OSH001,PFF003,SBB012,SCO004,SDD026,SFO021,SMA025,SOD016,STE019
ACEV020,ACGD012,ACHA016,EMM034,EWW028,LPR012,OCE009,OCP028,OMA020,OSH001,SBB012,SCC004,SCO001,SIW003,SMA025,SMO019,SOD016,SPL003
EDO004,EJF009,EMM034,EWO017,EWW028,LMC025,LPR012,OBI014,OCE009,ORE001,OSH001,PCA005,SBB012,SFO003,SGD009,SMA025,SPL003,STE019
EWW028,LMC025,LPL026,LPR012,OCE009,OMA033,OSH001,PIC016,SBB012,SDD026,SMA025,SME006,SMO019,SNV018,SOD016,SPL003,SRR010,STE019
EDO004,EJF009,EMM034,EWW028,LMC025,LPR012,OBI014,OCE009,ORE001,OSH001,PCA005,SBB012,SFN013,SGD009,SMA025,SOD016,SPL003,STE019
ACAL006,ACAL037,ACPP002,EDO007,EMM019,EMM034,EPP023,EWW028,LMC023,LPR012,OCE009,OSH001,SBB012,SBB015,SDD026,SMA025,SOD016,STE019
ACWS014,EJF006,EMM034,ERO035,ERO040,EWW028,LDG013,LMC025,LPR012,OSH001,POM015,SBB012,SDD026,SEN017,SMA001,SMA025,SOD016,STE019
ACWS014,EMM034,ERO035,ERO040,EWW028,LDG013,LMC025,LPR012,OSH001,POM015,SBB012,SDD026,SEN017,SMA001,SMA021,SMA025,SOD016,STE019
EES008,EMM034,EOW013,EPP017,EWW028,LMC023,LPR012,OCP002,OSH001,SBB012,SCO005,SDD026,SMA025,SOD016,SRR003,SRR009,SSS031,STE019
ACFF004,ACPY003,EMM034,EWW028,LMC025,LPR012,OCE009,SBB006,SBB012,SDD026,SEN017,SMA025,SMO026,SOD016,SPL003,SPP003,STE019,SWA024
ECF021,EMM034,EOW013,LBU020,LBU032,LMC023,LPR012,OCP002,ORR013,OSH001,SBB012,SDD026,SGD011,SMA025,SOD016,SRR009,SSS031,STE019
ACEV020,ACGD009,ACHA016,EMM034,EWW001,LPR012,OCE009,OMA020,OSH001,PLB004,SBB012,SCC004,SIW003,SMA025,SMO019,SOD016,SPL003,STE019
EAF004,EES008,EJP027,EMM034,EWW028,LRE025,OCP002,OSH001,SBB012,SDD026,SEL014,SEN017,SMA025,SMA035,SME009,SME024,SOD016,SZO005
ACSP017,EES008,EMM034,EWW028,LCC015,LMC023,LPR012,LTT005,OCP002,OFI023,SBB012,SMA025,SMA035,SOD016,SRR009,SSC001,SSS031,STE019
EMM034,FSP008,LMC025,LPR012,OCE009,OMA033,OSH001,POM008,SBB012,SEN017,SMA025,SNV022,SOD016,SPI008,SPL003,SRR010,STE019,SWA026
EAG007,EJP027,EMM027,EMM034,EWO016,EWW028,LMC023,LPR012,MYPA002,OCP002,OSH001,SBB012,SDD026,SMA025,SMA035,SME009,SME024,SOD016
ACGM004,ACGM025,ACNO025,ACPP035,EES008,EMM034,EOW013,EWW028,LMC023,OCP002,OSH001,SDD026,SMA025,SMA035,SOD016,SRR009,SSS031,STE019
ACFE037,ACHA016,EMM034,EWO017,EWW028,LMC025,LPR012,OBI021,OCE009,ORR006,ORR008,OSH001,PCA005,SAA019,SBB012,SMA025,SOD016,STE019
EAF004,EES008,EJP027,EMM034,EWW028,LPR012,LTT006,LTT009,OSH001,SBB012,SDD026,SEN017,SMA025,SMA035,SME009,SME024,SOD016,SZO005
EDO020,EEG003,EPP021,EWW028,LMA050,LMC011,LPR012,OCE009,OMW019,ORF001,OSH001,SBB012,SDD026,SFO021,SMA001,SMA025,SOD016,STE019
EMM034,ESS018,EWW028,LMC025,LPR012,OMA033,OSH001,PAN015,PIC016,SBB012,SDD026,SMA025,SMO019,SNV018,SOD016,SPL003,SRR010,STE019
ACAZ008,ACFU002,ACHA016,ACWS011,EMM034,EWO017,EWW028,LMC009,LMC025,LPR012,OCE009,ORE001,OSH001,PCA005,SAA019,SBB012,SOD016,STE019
EAG007,EJP027,EMM027,EMM034,EWO016,EWW028,LMC023,LPR012,LUN023,OCP002,OSH001,SDD026,SMA025,SMA035,SME009,SME024,SOD016,STE019
EAG020,EMM034,EOW023,EWW028,LMC022,LMC025,LPR011,LPR012,OCE009,ORE001,OSH001,PHE014,SBB012,SFN010,SMA010,SMA025,SOD016,STE019
EMM034,EWW028,LMA028,LMC025,LPR012,OCE009,OMA033,ORF005,OSH001,SBB012,SFN002,SGM029,SIW009,SMA025,SOD016,SPI008,SPL003,STE019
ACHA016,ACNO031,ACRH004,ACTA007,EMM034,EWW028,LAL020,LMC025,LPR012,OCE009,OSH001,PCA005,PMO011,SBB012,SDD007,SMA025,SOD016,STE019
ACEM001,ACSP005,EMM034,EOW013,EWW028,LBU032,LCC015,LMC023,LPR012,OCP002,PCA002,SDD026,SMA025,SMA035,SOD016,SRR009,SSS031,STE019
ACAL006,ACAL037,ACPP002,EDO007,EPP023,EWW028,LMC023,LPR012,OCE009,ODE007,OSH001,SBB012,SBB015,SDD026,SMA025,SOD016,SPL003,STE019
ACCU037,ACPH008,ACWS017,EAG002,EAG007,EES008,EMM034,EWW028,LMC023,LPR012,OCP002,OSH001,SBB012,SDD026,SMA025,SME024,SOD016,STE019
ACAZ008,ACHA016,ACWS011,EWO017,EWW028,LMC009,LMC025,LPR012,OCE009,ORE001,OSH001,OSH006,PCA005,SAA019,SBB012,SMA025,SOD016,STE019
ACHA016,ACNO031,ACRH004,ACTA007,EMM034,EWW028,LAL020,LMC025,OCE009,ORE001,OSH001,PCA005,SBB012,SDD007,SFR009,SMA025,SOD016,STE019
EAF004,EES008,EJP027,EMM034,EWW028,LPR012,LTT009,LUN015,OCP002,OSH001,SBB012,SDD026,SEN017,SMA025,SMA035,SME024,SOD016,SZO005
ACEV018,EAG007,EJP027,EMM034,EWW028,LMC023,LPR012,LVE022,OSH001,SBB012,SDD026,SIW001,SMA025,SME009,SME024,SOD016,STE019,STE023
ACAL025,ECF021,EES008,EMM034,EOW013,LBU032,LMC023,LPR012,OCP002,OSH001,SBB012,SDD026,SMA005,SMA035,SOD016,SRR009,SSS031,STE019
ACEV020,ACGD009,ACHA016,EMM034,EWW028,LPR012,MYSC004,OMA020,OSH001,SCC004,SCO001,SIW003,SMA025,SMO019,SOD016,SPL003,STE003,STE019
ACGD009,ACHA016,EMM034,EWW028,LMC031,LPR012,LTT026,OCE009,OFI023,ORE001,OSH001,SBB012,SCO001,SMA025,SMO019,SOD016,SPL003,STE019
ACPH007,EMM034,EWW028,LMC025,LPR012,OCE009,OMA033,OSH001,PIC016,SBB012,SDD026,SMA025,SMO019,SNV039,SOD016,SPI008,SRR010,STE019
EMM034,EWW028,LMC025,LPL023,LPR012,OCE009,OSH001,PIC016,SBB012,SDD026,SMA025,SME006,SMO019,SNV018,SOD016,SPL003,SRR010,STE019
ACFE016,EMM034,EWW028,LAL027,LCA011,LMC025,LPR012,LRE004,OCE009,OMA005,OMA034,OSH001,SBB012,SMA025,SOD016,SPI008,SPL003,STE019
ACPP019,EES008,EMM034,EOW013,EPP017,EWW028,LBU032,LMC023,OCP002,OSH001,SAA020,SBB012,SMA025,SMA035,SOD016,SRR009,SSS031,STE019
ACCU028,EWW028,LMC022,LRE006,LUN015,LUN026,OCE009,OSH001,SBB012,SCO008,SDD026,SEN007,SEN008,SIB007,SMA025,SOD016,SPL003,STE019
ACEM012,ACFE016,EMM034,EWW028,LAL027,LCA011,LPR012,OCE009,OMA034,OSH001,SBB007,SBB012,SEL017,SMA001,SMA025,SPI008,SPL003,STE019
EAG007,EJP027,EMM027,EMM034,EWO016,EWW028,LMC023,OCP002,OSH001,SBB012,SDD026,SMA025,SMA035,SME009,SME024,SMT003,SOD016,STE019
ACCU034,EES008,EJF014,EMM034,EOW020,EWW028,LMA023,LPR012,MYSP005,OCP002,OSH001,SBB012,SDD026,SEN017,SMA035,SOD016,SRR009,STE019
ACPP035,EES008,EMM034,EOW013,EWW028,LBU032,LMC023,LPR012,OCP002,OSH001,SBB012,SMA025,SMA035,SOD016,SRR009,SRR022,SSS031,STE019
ACHA016,EMM034,EPP028,EWO005,EWO017,EWW028,LBU020,LMC009,LMC025,LPR012,OCE009,ORE001,OSH001,PCA005,SAA019,SMA025,SOD016,STE019
EDO004,EEG021,EMM034,EWO017,LMC025,LPR012,OBI014,OBI026,OCE009,ORE001,OSH001,PCA005,SBB012,SGD009,SMA025,SOD016,SPL003,STE019
EAG007,EES008,EJP027,EMM034,LPR012,OCP002,ORE001,OSH001,SAA007,SBB012,SDD026,SEN017,SMA005,SMA025,SMA035,SME009,SME024,SOD016
EMM034,EWW028,LPR012,OCE009,OMA033,ORF005,OSH001,SBB012,SDD026,SFN002,SGM029,SIW009,SMA023,SMA025,SOD016,SPI008,SPL003,STE019
ACHA016,ACNO031,EMM034,LAL005,LBI036,LCA005,LMC009,LPR012,OBI012,OCE009,ORE001,OSH001,SAA019,SBB012,SMA025,SOD016,SPL003,STE019
EES008,EMM034,EOW013,EWW028,LAL018,LBU032,LCC015,LMC023,LPR012,OCP002,SBB012,SDD026,SMA025,SMA035,SNV011,SNV042,SSS031,STE019
ACFF003,ACGM018,EES008,EOW013,LMC023,LPR012,OCE006,OCP002,OSH001,OSH004,SBB012,SDD026,SMA025,SMA035,SOD016,SRR009,SSS031,STE019
ACPP035,EAG006,EES008,EMM034,EOW013,EWW028,LBU032,LMC023,LPR012,OCP002,OSH001,SBB012,SMA035,SOD016,SRR009,SSS031,STE019,SZO010
EAF004,EES008,EJP027,EMM034,EWW028,LTT021,OCP002,OSH001,SAA013,SBB012,SDD026,SEN017,SMA025,SME009,SME024,SOD016,STE019,SZO005
ACSP017,EES008,EMM023,EMM034,EMM036,EWW028,LMC023,LPR012,OMW014,OSH001,SBB012,SMA025,SMA035,SOD016,SOD020,SRR009,SSS031,STE019
ACCU037,ACPH008,ACPH009,ACWS017,EES008,EMM034,EWW028,LBB031,LMC023,LPR012,OCP002,OSH001,SBB012,SDD026,SMA025,SME024,SOD016,STE019
EAG020,EMM034,EOW023,ERO037,EWW028,LMC022,LMC025,LPR011,LPR012,OCE009,OSH001,PHE014,SBB012,SMA010,SMA025,SOD016,SPL003,STE019
EES008,EMM034,EOW013,EWW028,LBU032,LCC015,LMC023,LTT009,OCP002,OSH001,SBB012,SDD026,SEN015,SEV003,SMA025,SMA035,SOD016,SRR009
EES008,EMM034,EOW013,EWW028,LBU009,LBU032,LCC015,LMC023,LPR012,LTT009,OCP002,OSH001,SBB012,SDD026,SEN015,SMA025,SOD016,SRR009
ACAZ008,ACHA016,EMM034,EPP027,EPP028,LMC009,LMC025,LPR012,OCE009,ORE001,OSH001,PCA005,SAA019,SBB012,SFR008,SMA025,SOD016,STE019
EMM034,EWW028,LPR012,OCE009,OSH001,PFF021,SBB012,SDD026,SIW008,SMA025,SMO019,SMW018,SNV038,SOD016,SPI008,SPL003,SRR005,STE019
ACAL029,EMM034,EWW028,LMC025,LPR012,OCE009,OMA033,OSH001,POM008,SBB012,SEN017,SMA025,SNV022,SOD016,SPI008,SPL003,STE019,SWA026
ACHA016,ACNO031,EJF009,EMM034,FPA006,LMA027,LPR012,OCE009,ODE010,OFI021,ORE001,ORR001,OSH001,SBB012,SFO028,SMA025,SOD016,STE019
ACFF004,ACPY003,EMM006,EMM034,EWW028,LMC025,LPR012,OCE009,OMA031,OSH001,SBB012,SDD026,SMA025,SMO021,SMO026,SOD016,SPI008,STE019
ACFE010,EES008,EMM034,EOW013,EPP017,EWW028,LMC023,OCP002,OSH001,SBB012,SDD026,SMA025,SMA035,SOD016,SRR003,SRR009,SSS031,STE019
ACFE037,ACHA016,EMM034,EWO017,EWW028,LMC009,LMC025,LPR012,OBI021,OCE009,ORR008,OSH001,PCA005,SAA019,SBB012,SOD016,SRR003,STE019
ACHA016,ACNO031,ACPH008,EDO004,EMM034,EWW028,LBI036,LCA005,LMC009,OCE009,OSH001,PCA005,SAA019,SBB012,SMA025,SOD016,SPL003,STE019
ACAL031,EAG007,EES008,EJP027,EMM034,EWW028,LPR012,OCP002,OSH001,SBB012,SDD026,SEN017,SMA005,SMA025,SMA035,SME009,SME024,SOD016
EMM016,EMM034,EWW028,LPR012,OCE009,OMA033,OSH001,PIC016,SBB012,SCO019,SDD008,SDD026,SMA025,SMO019,SPI008,SPL003,SRR010,STE019
ACCU015,ACMO002,EMM034,EWW028,FHI006,LMC025,LPR012,OCE009,OMA033,ORF005,OSH001,SBB012,SGM029,SIW009,SMA025,SOD016,SPI008,SPL003
EES017,EMM034,EWW028,LMC025,LPR012,OCE009,OMA033,OSH001,PIC016,SBB012,SDD026,SMA025,SOD016,SPI008,SPL003,SRR010,STE019,SWA013
EES008,EMM034,EOW013,EPP017,EWW028,LCC018,LMC023,LPR012,OCP002,OSH001,SBB012,SDD026,SMA025,SMA035,SOD016,SRR003,SSS031,STE019
ACHA016,ACNO031,ACRH004,ACTA007,EMM034,EWW028,LAL020,LMC025,LPR012,OCE009,OSH001,PCA005,SBB012,SCC007,SDD007,SMA025,SOD016,STE019
ACNO015,EAG007,EES008,EJP027,EMM034,EWW028,LBU012,LPR012,OCP002,ORE001,SBB012,SDD026,SEN017,SMA035,SME009,SME024,SOD016,STE019
ACSP017,EES008,EMM034,EWW028,LMC023,LPR012,LTT005,OCP002,OFI023,OSH001,SBB012,SFO024,SMA025,SMA035,SOD016,SRR009,SSS031,STE019
ACRH003,ACTO002,EMM034,EWW028,LDG015,LPR012,OCE009,OSH001,SAA004,SBB012,SDD026,SEL020,SEN017,SMA025,SMA027,SOD016,SPP001,STE019
ACCU037,ACPH008,ACPH009,ACWS017,EAG007,EMM034,EWW028,LMC023,LPR012,LRE029,OCP002,OSH001,SBB012,SDD026,SMA025,SME024,SOD016,STE019
EES008,EMM034,EOW013,EPP017,EWW028,LMC023,LPR012,OCE026,OCP002,OSH001,SDD026,SMA025,SMA035,SOD016,SRR003,SRR009,SSS031,STE019
ACAL006,ACAL037,ACPP002,EDO007,EMM034,EPP023,EWW028,LMC023,LPR012,OSH001,PHE012,SBB012,SBB015,SDD026,SMA025,SOD016,SPL003,STE019
ACGD009,ACHA016,EMM034,EWW028,LMC031,LPL020,LPR012,OCE009,OCP017,ORE001,OSH001,SBB012,SCO001,SMA025,SMO019,SOD016,SSS020,STE019
EEG003,EMM034,EPP021,EWW028,LMA050,LMC025,LPR012,OCE009,OSH001,PIC013,SBB012,SCO004,SDD026,SFO021,SMA001,SMA025,SOD016,STE019
ACWS014,EMM034,LMC022,LPR012,LRE006,LUN015,LUN026,OCE009,OMA024,OSH001,SDD026,SEN007,SEN008,SIB007,SMA025,SOD016,SPL003,STE019
ACHA016,ACNO031,ECF023,EJF009,EMM034,EWW028,FPA006,LPR012,OCE009,ODE010,OFI021,ORE001,ORR001,OSH001,SBB012,SMA025,SOD016,STE019
ACCU004,ACCU006,ACPP035,EES008,EMM034,EOW013,EWW028,LBU032,LMC023,OCP002,OSH001,SBB012,SMA025,SMA035,SOD016,SRR009,SSS031,STE019
EMM034,EWW028,LBB011,LMC025,LPR012,ORR001,OSH001,SBB012,SDD026,SEN008,SEN017,SMA025,SOD016,SOD025,SPI008,SPL003,STE015,STE019
EAG007,EES008,EMM034,EWW002,EWW028,LBU012,LPR012,OCP002,ORE001,SBB012,SDD026,SEN017,SMA025,SMA035,SME009,SME024,SOD016,STE019
ACHA016,ACNO031,EMM034,EWW028,LBI036,LMC009,LMC025,LPR012,OCE009,OMA029,OSH001,PCA005,SAA019,SBB012,SMA025,SOD006,SPL003,STE019
EES008,EHH001,EMM034,EOW013,EWW028,LBU011,LBU032,LMC023,LPR012,OFF017,OSH001,SBB012,SCD002,SEN017,SMA025,SMA035,SST036,STE019
EES008,EJP027,EMM034,EWW028,LDG025,LPR012,OCP002,SBB012,SDD026,SEN017,SGD016,SMA025,SMA035,SME009,SME024,SOD016,STE019,SZO005
EAG007,EJP027,EMM027,EMM034,EWO016,EWW028,LMC023,LPR012,OCP002,OFF016,OSH001,SBB012,SDD026,SMA025,SMA035,SME009,SME024,STE019
EDO007,EMM034,EPP023,LMA015,LMC023,LPL021,OCE009,OSH001,SBB012,SBB015,SDD026,SEL014,SMA025,SOD016,SOD017,SPL003,SRR019,STE019
ACWS019,EES008,EMM034,EOW013,LMC023,LPR012,OCE006,OCP002,OSH001,OSH004,SBB012,SDD026,SMA025,SMA035,SOD016,SRR009,SSS031,STE019
ACAZ008,ACHA016,EMM034,EPP027,EWW028,LMC009,LMC025,LPR012,OCE009,ORE001,OSH001,PCA005,SAA019,SBB012,SIB009,SMA025,SOD016,STE019
EAG016,EES008,EMM034,EOW013,EPP017,EWW028,LMC023,LPR012,OCP002,OSH001,SBB012,SDD026,SMA025,SOD016,SRR003,SRR009,SSS031,STE019
EAG015,EDO004,EEG021,EMM034,EWO017,EWW028,LMC025,LPR012,OBI014,OCE009,ORE001,OSH001,PCA005,SBB012,SGD009,SMA025,SPL003,STE019
ACWS014,EMM034,ERO035,ERO040,EWW028,LAM016,LBB017,LPR012,OCE009,OSH001,SBB012,SDD026,SEN017,SEV002,SMA025,SOD016,SSC001,STE019
ACNO031,EMM034,EWW028,LBI031,LEV001,LMC025,LPR012,OCE009,ORE001,OSH001,OWA004,OWA009,SBB012,SMA025,SMW014,SPL003,STE019,SWA025
ACCU037,ACPH008,ACPH009,ACWS017,EAG007,EMM034,EWW028,LMC023,LPR012,OCP002,OSH001,PFF009,SBB012,SDD026,SMA025,SME024,SOD016,STE019
EAF004,EES008,EJP027,EMM034,EWW028,LUN021,OCP002,OSH001,SAA013,SBB012,SDD026,SEN017,SMA035,SME009,SME024,SOD016,STE019,SZO005
ACFF004,ACPY003,EMM034,EWO005,EWW028,LMC025,LPR012,OCE009,OSH001,SBB012,SDD026,SMA025,SMO021,SMO026,SOD016,SPI008,SPL003,STE019
ACCU015,ACGM047,EMM034,EWW028,LMC025,LPR012,OCE009,ORF005,OSH001,PHE008,SBB012,SGM029,SIW009,SMA025,SOD016,SPI008,SPL003,STE019
EMM034,LBB024,LMC025,LPR012,OCE009,ODE012,OMA033,OSH001,PIC016,SBB012,SDD026,SEN017,SMA025,SMO019,SOD016,SPL003,SRR010,STE019
ACCU006,ACGM031,ACGM051,EMM034,EWW028,LMC025,LPR012,LUN003,LUN006,OCE009,OSH001,OWA006,SAA022,SBB012,SME001,SOD016,SPL003,STE019
EAF004,EES008,EJP027,EWW028,LPR012,LTT009,OCP002,OSH001,PFF020,SBB012,SDD026,SEN017,SMA025,SMA035,SME009,SME024,SOD016,SZO005
ACEV018,EJP027,EMM034,EWW028,LMC023,LPR012,LVE022,OSH001,SBB012,SDD026,SEN017,SIW001,SMA025,SME009,SME024,SOD016,SST023,STE019
ACAL006,ACAL037,ACPP002,EDO007,EMM034,EPP023,EWW028,LMC023,LPR012,OCE009,OSH001,SBB012,SBB015,SDD026,SNV038,SOD016,SPL003,STE019
ACAL010,ACPP029,EES008,EMM034,LMC023,LPR012,OCE019,OCP002,OSH001,SBB012,SMA025,SOD016,SRR001,SRR009,SSS014,SSS031,STE019,STE025
ACCU015,EAG013,EMM034,EWW028,FHI006,LMC025,LPR012,OCE009,OMA033,ORF005,OSH001,SBB012,SDD026,SGM029,SIW009,SMA025,SOD016,SPL003
ACGM032,ACHA016,ACNO031,ECF016,EMM034,EWW028,LMC025,LPR012,LVE016,OCE009,ORE001,OSH001,PCA005,SBB012,SMA025,SOD016,SPL003,STE019
ACFF004,ACPY003,EMM034,EWW028,LMC025,LPR012,OBI026,OCE009,SBB006,SBB012,SEN017,SMA025,SMO026,SOD016,SPI008,SPL003,STE019,SWA024
EES008,EES014,EJP027,EMM034,EWW028,LPR012,OCP002,OSH001,SBB012,SDD026,SEN017,SFN001,SMA025,SMA035,SME024,SOD016,STE019,SZO005
ACNO036,ACTO002,EMM034,EWW028,LAL002,LPR012,OCE009,OSH001,SBB012,SCC008,SDD026,SEN017,SIB003,SMA025,SMO005,SOD016,SPP001,STE019
EES008,EMM034,EOW013,EPP017,EWW028,LBU032,LMC023,LPR012,OCP002,OSH001,PFF015,SBB012,SMA025,SMA035,SOD016,SRR009,SSS031,STE019
EAF004,EES008,EJP027,EMM034,EWW028,LDG025,LPR012,LTT022,SBB012,SDD026,SEN017,SMA025,SMA035,SME009,SME024,SOD016,STE019,SZO005
EAF004,EES008,EJP027,EMM034,EWW028,LDG025,LPR012,OCP002,POM005,SDD026,SEN017,SMA025,SMA035,SME009,SME024,SOD016,STE019,SZO005
EMM034,EWW028,LCC008,LMC025,LPR012,OMA033,OSH001,PAN015,PIC016,SBB012,SDD026,SEN017,SMA025,SNV018,SOD016,SPL003,SRR010,STE019
ACCU006,ACPP036,ACWS009,EMM034,EWW028,LMC025,LPR012,LUN021,OCE009,OMA034,OSH001,PEV001,SBB012,SEL017,SMA025,SOD016,SPI008,STE019
ACHA016,ACNO031,ACRH004,ACTA007,EMM034,EWW028,LAL020,LMC025,LPL002,LPR012,OCE009,ORE001,OSH001,PCA005,SDD007,SMA025,SOD016,STE019
ACAL006,ACAL037,ACPP002,EDO007,EMM034,EPP023,EWW028,LMA015,LMC023,LPR012,OCE009,OSH001,SBB012,SBB015,SDD026,SMA025,SPL003,STE019
ACCU037,ACPH008,ACPH009,EAG007,EES008,EMM034,EWW028,LMC023,LPR012,OCP002,OSH001,OWA014,SBB012,SDD026,SMA025,SME024,SOD016,STE019
ACHA016,ACNO031,ECF016,EMM034,EWW028,LMC025,LPR012,LVE016,MYSP001,OCE009,OSH001,PCA005,SAA023,SBB012,SMA025,SOD016,SPL003,STE019
EES008,EHH001,EMM034,EOW013,EWW028,LBU011,LBU032,LMC023,LPR012,OSH001,SBB012,SCO005,SEN017,SMA025,SMA035,SOD016,SST036,STE019
EEG003,EMM034,EPP021,EWW028,LMA050,LMC011,LMC025,LTT001,OCE009,OSH001,SBB012,SCO004,SDD026,SFO021,SMA001,SMA025,SOD016,STE019
ACFE037,ACHA016,EEE011,EMM025,EMM034,EWO017,LMC009,LPR012,OBI014,OCE009,OEV006,OSH001,PCA005,SAA019,SBB012,SMA025,SOD016,STE019
ACCU015,ACGM047,EMM034,EWW028,LMC025,LPR012,OMA033,ORF005,OSH001,POM011,SBB012,SGM029,SIW009,SMA025,SOD016,SPI008,SPL003,STE019
ACEM003,ACNO031,ECF016,EJF016,EMM034,EWW028,LMC025,LPR012,OCE009,ORE001,OSH001,PCA005,SBB012,SIW012,SMA025,SOD016,SPL003,STE019
ACSP017,EES008,EMM034,EWW028,LMA044,LMC023,LPR012,LTT005,OCP002,OFI023,OSH001,SBB012,SMA025,SMA035,SOD016,SSC001,SSS031,STE019
ACCU037,ACPH008,ACPH009,EAG007,EES008,EMM034,EWW028,LAL017,LMC023,LPR012,OCP002,OSH001,SBB012,SDD026,SMA025,SME024,SOD016,STE019
EMM034,EWW028,LMC025,LPR012,OMA033,OSH001,PAN015,PIC016,SBB012,SDD026,SEN017,SMA025,SMO014,SNV018,SOD016,SPL003,SRR010,STE019
ACPP035,EAG006,EES008,EMM034,EOW013,EWW028,LMC023,LPR012,OCP002,OSH001,SBB012,SMA025,SMA035,SOD016,SRR009,SSS003,SSS031,STE019
ACEV020,ACGD009,EAG010,EJP010,EMM034,LPR012,OCE009,OSH001,PHU001,SBB012,SCC004,SDD011,SMA025,SMO019,SOD016,SPL003,SSS016,STE019
ACEM003,ACEM019,ACNO031,ECF016,EMM034,EWW028,LMC025,LPR012,OCE009,ORE001,OSH001,PCA005,SBB012,SIW012,SMA025,SOD016,SPL003,STE019
ACGD016,EMM034,EWW028,LMC025,OCE009,OMA033,ORF005,OSH001,SBB012,SDD026,SFN002,SGM029,SIW009,SMA025,SOD016,SPI008,SPL003,STE019
EDO007,EJP007,EMM034,LMA015,LMC023,LPL021,LPR012,OCE009,OSH001,PCA005,SBB012,SBB015,SDD026,SEL014,SMA025,SOD016,SPL003,STE019
ACHA016,ACTA020,ACWS011,EMM034,EWO017,EWW028,LMC009,LMC025,LPR012,OCE009,ORE001,OSH001,PCA005,SAA019,SBB012,SMA025,SOD016,STE019
EAG007,EES008,EJP027,EMM034,LBU012,LPR012,OCP002,ORE001,SBB012,SDD026,SEN017,SIB009,SMA025,SMA035,SME009,SME024,SOD016,STE019
EOW015,EPP020,EWW028,LMC025,LPR012,LPR023,OCE009,ORE019,OSH001,PAN015,SBB012,SCD001,SMA025,SOD016,SPL003,SRR005,STE019,STE022
ECF021,EES008,EMM034,EOW013,LAM009,LBU032,LMC023,OCP002,OSH001,SBB012,SDD026,SMA005,SMA025,SMA035,SOD016,SRR009,SSS031,STE019
ACFE037,ACHA016,EMM034,EWO017,EWW028,LMC009,LMC025,LPR012,OBI021,ORR008,OSH001,PCA005,SAA019,SBB012,SMA023,SMA025,SOD016,STE019
ACMU003,EEE017,EMM034,LMC025,LPR012,OCE009,OMA033,OSH001,PCA017,PIC016,SBB012,SDD026,SMA025,SOD016,SPI008,SRR010,STE019,SUM002
EAF004,EES008,EJP027,EMM034,ERO029,EWW028,LMC023,LPR012,OMA029,OSH001,POM009,SBB012,SDD026,SEN017,SMA025,SME009,SME024,STE019
ACHA016,ACNO031,EMM034,EWW028,LBI036,LBU011,LCA005,LPR012,OBI012,OCE009,ORE001,OSH001,SAA019,SBB012,SMA025,SOD016,SPL003,STE019
ACHA016,EMM034,ERO025,EWW028,LBI036,LMC009,LMC025,OCE009,OFI042,ORE001,OSH001,PCA005,SAA019,SBB012,SMA025,SPI013,SPL003,STE019
EDO004,EEG021,EMM034,EWO017,EWW005,EWW028,LMC025,OBI014,OCE009,ORE001,OSH001,PCA005,SBB012,SGD009,SMA025,SOD016,SPL003,STE019
ACFF004,ACPY003,EJF020,EMM034,EOW015,EWW028,LMC025,LPR012,OCE009,OSH001,SBB012,SDD026,SEN017,SMA025,SMO026,SOD016,SPI008,SWA024
ACFE017,EJP001,EMM034,EOW023,EWW028,LMC022,LMC025,LPR012,OCE009,ORE001,OSH001,PFF003,PHE014,SBB012,SMA010,SMA025,SOD016,STE019
EMM034,EWW028,LPR012,OCE009,OSH001,PFF021,SBB012,SCD002,SDD026,SEN017,SMA025,SMO019,SMW018,SNV038,SPI008,SPL003,SRR005,STE019
ACGM026,EJP027,EPP024,EWW028,LMC023,LPR012,LVE022,OCP002,OSH001,SBB012,SDD025,SDD026,SEN017,SMA025,SMA035,SME009,SOD016,STE019
ACHA016,ACNO031,ECF016,EMM034,EWW028,LMC025,LPR012,LVE016,OCE009,ORE001,OSH001,PCA005,SAA023,SMA025,SOD016,SPL003,SSS009,STE019
ACFF004,ACPY003,EMM034,EWW028,LMA002,LMC025,LPR012,SBB006,SBB012,SDD026,SEN017,SMA025,SMO026,SOD016,SPI008,SPL003,STE019,SWA024
EES008,EMM034,EOW013,EWW028,LAL018,LBU032,LCC015,LHY006,LMC023,LPR012,OCP002,OSH001,SBB012,SDD026,SMA025,SMA035,SSS031,STE019
EAF004,EES008,EJP027,EWW028,LMC023,LPR012,OMA029,OSH001,POM009,SBB012,SDD026,SEN017,SMA025,SMA035,SME009,SME024,SSS028,STE019
EDO007,EMM034,EWW028,LMA015,LMC023,LPL021,LPR012,OCE009,OSH001,PCA005,PHE012,SBB012,SBB015,SDD026,SMA025,SOD016,SPL003,STE019
EDO020,EEG003,EPP021,ESS004,EWW028,LMA050,LMC011,LMC025,LPR012,OCE009,OMW019,OSH001,SBB012,SFO021,SMA001,SMA025,SOD016,STE019
ACCU020,ACPH008,EES008,EJP027,EMM034,LCA016,LPR012,OCP002,OSH001,SBB001,SBB012,SDD026,SEN017,SMA025,SOD005,SOD016,SRR009,STE019
ACAZ008,ACHA016,EMM034,EWO017,EWW028,LMC009,LMC025,LPR012,OCE009,ORE001,OSH001,PCA005,SAA019,SBB012,SGM016,SMA025,SOD016,STE019
EAG007,EJF005,EJP027,EMM034,EWO016,EWW028,LMC023,LPR012,OCP002,OSH001,SBB012,SDD026,SMA025,SMA035,SME009,SME024,SOD016,STE019
ACFE013,ACTA018,EES008,EMM034,EOW013,EWW028,LBU032,LPR012,OCP002,OSH001,SBB012,SDD026,SGM004,SMA025,SOD016,SRR009,SSS031,STE019
ACAZ008,ACHA016,EMM034,EPP027,EPP028,EWW028,LMC009,LMC025,LPR012,OCE009,ORE001,OSH001,PCA005,PMO010,SAA019,SMA025,SOD016,STE019
ACCU025,ACFF004,ACPY003,EMM034,LMC025,LPR012,OCE009,OMA031,OSH001,SBB012,SDD026,SMA025,SMO021,SMO026,SOD016,SPI008,SPL003,STE019
EES008,EJP027,EMM034,EWW028,LPR012,OSH001,SBB012,SDD026,SEN017,SFN001,SMA025,SMA035,SME009,SME024,SOD016,STE019,SZO005,SZO011
ACSP026,EMM034,EWW028,LMC025,LPR012,OCE009,OMA033,OSH001,PIC016,SBB012,SDD026,SME006,SMO019,SNV018,SOD016,SPL003,SRR010,STE019
ACCU006,ACPP035,EES008,EMM034,EOW013,EWW028,LBU032,LMC023,OCP002,OSH001,SAS015,SBB012,SEL002,SMA025,SMA035,SRR009,SSS031,STE019
ACAL006,ACAL037,ACPP002,EDO007,EMM034,EPP023,LBB011,LMC023,LPR012,OCE009,OSH001,SBB012,SBB015,SDD026,SMA025,SOD016,SPL003,STE019
ACPP002,EEG003,EMM034,EPP021,EWW028,LMA050,LMC011,LMC025,OCE009,OSH001,SBB012,SCO004,SDD026,SFO021,SMA001,SMA025,SOD016,STE019
ACHA016,EMM034,ETT001,EWO017,EWW028,LMC009,LMC025,LPR012,OBI021,OCE009,ORR008,OSH001,PCA005,SAA019,SBB012,SMA025,SOD016,STE019
EMM034,EWW028,LBB011,LCA017,LPR012,OSH001,SBB005,SBB012,SDD026,SEN008,SEN017,SMA025,SOD016,SOD025,SPI008,SPL003,STE015,STE019
ACHA016,ACNO031,ACPP028,ECF016,EMM034,LMC025,LPR012,OCE009,OSH001,PCA005,SAA023,SBB012,SIW012,SMA025,SOD016,SPL003,SST041,STE019
ACGD014,EES008,EJF014,EMM034,EWW028,LMA023,LMC023,MYSP005,OCP002,OMA020,OSH001,SBB012,SDD026,SMA025,SMA035,SOD016,SRR009,STE019
EEG003,EMM034,EPP021,EWW028,LMA050,LMC011,LMC025,LPR012,OSH001,SBB012,SCO004,SDD026,SFO021,SMA001,SMA025,SOD016,SPI010,STE019
EOW015,EWW028,LMC025,LPR012,LPR023,OCE009,ORE019,OSH001,PAN015,SBB012,SCD001,SEV005,SMA025,SOD016,SPL003,SRR005,STE019,STE022
ACMU005,ACNO020,EHH004,EMM034,EWW028,LCA022,LMC025,LPR012,OCE009,OMA034,OSH001,PFF007,PHE011,PIC016,SBB012,SMA025,SOD016,STE019
ACAZ008,ACHA016,ACWS011,EMM034,EWO017,EWW028,LMC009,LMC025,LPR012,OCE009,ORE001,PCA005,SAA019,SBB012,SMA025,SOD016,STE013,STE019
EEE004,EWW028,LDG008,LPR012,OCE009,OSH001,SBB012,SCO004,SEL023,SMA025,SMA034,SNB019,SOD016,SPI006,SPL003,SST029,STE019,STE022
ACEV003,ACEV018,EAG007,EJP027,EMM034,EWW028,LMC023,LVE022,OSH001,SBB012,SDD026,SEN017,SIW001,SMA025,SME009,SME024,SOD016,STE019
EAF004,EES008,EJP027,EMM034,EWW028,OCP002,OCP007,OSH001,SAA013,SBB012,SDD026,SEN017,SMA025,SMA035,SME009,SME024,SOD016,STE019
EHH018,EMM034,EWW028,LMC025,LPR012,OCE009,OMA033,OSH001,SBB012,SDD026,SFN002,SGM029,SIW009,SMA025,SOD016,SPI008,SPL003,STE019
ACFE015,ACHA016,EMM034,EPP028,EWO005,EWW028,LMC009,LMC025,LPR012,OCE009,ORE001,OSH001,PCA005,SAA019,SBB012,SMA025,SOD016,STE019
ACHA016,ACNO031,EMM034,LMC009,LMC025,LPR012,OCE009,ODE025,ORE001,OSH001,PAN029,PCA005,PFF023,SAA023,SBB012,SMA025,SOD016,STE019
EMM034,EWW028,LMA054,LMC025,LPR012,OCE009,OSH001,PIC016,SBB012,SDD026,SMA025,SME006,SMO019,SNV018,SOD016,SPL003,SRR010,STE019
ACMO001,EAF004,EES008,EJP027,EMM034,EWW028,OCP002,OSH001,SAA013,SBB012,SDD026,SEN017,SMA025,SMA035,SME009,SME024,STE019,SZO005
ACGM054,EAF004,EES008,EJP027,EMM034,LPR012,LTT009,OCP002,OSH001,SBB012,SDD026,SEN017,SMA025,SMA035,SME009,SME024,SOD016,SZO005
ACHA016,ACNO031,ECF016,EMM034,EWW028,LMC025,LPR012,LVE016,OCE009,ORE001,OSH001,PHE006,SAA023,SBB012,SMA025,SOD016,SPL003,STE019
EMM034,EWW009,EWW028,LMC025,LPR012,OCE009,OMA033,ORF005,OSH001,SBB012,SDD026,SGM029,SIW009,SMA025,SOD016,SPI008,SPL003,STE019
ACSP024,EAG007,EJP027,EMM027,EMM034,EWO016,EWW028,LPR012,OCP002,OSH001,SBB012,SDD026,SMA025,SMA035,SME009,SME024,SOD016,STE019
ACGD014,ACPH003,EES008,EJF014,EWW028,LMA023,LMC023,MYSP005,OCP002,OSH001,SBB012,SDD026,SEN017,SMA025,SMA035,SOD016,SRR009,STE019
ACHA016,ACNO031,ACRH004,ACSP013,ACTA007,EMM034,EWW028,LAL020,LMC025,LPR012,OCE009,OSH001,PCA005,SBB012,SDD007,SMA025,SOD016,STE019
ACCU015,EMM034,EWW028,LMC025,LPR012,OCE009,OMA033,ORF005,OSH001,SBB012,SGM029,SIW009,SMA025,SOD016,SPI008,SPI024,SPL003,STE019
ACGM021,EES008,EJP027,EMM034,EWW028,LPR012,OSH001,SBB012,SDD026,SEN017,SFN001,SMA025,SMA035,SME009,SME024,SOD016,STE019,SZO005
EEE006,EMM034,EWW028,LMC025,OCE009,OMA033,OSH001,PCA017,PIC016,SBB012,SDD026,SMA025,SMO019,SNV039,SOD016,SPI008,SRR010,STE019
EAG007,EJP027,EMM027,EMM034,EWO016,EWW028,LMC023,LPR012,OCP002,PCA014,SBB012,SDD026,SMA025,SMA035,SME009,SME024,SOD016,STE019
ACFE013,ACPP035,EES008,EMM034,EOW013,EWW028,LBU032,LPR012,OCP002,OSH001,SBB012,SGM004,SMA025,SOD016,SRR009,SSS031,SST038,STE019
ACPP002,EMM034,EWW028,LMA055,LMC023,LPL021,LPL025,LPR012,OSH001,SBB012,SBB015,SDD026,SEL014,SMA025,SMO018,SOD016,SPL003,STE019
ACCU006,ACPP035,EES008,EMM034,EWW028,LBU032,LMC023,OCP002,OSH001,SBB012,SEL002,SMA025,SMA035,SOD016,SRR009,SSS031,SST017,STE019
ACAZ008,ACHA016,EMM034,EPP027,EPP028,EWW028,LMC009,LMC025,LPR012,LRE019,OCE009,ORE001,OSH001,SAA019,SBB012,SMA025,SOD016,STE019
ACAL007,EMM034,EWW028,OCE009,OSH001,PFF021,SBB012,SDD026,SEN017,SMA025,SMO019,SMW018,SNV038,SOD016,SPI008,SPL003,SRR005,STE019
ACAL012,ACGD014,EES008,EJF014,EMM034,EWW028,LMA023,LMC023,MYSP005,OCP002,OSH001,SBB012,SDD026,SEN017,SMA025,SMA035,SOD016,STE019
EMM034,EOW013,EPP017,EWW028,LBU032,LMC023,LPR012,OCP002,ORE024,OSH001,SBB012,SMA025,SMA035,SNB006,SOD016,SRR009,SSS031,STE019
ACAZ008,ACHA016,EMM034,EPP027,EPP028,EWW028,LMC009,LMC025,LPR012,OCE009,ORE001,OSH001,PCA005,SAA019,SBB012,SMA025,STE019,SZO010
ACPP002,EMM034,EPP023,EWW028,LPL021,LPL025,LPR012,LTT004,OCE009,OSH001,SBB012,SBB015,SEL014,SMA025,SNV008,SOD016,SPL003,STE019
ACFE018,EMM034,FLL004,LAL014,LMC025,LPR012,MYLO001,OCE009,OSH001,OWA001,SBB012,SDD026,SEN017,SMA025,SMO003,SOD016,SPI022,STE019
EMM034,EWW028,LMC025,LPR012,LVE011,OCE009,ODE012,OMA033,OSH001,PIC016,SBB012,SEN017,SMA025,SMO019,SOD016,SPL003,SRR010,STE019
EDO004,EJF009,EMM034,EWO017,EWW028,LMC025,LPR012,OBI014,OCE009,ORE001,OSH001,PCA005,SBB012,SMA006,SMA025,SOD016,SPL003,STE019
ACFE018,EWW028,FLL004,LAL014,LMC025,LPR012,LTT026,MYLO001,OCE009,OSH001,SBB012,SDD026,SEN017,SMA025,SMO003,SOD016,SPI022,STE019
EDO016,EMM034,EWW028,LMA001,LMC022,LRE006,LUN015,LUN026,OCE009,OSH001,SBB012,SDD026,SEN007,SEN008,SIB007,SOD016,SPL003,STE019
ACCU006,ACRR001,EES008,EMM034,EOW013,EWW028,LBU032,LMC023,LPR012,OCP002,OMA004,OSH001,SMA025,SMA035,SOD016,SRR009,SSS031,STE019
ACAZ008,ACHA016,ACWS011,ELT002,EMM034,EWO017,EWW028,LMC009,LMC025,LPR012,OCE009,ORE001,OSH001,PCA005,SAA019,SMA025,SOD016,STE019
ACHA016,ACNO031,EJF004,EMM034,EWW028,LAM001,LEV001,LMC025,LPR012,OCE009,ORE001,OSH001,SBB012,SMA025,SMO005,SMT010,SOD016,STE019
ACFE037,ACHA016,EMM025,EMM034,EWO017,EWW028,LMC009,LPR012,OCE009,OEV006,OSH001,PCA005,SAA019,SBB012,SEL012,SMA025,SOD016,STE019
ACGM025,ACNO031,EAG024,EMM034,ERO025,EWW028,LBI036,LMC009,LMC025,OCE009,OSH001,PCA005,SAA019,SBB012,SMA025,SOD016,SPL003,STE019
EMM034,EPP015,EWW028,LMC025,LPR012,OCE009,ODE012,OMA033,OSH001,SBB012,SDD026,SEN017,SMA025,SMO019,SOD016,SPL003,SRR010,STE019
EMM034,EWW028,FLL004,LAL014,LMC025,LPR012,MYLO001,OCE009,OSH001,SBB012,SDD026,SEL006,SEN017,SMA025,SMO003,SOD016,SPI022,STE019
ACPP002,ACTO006,EMM034,EPP023,EWW028,LPL021,LPL025,LPR012,OSH001,SBB012,SBB015,SDD026,SEL014,SMA025,SNV008,SOD016,SPL003,STE019
ECF002,EES008,EMM034,EOW013,EWW028,LBU032,LCC015,LMC023,LPR012,LTT009,OCP002,OSH001,SBB012,SDD026,SEN015,SMA025,SOD016,SRR009
ACNO031,EMM034,EWW028,LBI031,LMC025,LPR012,OCE009,ORE001,OSH001,OWA004,PCA038,SBB012,SMA025,SMW014,SOD016,SPL003,STE019,SWA025
ACPP035,ECF018,EMM034,EOW013,EWW028,LBU032,LMC023,LPR003,LPR012,OCP002,OSH001,SBB012,SDD026,SMA025,SOD016,SSS031,STE019,STR022
ACAZ008,ACHA016,ACWS011,EMM034,EWO017,EWW028,LMC009,LMC025,OCE009,ORE001,OSH001,PCA005,SAA019,SBB012,SMA025,SNV032,SOD016,STE019
ACHA016,EMM034,ERO025,EWW028,LBI036,LMC009,LMC025,OCE009,OFI042,ORE001,OSH001,PCA005,SBB008,SBB012,SMA025,SOD016,SPL003,STE019
ACGD009,ACHA016,EMM034,EWW028,LPR012,LTT026,LUN038,OCE009,ORE001,OSH001,SBB012,SCO001,SMA025,SMO019,SOD016,SPL003,SSS020,STE019
ACAZ008,ACHA016,EMM034,EPP028,EWO017,EWW028,LMC025,LPR012,LRE002,OCE009,ORE001,OSH001,PCA005,SAA019,SBB012,SMA025,SOD016,STE019
ACAL006,ACAL037,ACPP002,EDO007,EMM034,EPP023,EWW028,LAL015,LMC023,LPR012,OCE009,OSH001,SBB012,SDD026,SMA025,SOD016,SPL003,STE019
EMM034,EOW013,EPP017,ETT004,EWW028,LBU032,LMC023,LPR012,ORE024,OSH001,SBB012,SDD026,SMA025,SMA035,SOD016,SRR009,SSS031,STE019
ACHA016,ECF016,EMM034,EWW028,LMC025,LPR012,LVE016,OCE009,ORE001,OSH001,PCA005,SAA023,SBB012,SMA025,SOD014,SOD016,SPL003,STE019
ACRH003,ACTO002,EDO006,EMM034,EWW028,LPR012,OCE009,ORE001,OSH001,SAA004,SBB012,SDD026,SEL020,SEN017,SMA025,SMA027,SPP001,STE019
ACFE037,ACHA016,EMM034,EWO017,EWW028,LBU041,LMC009,LMC025,LPR012,OBI021,OCE009,ORR008,OSH001,PCA005,SAA019,SMA025,SOD016,STE019
EMM034,LBB011,LMC003,LMC025,LPR012,OSH001,SBB005,SBB012,SDD026,SEN008,SEN017,SMA025,SOD016,SOD025,SPI008,SPL003,STE015,STE019
EMM034,EWW028,LBB011,LMA025,LMC025,LPR012,OSH001,SBB005,SBB012,SDD026,SEN008,SEN017,SMA025,SOD016,SOD025,SPI008,STE015,STE019
ACNO032,ACTO002,EMM034,EWW028,LCA025,LPR012,OCE009,OFI039,ORE001,OSH001,SBB012,SCC008,SDD026,SEL020,SMA025,SMA027,SOD016,SPP001
EAF004,EES008,EJP027,EMM034,EWW028,LPR012,OMA029,OSH001,POM009,SBB012,SDD026,SEN017,SMA025,SMA035,SME009,SME024,SNV003,STE019
ACFF004,EMM034,EWW028,LMC025,LPR012,OCE009,OMA031,OSH001,SBB012,SDD026,SGD010,SMA025,SMO021,SMO026,SOD016,SPI008,SPL003,STE019
EAF004,EJP027,EMM034,EWW028,OCP002,OSH001,SAA013,SBB012,SDD026,SEN017,SMA025,SMA035,SME009,SME024,SOD016,SPL001,STE019,SZO005
EDO007,EMM034,EWW028,LMA015,LMC023,LPL021,LPR012,OCE009,OSH001,PCA005,SBB012,SBB015,SDD026,SEL014,SOD016,SPL003,STE019,STR008
ACSP017,EES008,EMM034,EWW028,LMC023,LPR012,LTT005,OCP002,OFI023,OSH001,SBB012,SMA025,SMA035,SOD016,SPL008,SRR009,SSC001,STE019
EES008,EJP027,EMM034,EWW028,LPR012,OCP002,OSH001,SBB012,SDD026,SEN017,SMA025,SMA035,SME009,SME024,SOD016,SSS024,STE019,SZO005
ACEV020,ACGD009,EAG010,EMM034,LBU017,LPR012,OCE009,OSH001,PHU001,SBB012,SCC004,SCO001,SDD011,SMO019,SOD016,SPL003,SSS016,STE019
ACPP002,EMM034,EPP023,EWW028,LPL021,LPL025,LPR012,OCE009,OSH001,SBB012,SBB015,SDD026,SEL014,SMA025,SNV008,SNV041,SOD016,SPL003
EMM034,LBB011,LMC025,LPR012,OSH001,SBB005,SBB012,SDD026,SEN008,SEN017,SMA025,SOD016,SOD025,SPI008,SPL003,SST028,STE015,STE019
ACHA016,ACNO031,ACRH004,ACTA007,EMM034,EWW028,LAL020,LMC025,LPR012,OCE009,ORE001,PCA005,SBB012,SDD007,SMA025,SOD016,SST011,STE019
ACEM003,ACHA016,ACNO031,ECF016,EMM034,EWW028,LMC025,LPR012,OCE009,ORE001,OSH001,PCA005,SBB012,SIW012,SMA025,SPL003,STE019,STR025
EMM034,EWW028,LBI006,LPR012,OCE009,OSH001,PFF021,SBB012,SDD026,SEN017,SMA025,SMO019,SMW018,SOD016,SPI008,SPL003,SRR005,STE019
ACEV020,ACGD009,ACHA016,EMM034,ERO033,EWW028,FLL005,LPR012,OCE009,OSH001,OWA005,PHU001,POM019,SBB012,SGD017,SMA025,SMO019,STE019
ACFF004,ACPY003,EMM034,LMC025,LMC032,LPR012,LVE017,OCE009,OMA031,PIC016,SBB012,SDD026,SMA025,SMO026,SOD016,SPI008,SPL003,STE019
ACFF003,EES008,EMM034,EOW013,LBB025,LMC023,LPR012,OCE006,OSH001,OSH004,SBB012,SDD026,SMA025,SMA035,SOD016,SRR009,SSS031,STE019
ACFE016,EMM034,EWO018,EWW028,LAL027,LCA011,LMC025,OCE009,OMA005,OMA034,OSH001,SBB012,SEL017,SMA025,SOD016,SPI008,SPL003,STE019
ACFF004,ACPY003,EWW028,LMC025,LPR012,OCE009,OMA031,OSH001,SBB012,SCC002,SDD026,SMA025,SMO021,SMO026,SOD016,SPI008,SPL003,STE019
EES008,EHC004,EJP027,EMM034,EWW028,LPR012,OCP002,OSH001,SBB012,SDD026,SEN017,SFN001,SMA025,SMA035,SME009,SOD016,STE019,SZO005
ACEV020,ACGD009,ACHA016,EMM034,OCE009,OMA020,OMW006,OSH001,PLB004,SBB012,SCC004,SCO001,SIW003,SMA025,SMO019,SOD016,SPL003,STE019
EMM034,EOW013,EPP017,EWW028,LBU032,LMC023,LPR012,OCP002,OSH001,SBB012,SDD026,SMA025,SMA035,SOD016,SRR009,SSS031,SST012,STE019
EMM034,EWW028,LMC025,LPR012,OCE009,OMA033,OSH001,PCA017,PIC016,PLB004,SBB012,SDD026,SMA025,SMO019,SNV039,SPI008,SRR010,STE019
EAG007,EJP027,EMM027,EWO016,EWW028,LMC023,LPR012,OCP002,OSH001,PFF026,SBB012,SDD026,SMA025,SMA035,SME009,SME024,SOD016,STE019
EES008,EJF014,EOW020,ESS016,EWW028,LMA023,LPR012,MYSP005,OCP002,OSH001,SBB012,SDD026,SEN017,SMA025,SMA035,SOD016,SRR009,STE019
EMM034,ESS002,EWW028,LMC025,LPR012,OCE009,OMA033,OSH001,PIC016,SBB012,SDD026,SMA025,SME006,SMO019,SNV018,SOD016,SPL003,STE019
ACMU005,ACNO020,EHH004,EMM034,EWW028,LMC025,LPR012,OCE009,OMA034,OSH001,PAN015,PEV001,PFF007,PHE011,PIC016,SBB012,SMA025,SOD016
ACAZ008,ACHA016,EWO017,EWW028,LMA026,LMC009,LMC025,LPR012,OCE009,ORE001,OSH001,PCA005,SAA019,SBB012,SFN007,SMA025,SOD016,STE019
EES008,EMM034,EOW013,EPP017,EWW028,LMC023,LPR012,OCP002,OSH001,SBB012,SDD026,SDD027,SMA025,SOD016,SRR003,SRR009,SSS031,STE019
ACAZ008,ACHA016,ACWS011,EWO017,EWW028,LMC009,LMC025,LPR012,OBI008,OCE009,ORE001,OSH001,PCA005,SAA019,SBB012,SMA025,SOD016,STE019
ACEV001,ACPH008,EAG007,ECF008,EES008,EJP027,EMM034,EWW028,FSC003,LPR012,OCP002,OSH001,SBB001,SBB012,SDD026,SEN017,SMA025,SOD016
ACSP017,EES008,EMM034,EWW028,LMC023,LTT005,OCP002,OFI023,OSH001,SBB012,SMA025,SMA035,SMO009,SOD016,SRR009,SSC001,SSS031,STE019
ACCU015,EMM034,FHI006,LMC025,LPR012,OCE009,OMA033,ORF005,OSH001,SBB012,SDD026,SGM011,SGM029,SIW009,SMA025,SOD016,SPI008,SPL003
EES008,EMM034,EOW013,EPP017,EWW028,LAM025,LMC023,LPR012,OCP002,OSH001,SDD026,SMA025,SMA035,SOD016,SRR003,SRR009,SSS031,STE019
EMM016,EMM034,EWW028,LPR012,OCE009,OMA033,OSH001,PIC016,SBB012,SDD008,SDD026,SMA025,SMO019,SPI006,SPI008,SPL003,SRR010,STE019
ACHA011,EAF004,EES008,EJP027,EMM034,EWW028,LMC023,LPR012,OMA029,OSH001,POM009,SBB012,SDD026,SEN017,SMA025,SME009,SME024,STE019
ACHA016,ACNO031,EJF009,EMM034,EWW028,FPA006,LPR012,OCE009,ODE010,OFI021,ORR001,OSH001,SBB012,SDD028,SFO028,SMA025,SOD016,STE019
EJP027,EMM027,EMM034,EWO016,EWW028,LMC023,LPR012,OCP002,OSH001,SBB012,SDD026,SMA025,SMA035,SME009,SME024,SOD016,SSS019,STE019
ACAZ008,ACHA016,ACWS011,EMM034,EWO017,EWW028,LMC009,LMC025,LPR012,LPR021,ORE001,OSH001,PCA005,SAA019,SBB012,SMA025,SOD016,STE019
ACCU025,ACNO032,ACPY003,EMM034,EWW028,LMC025,LPR012,OCE009,OSH001,SBB012,SDD026,SEN017,SMA025,SMO026,SPI008,SPL003,STE019,SWA024
EMM034,EWW028,LMC025,LPR012,OCE009,ODE012,OMA033,OSH001,PIC016,SBB012,SDD026,SEN017,SFR006,SMA025,SOD016,SPL003,SRR010,STE019
ACGD009,ACHA016,EMM034,EWW028,LPR012,LTT026,MYHI003,OCE009,ORE001,OSH001,SBB012,SCO001,SMA025,SMO019,SOD016,SPL003,SSS020,STE019
ACCU006,ACGM031,ACGM051,EMM034,EWW028,LMC025,LPR012,LUN003,LUN006,OCE009,ODE026,OSH001,OWA006,SAA022,SBB012,SMA025,SOD016,SPL003
EES004,EMM034,EPP023,EWW028,LMC023,LPL021,LPL025,LPR012,OCE009,OSH001,SBB012,SBB015,SDD026,SEL014,SMA025,SPL003,STE019,STR008
EAG007,EJP027,EMM027,EMM034,EWO016,EWW028,LMC023,LPL021,LPR012,OCP002,OSH001,SBB012,SDD026,SMA035,SME009,SME024,SOD016,STE019
ACNO035,EDO020,EEG003,EPP021,EWW028,LMA050,LMC011,LPR012,OCE009,OMW019,OSH001,SBB012,SDD026,SFO021,SMA001,SMA025,SOD016,STE019
ACFE037,EMM034,EWO017,EWW028,LMC009,LMC025,LPR012,OBI021,OCE009,ORR008,OSH001,PCA005,PHE012,SAA019,SBB012,SMA025,SOD016,STE019
ACAL032,ACNO036,EMM034,EWW028,LAL002,LPR012,OCE009,ORE001,OSH001,SBB012,SCC008,SDD026,SEN017,SMA025,SMO005,SOD016,SPP001,STE019
ACPP002,EDO007,EMM034,EPP023,EWW028,EWW038,FPA001,LMC023,LPL021,LPR012,OCE009,OSH001,SBB012,SBB015,SDD026,SEL014,SMA025,SOD016
EWW028,LMA021,LMC025,LPR012,OCE009,OMA033,OSH001,POM008,SBB012,SEN017,SMA025,SNV022,SOD016,SPI008,SPL003,SRR010,STE019,SWA026
ECF021,EES008,EMM034,EOW013,EWW028,LBI047,LBU032,LMA024,LMC023,OCP002,OSH001,OSH005,SBB012,SDD026,SMA025,SMA035,SOD016,SSS031
EMM034,EWW028,LMC025,LPR012,OCE009,OMA033,ORR007,OSH001,SBB012,SEN017,SMA025,SNV022,SOD016,SPI008,SPL003,SRR010,STE019,SWA026
EES008,EMM034,EOW013,EPP017,EWW028,LBI022,LBU032,LMC023,LPR012,OCP002,OSH001,SAA020,SBB012,SMA035,SOD016,SRR009,SSS031,STE019
EMM034,EWW028,LPR012,OCE009,OSH001,PFF021,SBB012,SDD026,SEN017,SMA025,SMO019,SMW018,SNV038,SOD016,SPI008,SPL003,SRR005,STE019
