ACCU009,ACGM019,ACWS023,EES008,EWW036,FSP006,LBI036,LDG018,LRE027,LUN012,OSH001,SBB019,SEN009,SIW018,SMA025,SOD016,SPL009,STE019
ACCU009,ACGM019,ACGM027,ACPP011,EES008,EWW036,LRE027,LUN012,OSH001,SAS020,SEN014,SFO025,SGD012,SMA025,SOD016,SPL009,STE019,SWA022
ACCU009,ACSP007,EES008,EOW001,EWW030,EWW036,LCC007,LDG018,LRE027,OCP002,OSH001,SAS020,SMA025,SOD016,SPL009,STE019,SWA022,SWA026
ACGM019,ACPP011,EES008,EWW030,EWW036,LRE002,LRE027,LUN012,OSH001,SAS020,SFO025,SMA025,SOD004,SOD016,SPL009,STE019,SWA007,SWA022
ACCU009,ACGM019,ACWS023,EES008,FSP006,LBB031,LBI036,LDG018,LRE005,LRE027,LUN012,OSH001,SBB019,SIW018,SMA025,SOD016,SPL009,STE019
ACCU009,ACSP023,EES008,ESS001,EWW030,EWW036,FSP006,LUN012,OSH001,PMO004,SMA025,SNV009,SOD016,SPL005,SPL009,STE019,SWA022,SWA026
ACCU009,ACGM019,ACPP011,EES008,EWW030,EWW036,LRE027,LUN012,OSH001,SAS020,SFO025,SGD012,SMA025,SOD016,SPL009,SST039,STE019,SWA022
ACCU009,ACGM004,ACGM019,ACWS023,EES008,EWW036,FSP006,LBB031,LBI036,LDG018,LRE027,LUN012,OSH001,SBB019,SMA025,SOD016,SPL009,STE019
ACCU009,ACMO002,ACSP023,EWW030,EWW036,FSP006,LDG018,LUN012,OSH001,SAS020,SMA025,SNV009,SOD016,SRR019,STE019,SWA022,SWA026,SWA028
ACCU009,ACPP011,ACSP023,EES008,EWW036,FSP006,LDG018,LTT020,OSH001,PAN012,SAS020,SMA025,SNV009,SOD016,SPL009,STE019,SWA022,SWA026
ACCU009,EES008,EWW030,EWW036,FSP006,LDG018,LUN012,OSH001,OSH018,SAS020,SMA025,SNV009,SOD016,SRR019,STE019,SWA022,SWA026,SWA028
ACPP011,EES008,EPP026,EWW030,EWW036,EWW038,FSP006,LCC014,LRE027,LUN012,OSH001,SAS010,SMA025,SOD016,SPL009,SSS005,STE019,SWA022
ACCU009,ACGM019,ACSP017,ACWS023,EES008,EWW036,EWW039,FSP006,LBI036,LBI046,LDG018,OSH001,SBB019,SIW018,SMA025,SOD016,SPL009,STE019
ACCU009,EEE010,EES008,EOW026,EWW030,EWW036,LMA047,LRE027,LTT006,LUN012,OCP002,OSH001,PFF024,SMA025,SOD004,SOD016,STE019,SWA022
ACCU009,EES008,EOW001,EWW030,EWW036,LCC007,LDG018,LRE027,LUN012,OSH001,SAS020,SMA012,SMA025,SOD016,SPL009,STE019,SWA022,SWA026
ACCU009,ACOO014,EES008,EPP026,EWW030,EWW036,FSP006,LBB031,LCC014,LRE027,LUN012,OSH001,SCO023,SMA025,SOD016,SPL009,STE019,SWA022
ACCU009,ACNO006,ACSP023,EES008,EWW030,FSP006,LCC016,LDG018,LUN012,SAS020,SMA025,SNV009,SOD016,SPL009,STE019,SWA022,SWA026,SWA028
ACCU009,ACEM018,ACPP011,EES008,EPP026,EWW030,EWW036,FSP006,LCA021,LCC014,LUN012,OSH001,SMA025,SOD016,SPL009,STE019,SWA022,SWA026
ACCU009,ACPP011,ACSP023,EES008,EWW036,FSP006,LDG018,LTT020,LUN012,OSH001,PHE021,SAS020,SMA025,SNV009,SOD016,SPL009,SWA022,SWA026
ACAL033,ACCU009,ACGM019,ACPP011,EES008,EWW030,EWW036,LRE027,LUN012,OSH001,SFO025,SMA025,SOD004,SOD016,SPL009,STE019,SWA007,SWA022
ACPY002,ACSP023,EES008,EWW030,EWW036,FSP006,LDG018,LUN012,OFI001,OSH001,SAS020,SMA025,SNV009,SOD016,SPL009,STE019,SWA022,SWA028
ACCU009,ACPP011,EES008,EWW030,EWW036,FSP006,LCC007,LUN012,OSH001,SAS020,SEN010,SMA025,SME004,SOD016,SPL009,STE019,SWA022,SWA026
ACCU009,ACSP023,EWW030,EWW036,FSP006,LDG018,LUN012,OSH001,SAS020,SMA025,SNV009,SOD016,SPL009,SST012,STE019,SWA022,SWA026,SWA028
ACCU009,ACGM019,ACPP011,EAG010,EES008,EWW030,EWW036,LRE027,LUN012,OSH001,SAS020,SFO025,SMA025,SOD004,SOD016,SPL009,STE019,SWA022
ACCU009,EES008,EOW001,EWW013,EWW030,EWW036,LCC007,LRE027,LUN012,OCP002,OSH001,SAS020,SMA025,SOD016,SPL009,STE019,SWA022,SWA026
ACCU009,ACSP023,EES008,EWW030,EWW036,FSP006,LUN012,OFF017,OSH001,SAS020,SMA025,SNV009,SOD016,SPL009,SST028,STE019,SWA022,SWA026
ACAZ008,ACCU009,ACGM019,ACWS023,EES008,EWW036,LBI036,LBI046,LDG018,LEV002,LRE027,OSH001,SBB019,SIW018,SMA025,SOD016,SPL009,STE019
ACCU009,EES008,EWW030,EWW036,FSP006,HEV001,LDG018,LUN012,OMA022,OSH001,PMO004,SMA025,SNV009,SOD016,SPL009,STE019,SWA022,SWA026
ACCU009,ACGM019,ACWS023,EES008,EWW036,FSP006,LBB031,LBI036,LDG018,LRE027,LUN012,LVE012,OSH001,SIW018,SMA025,SOD016,SPL009,STE019
ACPP011,EES008,EPP026,EWW030,EWW036,FSP006,LRE027,LUN012,OSH001,SAS020,SDD007,SFR009,SMA025,SOD016,SSS031,STE019,SWA022,SWA026
ACCU009,ACSP023,EES008,EOW023,EWW030,EWW036,LDG018,LUN012,OSH001,PIC005,SAS020,SMA025,SNV009,SOD016,SPL009,STE019,SWA022,SWA026
ACCU009,ACGM019,ACPP011,EES008,EWW030,EWW036,LMC005,LRE027,OSH001,SAS020,SFO025,SMA025,SOD004,SOD016,SPL009,STE019,SWA007,SWA022
ACCU009,EES008,EOW001,EWW030,EWW036,LCC007,LDG018,LRE027,LUN012,OCP002,ORE004,OSH001,SAS020,SMA025,SOD016,SPL009,STE019,SWA026
ACCU009,EES008,EOW026,EWW030,EWW036,FSP006,LRE027,LTT006,LUN012,OCP002,OSH001,PFF024,SMA025,SNV007,SOD004,SOD016,STE019,SWA022
ACCU009,ACGM019,ACPP011,EES008,EWW030,EWW036,HEV004,LRE027,OCE024,OSH001,SAS020,SEN014,SFO025,SMA025,SOD016,SPL009,STE019,SWA022
ACCU009,ACEM018,ACOO014,ACPP011,EES008,EJP027,EPP026,EWW030,EWW036,FSP006,LCC014,OSH001,SMA025,SOD016,SPL009,STE019,SWA022,SWA026
ACGM019,ACPP011,EES008,EMM013,EWW030,EWW036,LRE027,LUN012,OSH001,SAS020,SFO025,SMA025,SOD004,SOD016,SPI017,SPL009,STE019,SWA022
ACCU009,EES008,EOW001,EWW030,EWW036,LCC007,LDG018,LRE027,LUN012,OBI007,OCP002,OSH001,SAS020,SMA025,SOD016,SPL009,STE019,SWA022
ACCU009,ACEM018,ACGM050,ACPP011,EES008,EPP026,EWW030,EWW036,FSP006,LCC014,LUN012,OSH001,SMA025,SOD016,SPL009,STE019,SWA022,SWA026
ACCU009,ACSP023,EES008,EWW030,EWW036,EWW039,FSP006,OSH001,SAS020,SGM030,SMA025,SNV009,SOD016,SPL009,STE019,SWA022,SWA026,SWA028
ACCU009,ACSP023,EES008,EWW030,EWW036,FSP006,LDG018,OFF009,OSH001,SMA025,SNV009,SOD016,SPL009,SST012,STE019,SWA022,SWA026,SWA028
ACCU009,ACPP011,EES008,EWW030,EWW036,FSP006,LDG002,LDG018,LDG023,LRE027,LUN012,OSH001,SMA025,SOD016,SPL009,STE019,SWA022,SWA026
ACCU009,ACPP011,EEE004,EES008,EWW030,EWW036,LDG018,LRE027,LUN012,OCP002,OSH001,SAS020,SMA025,SOD016,SPL009,STE019,SWA022,SWA026
EES008,ESS007,EWW030,EWW036,FSP006,HEV006,LDG018,LRE027,LUN012,OSH001,SAS005,SAS020,SMA025,SOD016,SPL009,STE019,SWA022,SWA026
ACCU009,EES008,EOW026,EWW030,EWW036,FSP006,LCC015,LRE027,LTT001,LUN012,OBI023,OSH001,SAS020,SMO023,SOD016,SPL009,STE019,SWA022
ACCU009,ACPP011,EES008,EWW036,FSP006,HEV006,LDG018,LDG023,LRE027,LUN012,OSH001,SMA007,SMA025,SOD016,SPL009,STE019,SWA022,SWA026
ACCU009,ACGM055,ACPP011,ACSP023,EES008,EOW024,EWW036,FSP006,LUN012,OSH001,SCO013,SFO005,SMA025,SOD016,SPL009,STE019,SWA022,SWA026
ACCU009,ACPP011,EES008,EPP026,EWW030,EWW036,EWW038,FSP006,LCC014,LRE027,LUN012,OSH001,PMO014,SMA025,SOD016,SSS005,STE019,SWA022
ACCU009,ACGM055,ACPP011,EES008,EWW036,FSP006,LMA039,LUN012,OSH001,SAS020,SFO005,SMA025,SNV018,SOD016,SPL009,STE019,SWA022,SWA026
ACCU009,ACPP011,ACSP023,EES008,EWW036,FSP006,LRE002,LRE027,LUN012,OSH001,SAS020,SCO018,SFO005,SMA025,SOD016,SPL009,STE019,SWA022
ACCU009,ACPP011,EES008,EWW030,EWW036,FSP006,HEV006,LDG018,LDG023,LUN012,OSH001,PHE029,SMA025,SOD016,SPL009,STE019,SWA022,SWA026
ACCU009,ACSP023,EES008,EWW030,EWW036,FSP006,LDG018,LUN012,OFF003,OSH001,PIC005,SAS020,SNV009,SOD016,SPL009,STE019,SWA022,SWA026
ACCU009,EES008,EWW030,EWW036,LDG018,LRE027,LUN012,OSH001,SAS020,SDD025,SEL008,SIW001,SMA025,SOD016,SPL009,STE019,SWA022,SWA026
ACCU009,ACGM019,ACPP011,EES008,EWW030,EWW036,LRE027,LUN012,OSH001,SAS020,SMA025,SOD004,SOD016,SPL009,SRR017,STE019,SWA007,SWA022
ACCU009,ACSP023,EES008,EWW030,EWW036,FSP006,LDG018,LUN012,OSH001,SFO003,SMA025,SOD016,SPL009,SST012,STE019,SWA022,SWA026,SWA028
ACCU009,ACPP011,EES008,EJP018,EPP026,EWW030,EWW036,EWW038,FSP006,LCC014,LUN012,OSH001,SMA025,SOD016,SPL009,SSS005,STE019,SWA022
ACCU009,ACSP023,EES008,EWW030,EWW035,EWW036,FSP006,LDG018,LUN012,OSH001,SAS020,SMA025,SNV009,SOD016,SRR019,STE019,SWA022,SWA026
ACCU009,ACGM019,ACPP011,EES008,EWW030,EWW036,LRE027,OSH001,SAS020,SFO025,SMA014,SMA025,SOD004,SOD016,SPL009,STE019,SWA007,SWA022
ACCU009,ACGM019,ACWS023,EES008,EWW036,FSP006,LBB031,LBI036,LDG018,LRE027,LUN012,OSH001,SFO013,SIW018,SMA025,SOD016,SPL009,STE019
ACCU009,ACPP011,EES008,EWW030,EWW036,LCC007,LDG018,LRE027,LUN012,OCP002,OSH001,SAS020,SMA025,SOD016,SPL009,SRR019,STE019,SWA026
ACCU009,ACPP011,EES008,EWW030,EWW036,FSP006,HEV006,LDG023,LMA016,LRE027,LUN012,OSH001,SMA025,SOD016,SPL009,STE019,SWA022,SWA026
ACCU009,ACSP023,EES008,EWW030,EWW036,FSP006,LDG018,LUN012,OSH001,PCA022,PIC005,SAS020,SNV009,SOD016,SPL009,STE019,SWA022,SWA026
ACCU009,ACOO014,ACPY005,EES008,EPP026,EWW036,FSP006,LBB031,LCC014,LRE027,LUN012,OSH001,SMA025,SOD016,SPL009,STE019,SWA022,SWA026
ACCU009,ACGM019,ACPP011,EES008,EWW030,EWW036,LRE027,LUN012,SAS020,SFO025,SMA025,SNB016,SOD004,SOD016,SPL009,STE019,SWA007,SWA022
ACCU009,ACPP011,ACSP023,EES008,EWW030,EWW036,FSP006,LCA007,LUN012,OSH001,SAS020,SMA025,SNV009,SOD016,SPL009,STE019,SWA022,SWA026
ACCU009,EEE010,EES008,EOW009,EWW030,EWW036,FSP006,LRE027,LTT006,LUN012,OCP002,OSH001,PFF024,SMA025,SOD004,SOD016,STE019,SWA022
ACCU009,ACGM019,ACWS023,EES008,EWW036,FSP006,LBI036,LBI046,LDG018,LRE027,OSH001,PCA008,SBB019,SIW018,SMA025,SOD016,SPL009,STE019
EES008,EES009,EOW003,EWW030,EWW036,FSP006,LPR008,LRE027,LUN012,OCE005,OEV007,OSH001,SMA025,SOD016,SPL009,STE019,SWA022,SWA026
ACCU009,ACFE003,ACSP023,EES008,EWW030,EWW039,FSP006,LDG018,OSH001,SAS020,SMA025,SNV009,SOD016,SPL009,STE019,SWA022,SWA026,SWA028
ACCU009,ACPP011,ACSP004,ACSP023,EES008,EWW030,EWW036,LUN012,OFF017,OSH001,SAS020,SMA025,SNV009,SOD016,SPL009,STE019,SWA022,SWA026
ACCU009,ACSP023,EES008,EWW030,EWW036,FSP006,HEV001,LDG018,LUN012,OFI016,OSH001,PMO004,SMA025,SNV009,SOD016,STE019,SWA022,SWA026
ACCU009,ACGM019,ACGM043,ACPP011,EES008,EWW030,EWW036,LRE027,LUN012,OSH001,SAS020,SFO025,SMA025,SOD004,SOD016,STE019,SWA007,SWA022
ACAZ006,ACCU009,ACOO014,EES008,EPP026,EWW030,EWW036,FSP006,LBB031,LCC014,LUN012,OSH001,SMA025,SOD016,SPL009,STE019,SWA022,SWA026
ACCU009,EES008,EOW001,EWW030,EWW036,LCC007,LDG018,LRE027,LUN012,OCP002,OSH001,SAS020,SMA025,SPL009,SST033,STE019,SWA022,SWA026
ACCU009,ACPP011,EWW030,EWW036,LCC007,LDG018,LRE027,LUN012,OBI003,OCP002,OSH001,SAS020,SMA025,SOD016,SPL009,STE019,SWA022,SWA026
ACCU009,ACPP011,EES008,EWW030,EWW036,LCC007,LDG018,LRE027,LUN012,OCP002,OSH001,SMA025,SNB025,SOD016,SPL009,STE019,SWA022,SWA026
ACCU009,ACSP023,EES008,EWW030,EWW036,FSP006,LDG018,LUN010,LUN012,OSH001,PIC005,SAS020,SMA025,SNV009,SOD016,SPL009,STE019,SWA022
ACCU009,EES008,EES009,EOW003,EWW030,FSP006,LRE027,LUN012,OSH001,PAN016,SAS020,SMA025,SMO026,SOD016,SPL009,STE019,SWA022,SWA026
ACCU009,ACGM019,ACPP011,EES008,EWW030,EWW036,LRE027,LUN012,OSH001,SAS020,SFO014,SFO025,SMA025,SOD004,SOD016,SPL009,STE019,SWA007
ACCU009,ACGM019,ACWS023,EES008,EWW036,FSP006,LBB031,LBI036,LBU002,LDG018,LUN012,OSH001,SBB019,SIW018,SMA025,SOD016,SPL009,STE019
ACCU009,EEE010,EES008,EOW026,EWW030,EWW036,FSP006,LCA004,LRE027,LTT006,LUN012,OCP002,OSH001,PFF024,SOD004,SOD016,STE019,SWA022
ACCU009,ACGM019,ACPP011,EES008,EWW036,LRE027,LUN012,OSH001,SAS020,SFO025,SMA025,SMA036,SOD004,SOD016,SPL009,STE019,SWA007,SWA022
ACCU009,ACSP023,EES008,EWW030,EWW036,FSP006,LDG018,LUN012,OMA019,OSH001,SAS020,SMA025,SNV009,SOD016,STE019,SWA022,SWA026,SWA028
ACCU009,ACPP011,EES008,EWW030,EWW036,FSP006,LCC007,LDG018,LRE027,OCP002,OSH001,SAS020,SMA025,SOD016,SPL009,STE019,SWA022,SWA026
ACCU009,ACPP011,ACSP026,EEE015,EES008,EWW030,EWW036,LCC007,LDG018,LRE027,LUN012,OCP002,OSH001,SMA025,SOD016,SPL009,STE019,SWA026
ACCU009,EEE010,EES005,EES008,EOW026,EWW030,EWW036,FSP006,LRE027,LUN012,OCP002,OSH001,PFF024,SMA025,SOD004,SOD016,STE019,SWA022
ACCU009,ACWS023,EES008,EHC005,EWW036,FSP006,LBI046,LDG018,LRE027,LUN012,OSH001,POM003,SBB019,SIW018,SMA025,SOD016,SPL009,STE019
ACCU009,ACGM019,ACPP011,ACTA005,EES008,EWW030,EWW036,LRE027,LUN012,OSH001,SAS020,SFO025,SMA025,SOD016,SPL009,STE019,SWA007,SWA022
ACCU009,EES008,EOW026,ERO008,EWW036,FSP006,LRE027,LUN012,OCP002,OSH001,SAS020,SMA025,SOD004,SOD016,SRR003,SRR005,SWA022,SWA026
ACCU009,ACSP023,EES008,EPP002,EWW030,EWW036,EWW039,FSP006,LDG018,OSH001,SAS020,SMA025,SNV009,SOD016,STE019,SWA022,SWA026,SWA028
ACCU009,EES008,EOW026,ERO008,EWW036,FSP006,LRE027,LUN012,OCP002,OMW014,OSH001,SAS020,SMA025,SOD004,SOD016,SRR005,STE019,SWA022
ACCU009,EES008,EOW001,EWW030,EWW036,LCC007,LDG018,LRE027,LUN012,OCP002,ORE019,OSH001,SAS020,SMA025,SOD016,SPL009,STE019,SWA026
EES008,EOW026,ERO008,EWW036,FSP006,HEV007,LRE027,LUN012,OCP002,OSH001,SAS020,SMA025,SOD004,SOD016,SRR005,STE019,SWA022,SWA026
ACCU009,ACGM019,ACWS023,EES008,EWW036,FSP006,LAL005,LDG018,LRE027,LUN012,OSH001,POM003,SBB019,SIW018,SMA025,SOD016,SPL009,STE019
ACCU009,EES008,EOW001,EWW036,LCC007,LDG018,LRE027,LUN012,OCP002,OFI034,OSH001,SAS020,SMA025,SOD016,SPL009,STE019,SWA022,SWA026
ACCU009,ACOO018,ACSP023,EES008,EWW030,EWW036,EWW039,FSP006,LDG018,OSH001,SAS020,SNV009,SOD016,SPL009,STE019,SWA022,SWA026,SWA028
ACCU009,ACSP023,EAF003,EES008,EWW030,EWW036,FSP006,LDG018,LUN012,OSH001,PIC005,SAS020,SMA025,SNV009,SOD016,STE019,SWA022,SWA026
ACAZ004,ACCU009,ACGM055,ACPP011,ACSP023,EES008,EWW036,FSP006,LRE002,LRE027,LUN012,OSH001,SAS020,SFO005,SMA025,SOD016,SPL009,SWA022
ACCU009,ACGM019,ACPP011,EES008,EMM013,EWW030,EWW036,LBI002,LRE027,LUN012,OSH001,SAS020,SFO025,SMA025,SOD004,SOD016,SPL009,STE019
ACCU009,ACGM019,ACPP011,EES008,EWW030,EWW036,LRE027,LUN012,OSH001,SAS020,SFO025,SMA025,SOD004,SOD016,SPL009,STE019,SWA007,SWA022
