ACGM035,EMM022,EMM034,EOW018,ERO027,LAL020,LBI022,LDG008,LPL018,LPR012,LVE032,OCP002,PIC009,SCO021,SEL020,SMA025,SOD016,STE019
ACEM032,ACGM035,EAM002,EMM022,EMM034,EOW018,LAL020,LBI022,LPL018,LPR012,LVE032,SCO018,SFO013,SGM025,SMA025,SOD016,STE010,STE019
ACEM032,ACGM035,EMM022,EMM034,HEV004,LAL020,LDG008,LPR012,LVE032,OCP002,OFF015,PMO014,SEL020,SMA025,SMW001,SOD016,STE019,SWA006
ACGM035,EMM022,EMM034,EOW018,ERO027,LAL020,LDG008,LPL002,LPL018,LPR012,LVE032,OCP002,OSH018,SCO021,SEL020,SGM025,SMA025,SOD016
ACGM035,EAM002,EMM022,EMM034,EOW018,LAL020,LBI022,LDG008,LPL018,LVE025,LVE032,OCP002,SEL020,SMA025,SNB023,SOD016,SPP004,STE019
ACGM035,EAG004,EMM022,EMM034,EOW018,ERO027,LBI022,LDG008,LPL018,LVE032,OCP002,SAS020,SCO021,SEL020,SGM025,SMA025,SOD016,STE019
ACFF001,ACGM035,EMM022,EMM034,EOW018,ERO001,LAL020,LBI022,LCR004,LDG008,LMA010,LPL018,LPR012,LVE032,SEL020,SMA025,SOD016,STE019
ACGM035,EAM002,EMM022,EMM034,LAL020,LBI022,LCA010,LDG008,LPL018,LPR012,OCP002,SEL020,SGD003,SGM025,SMA025,SOD016,SPI017,STE019
ACEM032,EMM022,EMM034,ERO001,LAL020,LBI022,LDG008,LPL018,LPR012,LVE032,OCP002,SEL014,SEL020,SMA025,SME017,SOD016,SRR010,STE019
ACGM035,EMM022,EMM034,EOW018,ERO001,EWO006,LAL020,LDG008,LPR012,LUN016,LVE032,OCP002,SEL014,SEL020,SFO022,SMA025,SOD016,STE019
ACGM035,ACHA006,EAM002,EJP012,EJP021,EMM006,EMM022,EMM023,EMM034,LBU011,LPR012,PFF012,SEL020,SGM025,SMA025,SOD016,SST037,STE019
ACEM032,ACGM035,EAM002,EMM022,EMM034,EOW018,EWW018,LAL020,LDG008,LPL018,LPR012,OCP002,OEV003,PHE018,SGM025,SMA025,SOD016,STE019
ACGM035,EAM002,EMM022,EOW018,LAL020,LDG008,LPR012,LVE032,MYHI002,OCP002,OWA016,SEL020,SGM025,SMA005,SMA025,SNV009,SOD016,STE019
ACGM035,ECF025,EMM022,EMM034,EOW018,ERO027,LAL020,LBI022,LDG008,LPR012,LRE009,LVE032,OCP002,SCO021,SEL020,SMA025,SOD016,STE019
ACGM035,ACHA006,EAF004,EMM001,EMM022,EMM034,LAL020,LBU011,LCA012,LDG008,LPL018,LPR012,LVE032,SEL020,SEN013,SMA025,SOD032,STE019
ACAL033,ACGM035,EMM022,EMM034,EOW018,ERO027,LAL020,LBI022,LDG008,LPR012,LVE032,OCP002,SCC005,SCO021,SEL020,SMA025,SOD016,STE019
ACGM035,ACHA006,EMM001,EMM022,EMM034,LAL020,LBU011,LDG008,LPL018,LPR012,LVE032,SEL020,SEN013,SMA025,SOD011,SOD016,SOD032,STE019
ACGM035,EMM022,EMM034,ERO005,LAL020,LBI022,LDG008,LDG010,LMA033,LPR012,LVE032,OCP002,OCP010,SEL020,SMA025,SMW001,SOD016,STE019
ACEM032,ACGM035,EMM022,EMM034,ERO001,LBI022,LDG008,LPL018,LPR012,LVE032,OCP002,SEL014,SEL020,SEN009,SMA025,SOD016,SRR010,STE019
ACGM035,EAM002,EMM022,EOW018,LAL020,LBI022,LDG008,LPR012,LVE032,MYHI002,OCP002,ODE003,OWA016,SEL020,SGM025,SNV009,SOD016,STE019
ACEM032,ACSP024,EAM002,EMM022,EMM034,EOW018,LAL020,LBI022,LDG008,LPL018,LPR012,LUN007,OCP002,SEL020,SFO025,SMA025,SOD016,STE019
ACGM035,EAM002,EMM022,EMM034,LAL020,LDG008,LPL018,LPR012,LTT023,MYSE004,OCP002,OMA004,SEL020,SGM025,SMA025,SOD006,SOD016,STE019
ACGM035,EAM002,EJF019,EMM022,EMM034,LAL020,LBI022,LPL018,LPR012,LTT023,OCP002,OMA004,SGD003,SGM025,SMA025,SOD016,SSS005,STE019
ACGM035,EMM022,EMM034,EOW018,ERO027,LBI022,LPL018,LPR012,LVE032,OCP002,OWA001,SCO021,SEL020,SGM025,SMA025,SOD016,SST017,STE019
ACEM032,EAM002,EDO017,EMM022,EMM034,EOW018,LAL020,LDG008,LPL018,LPR012,LVE032,OCP002,SEL020,SFO025,SGD018,SGM025,SMA025,SOD016
EMM022,EMM034,EOW018,LAL015,LAL020,LBI022,LDG008,LPL018,LPR012,LRE001,LVE032,OCP002,OMA019,SEL020,SMA025,SOD016,SST001,STE019
EMM022,EMM034,EOW018,ERO027,LAL020,LBI022,LDG008,LPL018,LPR012,LVE032,OCP002,OFI031,SCO021,SEL020,SGM025,SMA025,SOD016,STE019
ACGM035,EMM022,EMM034,EOW018,ERO027,LBI022,LDG008,LPL018,LVE032,OCP002,SAS020,SCO021,SEL020,SGM025,SMA025,SOD016,SOD023,STE019
ACGM035,EAM002,EMM022,EMM034,EPP026,LAL020,LBI022,LCA010,LPL018,LPR012,LTT023,OCP002,SEL020,SGD003,SGM025,SMA025,SOD016,STE019
ACGM035,EMM022,EMM034,ERO001,LAL020,LBI022,LDG008,LMA026,LPL018,LPR012,LVE032,OCP002,SEL014,SEL020,SMA025,SOD016,SRR010,STE019
ACGM035,ACHA006,EAM002,EMM022,EMM034,LAL020,LBU011,LDG008,LMC033,LPL018,LPR012,LVE032,MYLO001,SEL020,SMA025,SOD016,SPL003,STE019
ACEV004,ACGM035,EMM022,EMM034,EOW018,ERO027,LDG008,LPL018,LPR012,LVE032,OCP002,OSH018,SCO021,SEL020,SGM025,SMA025,SOD016,STE019
ACGM035,EMM022,EMM034,EOW018,ERO027,ESY009,LAL020,LDG008,LPL018,LPR012,OCP002,OSH018,SCO021,SEL020,SGM025,SMA025,SOD016,STE019
ACGM035,EAM002,ECF011,EMM022,EMM034,LAL020,LBI022,LDG008,LPL018,LPR012,LVE025,LVE032,OCP002,SEL020,SMA025,SOD016,SPP004,STE019
ACEM032,ACGM035,EJP011,EMM022,EMM034,ERO001,LAL020,LBI022,LDG008,LPL018,LPR012,LVE032,OCP002,SEL014,SEL020,SMA025,SOD016,SRR010
ACGM035,EMM022,EMM034,EOW018,LAL020,LBI022,LDG008,LPL018,LPR012,LVE032,OCP002,SCO021,SEL020,SGM025,SMA025,SOD016,SPL010,STE019
ACAL011,ACGM035,ACHA006,EAM002,EMM001,EMM022,EMM034,LBU011,LCA032,LDG008,LPL018,LPR012,LVE032,MYLO001,SEL020,SMA025,SOD016,STE019
ACGM035,EAM002,EMM022,EMM034,LAL020,LBI022,LDG008,LPL018,LPR012,LTT023,OCP002,OMA004,PIC003,SEL020,SGM025,SMA025,SOD016,STE019
ACGM035,EAM002,ECF003,EMM022,EMM034,EOW018,LAL020,LBI022,LDG008,LPL018,LPR012,LVE025,OCP002,SEL020,SMA025,SOD016,SPP004,STE019
ACGM035,EAM002,EMM022,EOW018,LAL020,LBI022,LDG008,LPL012,LPR012,LVE032,OCP002,OWA016,SEL020,SGM025,SMA025,SNV009,SOD016,STE019
ACFF001,ACGM035,ACTA016,EMM022,EMM034,EOW018,ERO001,LAL020,LBI022,LCR004,LDG008,LPL018,LPR012,LVE032,OCP002,SEL020,SOD016,STE019
ACGM035,EMM022,EMM034,EOW018,ERO027,LAL020,LBI022,LDG008,LPL018,LRE009,LVE032,MYLO002,OCP002,SCO021,SEL020,SMA025,SOD016,STE019
ACGM035,EMM022,EMM034,EOW018,ERO027,LAL020,LDG008,LPR012,LVE032,OCP002,OSH018,SCO021,SEL020,SGM025,SMA025,SMW017,SOD016,STE019
ACGM035,ACHA006,EAM002,EMM022,EMM034,EOW018,LAL020,LBU011,LPL018,LPR012,LVE032,MYLO001,SEL020,SMA025,SMO026,SOD016,SPL003,STE019
ACGM028,ACGM035,EAM002,EMM022,EMM034,LBI022,LDG008,LPL018,LPR012,LTT023,OCP002,OMA004,SEL020,SGD016,SGM025,SMA025,SOD016,STE019
ACGM028,ACGM035,ACPP008,EAM002,EMM022,EMM034,LAL020,LBI022,LDG008,LPL018,LPR012,LTT023,OCP002,OMA004,SEL020,SGM025,SOD016,STE019
ACGM035,EMM022,EMM034,LAL020,LBI022,LDG008,LPL018,LPR012,LVE032,OCE003,OCP002,SCO021,SEL020,SGM025,SMA025,SOD016,SSS007,STE019
ACGM035,EMM022,EMM034,ERO005,HEV004,LAL020,LBI022,LDG003,LDG008,LMA033,LPR012,LVE032,OCP010,SEL020,SMA025,SMW001,SOD016,STE019
ACEM032,ACGM035,ACPP022,EAM002,EMM022,EMM034,EWW030,LAL020,LBI022,LDG008,LPL018,LPR012,OCP002,SAA002,SEL020,SMA025,SOD016,STE019
ACAL010,ACGM035,EMM022,EMM034,ERO027,LAL020,LBI022,LDG008,LPL018,LPR012,LRE009,LVE032,OCP002,SCO021,SEL020,SMA025,SOD016,STE019
EJF005,EMM022,EMM034,EOW018,LAL020,LBI022,LDG008,LPL018,LPR012,LVE032,OCP002,SCO021,SEL020,SGM025,SMA025,SOD016,SSS007,STE019
ACGM035,ACHA006,EMM001,EMM006,EMM022,EMM034,LAL020,LBU011,LCA012,LDG008,LPL018,LPR012,LVE032,SEL020,SEN013,SMA025,SOD032,STE019
ACGM035,ACGM040,ACHA006,EMM022,EMM034,EOW018,LAL020,LBU011,LDG008,LPL018,LPR012,LVE032,MYLO001,SEL020,SMA025,SOD016,STE019,SWA002
ACGM028,EAG008,EAM002,EMM022,EMM034,LAL020,LBI022,LDG008,LPL018,LPR012,LTT023,OCP002,OMA004,SEL020,SGM025,SMA025,SOD016,STE019
ACEM032,EMM022,EMM034,ERO001,LAL020,LBI022,LDG008,LPL018,LPR012,LVE032,OCP002,OFI027,SEL014,SEL020,SMA025,SOD016,SRR010,STE019
ACGM035,EMM022,EMM034,EOW018,ERO027,EWW041,LAL020,LDG008,LPL018,LPR012,LRE009,LVE032,OCP002,SCO021,SEL020,SMA025,SOD016,STE019
ACAL014,ACGM035,ACPH011,EMM022,LAL020,LDG008,LHY001,LHY006,LPL018,LPR012,LVE032,OCP002,SEL020,SGD003,SGM033,SMA025,SOD016,STE019
ACGM035,EMM022,EMM034,EOW018,LAL020,LBI022,LDG008,LPL018,LPR012,LVE025,LVE032,OCP002,SEL020,SMA025,SOD016,SPP004,STE001,STE019
ACFF001,ACGM035,EMM022,EMM034,ERO001,LAL020,LBI022,LCR004,LDG008,LPL018,LPR012,LVE032,OCP002,PCA005,SEL020,SMA025,SOD016,STE019
ACGM035,ACHA006,EAM002,EMM001,EMM022,EMM034,LAL020,LBU011,LCA032,LPL018,LPR012,LVE032,MYLO001,PAN009,SEL020,SMA025,SOD016,STE019
ACEM032,ACGM035,EMM022,EMM034,ERO001,LAL020,LDG008,LPL018,LPR012,LTT006,LVE032,OCP002,SEL014,SEL020,SMA025,SOD016,SRR010,STE019
ACGM035,EMM022,EMM034,EOW018,LAL020,LBI022,LPL018,LPR012,LVE032,OCP002,ORR004,SCO021,SEL020,SGM025,SMA025,SOD016,SSS007,STE019
EAM002,EMM022,EMM034,EOW018,EWW036,LAL026,LBI022,LDG008,LPL018,LPR012,LVE032,OCP002,SEL020,SFO025,SGM025,SMA025,SOD016,STE019
ACFE023,ACGM035,EMM022,EMM034,EOW018,LAL020,LDG008,LPL018,LPR012,LVE032,OCP002,SCO021,SEL020,SGM025,SMA025,SOD016,SSS007,STE019
ACGM035,EAM002,EMM022,EOW018,EWW005,LBI022,LDG008,LPR012,LVE032,MYHI002,OCP002,OWA016,SEL020,SGM025,SMA025,SNV009,SOD016,STE019
ACGM035,EMM022,EMM034,ERO005,HEV004,LAL020,LBI022,LDG008,LMA033,LPR012,LVE032,OCP010,OCP023,SEL020,SMA025,SMW001,SOD016,STE019
ACEM032,ACGM035,ACPP022,ACSP012,EAM002,EMM022,EMM034,EWW030,LAL020,LBI022,LDG008,LPL018,OCP002,SEL020,SGM025,SMA025,SOD016,STE019
ACNO028,EAM002,EMM022,EMM034,EOW018,LAL020,LAL026,LBI022,LDG008,LPL018,LPR012,LVE032,OCP002,SEL020,SGM025,SMA025,SOD016,STE019
ACFF001,ACGM035,EMM022,EOW018,ERO001,LAL020,LBI022,LCR004,LDG008,LPL018,LPR012,LVE032,OCP002,SEL020,SMA025,SOD016,SST001,STE019
ACGM035,EMM022,EMM034,EOW018,ERO001,LAL020,LBI022,LCR004,LDG008,LPL018,LPR012,LVE032,OCP002,OSH003,SEL020,SMA025,SOD016,STE019
ACAL014,ACGM035,EMM022,LAL020,LBI014,LBI022,LDG008,LHY006,LPL018,LPR012,LVE032,OCP002,SEL020,SGD003,SGM033,SMA025,SOD016,STE019
ACGM035,EAM002,EMM022,EOW018,LAL020,LBI022,LDG008,LPR012,LVE032,MYHI002,OCP002,PCA011,SEL020,SGM025,SMA025,SNV009,SOD016,STE019
ACEM032,ACGM035,ACPP013,EMM022,EMM034,ERO001,EWO005,LAL020,LBI022,LDG008,LEV003,LPR012,LVE032,OCP002,SEL014,SMA025,SOD016,STE019
ACEM032,EAM002,EMM022,EMM034,EOW018,LBI022,LBU011,LDG008,LPL018,LPR012,LUN007,LVE032,OCP002,SEL020,SFO025,SMA025,SOD016,STE019
ACGM028,ACGM035,EAM002,EMM022,EMM034,FSC005,LAL020,LBI022,LDG008,LPR012,LTT023,OCP002,OMA004,SEL020,SGM025,SMA025,SOD016,STE019
ACEV017,ACGM035,ACHA006,EAM002,EHC003,EJP012,EMM022,EMM023,EMM034,LBU011,LDG008,LPR012,LVE032,SEL020,SGM025,SMA025,SOD016,STE019
ACGM035,ACHA006,EAM002,EMM001,EMM022,EMM034,LAL020,LCA006,LCA032,LDG008,LPL018,LPR012,LVE032,MYLO001,SEL020,SMA025,SOD016,STE019
ACGM035,EAM002,EMM022,EMM034,LAL020,LBI022,LDG008,LPL018,LPR012,LTT023,OCP002,OMA004,SEL020,SGM025,SMA025,SOD016,SOD028,STE019
ACFF001,ACGM035,ACTA004,EMM034,EOW018,ERO001,LAL020,LBI022,LCR004,LDG008,LPL018,LPR012,LVE032,OCP002,SEL020,SMA025,SOD016,STE019
ACGM035,EMM022,EMM034,EOW018,ERO027,LAL020,LBI014,LBI022,LDG008,LPL018,OCP002,SAS020,SCO021,SEL020,SGM025,SMA025,SOD016,STE019
ACGM035,EAM002,EMM022,EOW018,LAL020,LBI022,LDG008,LDG014,LPR012,LVE032,MYHI002,OCP002,OWA016,SEL020,SGM025,SMA025,SOD016,STE019
ACGM035,EMM022,EMM034,EOW018,ERO027,LAL020,LBI022,LDG008,LPL018,LPR012,LRE009,LVE032,MYSP002,OCP002,SCO021,SMA025,SOD016,STE019
ACGM035,ACHA006,EAM002,EMM022,EMM034,EOW018,LAL020,LBU011,LDG008,LPL018,LPR012,LVE032,MYLO001,SDD023,SEL020,SMA025,SOD016,SPL003
ACGM035,EAM002,EMM022,EMM034,LAL020,LBI022,LCA010,LDG008,LPR012,LTT023,OCP002,SBB018,SEL020,SGD003,SGM025,SMA025,SOD016,STE019
ACGM035,EAM002,EMM034,EOW018,LAL020,LBI022,LDG008,LPL018,LPR012,LVE004,LVE025,LVE032,OCP002,SEL020,SMA025,SOD016,SPP004,STE019
ACEM032,ACHA001,EAM002,EMM022,EMM034,EOW018,LAL020,LBI022,LDG008,LPL018,LPR012,LUN007,LVE032,OCP002,SEL020,SFO025,SOD016,STE019
ACEM032,ACFE025,EMM022,EMM034,EOW018,ERO001,LBI022,LCC019,LPL018,LPR012,LVE032,OCP002,ORE013,SEL014,SEL020,SMA025,SOD016,STE019
ACFF001,ACGM035,EMM022,EMM034,EOW018,ERO001,FSE003,LAL020,LBI022,LCR004,LDG008,LPL018,LPR012,LVE032,OCP002,SMA025,SOD016,STE019
ACEM032,ACGM035,EAM002,EMM022,EMM034,EWW030,LAL020,LBI022,LDG008,LPL018,LPR012,OCP002,SEL020,SGM025,SMA025,SOD016,STE019,SWA015
ACGM035,EMM022,EOW018,ERO027,LAL020,LBI022,LDG008,LPL018,LPR012,LRE009,LVE032,OCP002,SCO021,SEL020,SMA025,SOD016,SOD023,STE019
ACEM032,ACGM035,EMM022,EMM034,ERO001,LAL020,LBI022,LDG008,LPL018,LPR012,LVE032,OCP002,SEL014,SEL020,SMA025,SOD016,SPL010,SRR010
ACGM035,ACIM014,EAM002,EMM022,EOW018,LAL020,LBI022,LDG008,LPR012,LVE032,MYHI002,OCP002,OWA016,SGM025,SMA025,SNV009,SOD016,STE019
ACEM032,ACGM035,EMM022,EMM034,HEV004,LAL020,LBI022,LDG008,LPR012,LVE032,OCP002,SEL020,SMA025,SMW001,SOD016,SST003,STE019,SWA006
ACGM035,EAM002,EMM034,LAL020,LDG008,LPL018,LPR012,LTT023,MYSE004,OCP002,OMA004,SEL020,SGD003,SGM025,SMA025,SOD016,SSS009,STE019
ACGM035,EAM002,EMM022,EMM034,LAL020,LCA011,LDG008,LPL018,LPR012,MYSE004,OCP002,OMA004,SEL020,SGD003,SGM025,SMA025,SOD016,STE019
ACGM035,EMM022,EMM034,EOW018,ERO027,HEV007,LAL020,LBI022,LDG008,LPL018,LPR012,LVE032,OCP002,SCO021,SGM025,SMA025,SOD016,STE019
ACCU017,ACGM035,ACHA006,EAM002,EHC003,EJP012,EMM022,EMM023,LBU011,LDG008,LPR012,LVE032,PFF012,SEL020,SGM025,SMA025,SOD016,STE019
EAM002,EMM022,EMM034,EOW018,LAL020,LAL026,LBI022,LDG008,LPL018,LVE032,OCP002,OSH002,SEL020,SFO025,SGM025,SMA025,SOD016,STE019
ACGM035,EAM002,EMM022,EMM034,EOW018,LAL020,LDG008,LPL018,LPR012,LVE025,LVE032,OCP002,SEL020,SMA025,SOD016,SPL005,SPP004,STE019
ACGM035,EAM002,EMM022,EMM034,EOW018,LAL020,LBI022,LDG008,LPL018,LPR012,LVE025,LVE032,OCP002,SEL020,SMA025,SOD016,SPP004,STE019
