ACAM004,ACGM058,ERO004,LAL019,LBB006,LMC014,LPL027,LPR012,ODE022,PHE026,POM005,SBB018,SFN016,SFN021,SFO026,SMO002,SST018,SST031
ACAL004,ACAL005,ACGM031,ECF022,EJF018,EJP020,EWW020,LPL002,LRE018,LRE020,OCP013,PHE012,PIC001,PMO023,SAS023,SAS024,SBB012,SFO014
ACAM004,ACGM058,ERO004,EWW028,FHI002,LAL001,LBB006,LCA001,LMC014,LPR012,OFI001,PAN028,PCA029,SBB018,SFN016,SFO026,SMO002,SST031
ACGM031,ACGM036,ACGM050,ACSP003,ECF025,EDO017,EJF018,EJP019,LCC002,LPL002,LTT019,LTT021,PIC009,SAS019,SBB012,SFO014,SME012,SPI003
ACGM031,ACGM039,ACPP007,ECF025,EJF018,ERO041,EWW041,LCC002,LEV006,LPL002,LTT019,LUN014,OCE009,OSH011,PAN032,SBB012,SFO014,SPI003
ACGM020,ACGM031,ACGM039,ACPP007,ACWS009,ECF025,EHC005,EJF018,ERO041,LAL010,LCC002,LPL002,LTT019,LTT021,OCE009,OSH011,SBB012,SFO014
ACAM004,ACGM058,ERO004,EWW028,FHI002,LAL001,LBB006,LMC014,LPR012,OFI001,PAN006,PAN028,PCA029,SBB018,SFN016,SFO026,SMO002,SST031
ACFE015,ACGM036,ACGM039,ACPP007,ACSP003,ECF025,EJF018,ERO041,EWO006,LPL002,LTT021,LVE019,PIC009,SAS019,SBB012,SFO014,SPI003,SST003
ACGM020,ACGM031,ACPP007,ECF025,EJF018,ERO041,LCC002,LPL002,LTT019,LTT021,LVE008,LVE017,OCE009,PIC009,SBB012,SFO014,SMO008,SPI003
ACFE015,ACGM031,ACGM039,ACNO026,ACPP007,ECF025,ERO041,EWO013,LAL012,LCC002,LPL002,LTT019,LVE025,SAS019,SBB012,SFO014,SPI003,STR007
ACGM020,ACGM031,ACGM039,ACPP007,ECF025,EJF018,ERO041,LCC002,LPL002,LTT019,LTT021,LVE008,OCE009,PIC018,SBB012,SFO014,SMA007,SPI003
ACAL005,ACGM031,ACPP007,ECF022,EJF018,EOW009,LBI028,LPL002,LRE018,OCE009,OCP013,PHE012,PIC001,SAS016,SAS024,SFO014,SMA022,SMO021
ACAL005,ACGM031,ECF022,EJF018,EJP020,LPL002,LRE018,LRE020,OCE009,OCP013,PHE012,PIC001,PMO023,SAS023,SAS024,SBB012,SFO014,SWA017
ACGM020,ACGM031,ACGM039,ACPP007,ECF025,EJF018,ERO041,LAL010,LCC002,LPL002,LTT021,OCE009,OSH011,PAN006,POM005,SBB012,SFO014,SPI003
ACFE015,ACGM031,ACGM039,ACGM050,ACIM013,ACSP003,ACWS015,ECF025,EJF018,ERO024,ERO041,LCC002,LTT019,LTT021,PIC009,SBB012,SFO014,SPI003
ACEM012,ACGM020,ACGM031,ACGM039,ACPP007,ECF025,EJF018,ERO041,LPL002,LTT019,LTT021,LVE008,OCE009,OSH011,PIC009,SBB012,SDD020,SPI003
ACGD006,ACGM020,ACGM031,ACGM039,ACPP007,ECF025,EJF010,EJF018,ERO041,LCC002,LPL002,LTT019,LTT021,LUN014,POM011,SBB012,SFO014,SPI003
ACGM031,ACGM039,ACPP007,ECF025,EDO020,EJF018,ERO041,FSC004,LBU024,LPL002,LTT021,PIC009,SAS019,SBB012,SFO014,SNV024,SPI003,SST022
ACAM004,ERO004,EWW028,FHI002,LAL001,LBB006,LMC014,LPR012,OBI021,ODE022,OFI001,PAN028,PCA029,SBB018,SFN016,SFO026,SMO002,SST031
ACGM031,ACGM039,ACPP007,ECF025,EDO020,EJF018,ERO041,FSC004,LBU024,LPL002,LTT021,LVE023,OCE009,PIC009,SBB012,SFO014,SNV024,SPI003
ACGD006,ACGM020,ACGM031,ACGM039,ACPP007,ECF025,EJF010,EJF018,ERO041,LCC002,LPL002,LTT019,LTT021,OCE009,PCA037,SBB012,SFO014,SPI003
ACGM058,ERO004,EWW028,FHI002,LAL001,LBB006,LBB014,LMC014,LPL027,LPR012,LTT006,ODE022,PAN028,PMO005,SCO007,SFN016,SMO002,SST031
ACGM020,ACGM031,ACGM039,ACPP007,ECF025,ERO041,LCC002,LPL002,LTT019,LTT021,LVE008,OCE009,PCA034,PIC009,SBB012,SFO014,SMA007,SPI003
ACGM031,ACGM036,ACGM039,ACGM050,ACSP003,ECF025,EDO017,EJF018,LBI038,LCC002,LPL002,LTT019,LTT021,PIC009,SAS019,SBB012,SFO014,SPI003
ACGM020,ACGM031,ACGM039,ACPP007,ECF025,EJF018,ERO041,LAL010,LCC002,LPL002,LTT019,LTT021,OSH011,POM005,SBB012,SEL006,SFO014,SPI003
ACGD006,ACGM031,ACGM039,ACPP007,ACPP032,ECF025,EDO004,EJF018,LBU024,LPL002,LTT019,LTT021,OCE009,SAS019,SBB012,SFO014,SMA024,SNV024
ACGM039,ACPP007,ECF025,EEE003,EJF018,EMM035,ERO041,LMA035,LTT019,OCE009,ODE017,PIC009,PMO018,SAS016,SAS019,SBB012,SFO014,SPI003
ACGM020,ACGM031,ACGM039,ACPP007,ECF025,EJF018,ERO041,LAL010,LPL002,LTT019,LTT021,OCE009,OSH011,POM005,SBB012,SFO014,SOD018,SPI003
ACGM020,ACGM039,ACPP007,ECF025,EJF018,EMM035,ERO041,LMA035,LTT019,OCE009,ODE017,PIC009,PMO018,SAS016,SAS019,SBB012,SFO006,SPI003
ACAM004,ACGM058,ACHA010,ERO004,EWW028,FHI002,LAL001,LBB006,LMC014,LPR012,OFI001,PAN028,PCA029,SBB018,SFN016,SFO026,SMO002,SST031
ACGM020,ACGM031,ACGM039,ACPP007,EJF018,ERO041,LCC002,LPL002,LTT019,LTT021,LVE008,OCE009,PAN022,PIC009,SBB012,SFO014,SMA007,SPI003
ACFE015,ACFE028,ACGM031,ACGM039,ACPP007,ACSP003,ECF025,ERO041,LAL012,LCC002,LPL002,LTT019,LTT021,LVE025,OMA017,SAS019,SBB012,SPI003
ACAL005,ACAZ008,ACGM031,ACPP007,ECF022,EJF018,EOW009,LBI028,LPL002,LRE018,OCE009,OCP013,PFF008,PHE012,SAS016,SAS024,SFO014,SMA022
ACGM031,ACGM036,ACGM039,ACGM050,ACSP003,ECF025,EDO017,EJF018,EJP019,LCC002,LTT019,LTT021,PHE012,PIC009,SAS019,SBB012,SFO014,SPI003
ACFE015,ACGM031,ACGM039,ACPP007,ACSP003,ECF025,EPP013,ERO041,LAL012,LCC002,LPL002,LTT019,LTT021,LVE025,OMA017,SAS019,SBB012,SPI003
ACAZ008,ACGM031,ACPP007,ECF022,EJF018,EOW026,LBI028,LPL002,LRE018,OCE009,OCP013,PHE012,PIC008,SAS016,SAS024,SBB012,SFO014,SMA022
ACAM004,ACGM058,ERO004,EWW028,EWW035,LBB006,LMC014,LPL027,LPR012,ODE022,PHE026,POM005,SBB018,SFN016,SFO026,SMO002,SST018,SST031
ACAZ008,ACGM031,ACPP007,ECF022,EJF018,LBI028,LPL002,LRE018,OBI023,OCE009,OCP013,PHE012,PIC008,SAS016,SAS024,SBB012,SFO014,SMA022
ACGM020,ACGM039,ACPP007,ECF025,EJF018,EMM035,ERO041,LTT019,LVE011,OCE009,ODE017,PIC009,PMO018,SAS016,SAS019,SBB012,SFO014,SPI003
ACGM031,ACPP007,ECF025,EJF018,FSC004,LBU024,LPL002,LTT021,OCE009,ORE022,PIC009,PMO028,SAS019,SBB012,SFO014,SIW010,SNV024,SPI003
ACGM020,ACGM031,EJF018,EJP009,LPL002,LPL011,LTT019,LTT021,MYHI002,OCE009,SBB012,SEN004,SEN013,SFO005,SFO014,SNB011,SPI003,SSS002
ACGM031,ACGM039,ACPP007,ECF025,EDO020,EJF018,ERO041,FSC004,LBU024,LPL002,LTT021,OCE009,PIC009,SAS019,SBB012,SDD030,SFO014,SNV024
ACAL005,ACAZ008,ACGM031,ACPP007,EJF018,EOW009,LBI028,LDG024,LPL002,LRE018,OCE009,OCP013,PHE012,PIC001,SAS016,SAS024,SFO014,SMA022
ACFE015,ACGM031,ACGM039,ACPP007,ACSP003,ECF025,ERO041,LAL012,LCC002,LPL002,LTT019,LTT021,LVE025,OBI016,SAS019,SBB012,SFO014,SPI003
ACGM020,ACGM031,ACGM039,ACPP007,ECF025,EJF018,ERO041,ETT001,EWW041,LCC002,LEV006,LPL002,LTT019,OCE009,OSH011,SBB012,SFO014,SPI003
ACGD006,ACGM039,ACPP007,ECF025,EDO004,EJF018,LBU024,LCC002,LPL002,LTT019,LTT021,OCE009,PAN004,SAS019,SBB012,SFO014,SMA024,SNV024
ACGM020,ACGM031,ACGM039,ACWS009,ECF025,EJF018,ERO041,LAL010,LCC002,LPL002,LTT019,LTT021,OCE009,OSH011,OSH022,PIC009,SBB012,SFO014
ACGM031,ACGM039,ACWS003,ECF025,EDO020,EJF018,ERO041,FSC004,LBU024,LPL002,LTT021,OCE009,PIC009,SAS019,SBB012,SFO014,SNV024,SPI003
ACFE015,ACGM031,ACGM036,ACGM039,ACPP007,ACSP003,ACSP020,ECF025,EJF018,LCC002,LPL002,ORR007,PIC009,SAS019,SBB012,SFO014,SMW013,SPI003
ACFE015,ACGM031,ACGM036,ACGM039,ACGM050,ACSP003,ECF025,EJF018,EJP019,EMM032,LCC002,LPL002,LTT021,PIC009,SAS019,SBB012,SFO014,SPI003
